title,company,location,state,salary,job_type,url,scraped_at,required_certifications,desirable_certifications,experience_required,description
Painter Blaster,atTechforce Personnel Pty.,Perth WA,WA,Attractive Rates: Earn $65 to $70 per hour,Contract,https://www.seek.com.au/job/92693709?type=promoted&ref=search-standalone#sol=b1ecee588f67aed9425ab055046a6cfb0e316e6b,2026-06-22 08:01:10,N/A,N/A,N/A,N/A
Blaster Painters,atStella Industrial,"Kwinana Beach,Perth WA",WA,N/A,Contract,https://www.seek.com.au/job/92362699?type=promoted&ref=search-standalone#sol=b814ba3a93014c08a070096b87070092dce20808,2026-06-22 08:01:10,N/A,N/A,N/A,N/A
Blaster Painter,Listed four hours ago,Perth WA,WA,From $65.00 DS | $71.00 NS /hour,Casual,https://www.seek.com.au/job/92854409?type=standard&ref=search-standalone#sol=cb63d4191421bb73c76d5c402a4ba33c8da7c368,2026-06-22 08:01:10,N/A,N/A,N/A,N/A
Industrial Blaster/Painters | Shutdown's,Listed five days ago,Perth WA,WA,N/A,Contract,https://www.seek.com.au/job/92767914?type=standard&ref=search-standalone#sol=165fc6ec42eef3462eae7bba09079cf8730f8b42,2026-06-22 08:01:10,N/A,N/A,N/A,N/A
Industrial Painter/ Blaster,Listed two days ago,"Kalgoorlie,Kalgoorlie, Goldfields & Esperance WA",WA,$55 – $75 per hour,N/A,https://www.seek.com.au/job/92776161?type=standard&ref=search-standalone#sol=b0aa9c8d4b1ea8ec7b07a066041fe2e4fd2243f7,2026-06-22 08:01:10,N/A,N/A,N/A,N/A
Blaster Painter,Listed nine days ago,"Wedgefield,Port Hedland, Karratha & Pilbara WA",WA,$65 - $80,Casual,https://www.seek.com.au/job/92698608?type=standard&ref=search-standalone#sol=560ff98e51f4f347a5074ac6d32ed56b127b5890,2026-06-22 08:01:10,N/A,N/A,N/A,N/A
Painter Blasters - Shutdowns,Listed three days ago,Perth WA,WA,$65 – $78 per hour,Contract,https://www.seek.com.au/job/92822705?type=standard&ref=search-standalone#sol=93c829bc93d1911c63a4e297552892a1830a2b9e,2026-06-22 08:01:10,N/A,N/A,N/A,N/A
SHUTDOWN - Blaster/painters,Listed thirteen days ago,"Onslow,Port Hedland, Karratha & Pilbara WA",WA,$70 per hour,Contract,https://www.seek.com.au/job/92590961?type=standard&ref=search-standalone#sol=fdff421480b82c7428eb59f4d97c84f3cedd9da5,2026-06-22 08:01:10,N/A,N/A,N/A,N/A
Blaster/Painter,Listed five days ago,"Kalgoorlie,Kalgoorlie, Goldfields & Esperance WA",WA,N/A,Casual,https://www.seek.com.au/job/92765008?type=standard&ref=search-standalone#sol=93bd7a231be80ba1eeb11b19a9b85c1dd25de1ad,2026-06-22 08:01:10,N/A,N/A,N/A,N/A
Local Blaster/Painters,Listed five days ago,"Kalgoorlie,Kalgoorlie, Goldfields & Esperance WA",WA,N/A,Casual,https://www.seek.com.au/job/92759272?type=standard&ref=search-standalone#sol=e4c4d32c848b5a55511c7e8bc9bedc8a173ee1ce,2026-06-22 08:01:10,N/A,N/A,N/A,N/A
Industrial Blaster & Painter,Listed ten days ago,"Kalgoorlie,Kalgoorlie, Goldfields & Esperance WA",WA,$50 – $60 per hour,Casual,https://www.seek.com.au/job/92686750?type=standard&ref=search-standalone#sol=a90239f07a869ee63554324845c15399fec0c7b8,2026-06-22 08:01:10,N/A,N/A,N/A,N/A
Painter Blaster,Listed four days ago,Perth WA,WA,N/A,Casual,https://www.seek.com.au/job/92802058?type=standard&ref=search-standalone#sol=bcce1d669dc694a145a0c7796c23e51249e2beaf,2026-06-22 08:01:10,N/A,N/A,N/A,N/A
Painters & Blasters – Fixed Plant Maintenance & Shutdowns (WA),Listed five days ago,"Port Hedland,Port Hedland, Karratha & Pilbara WA",WA,$60-69,Contract,https://www.seek.com.au/job/92754541?type=standard&ref=search-standalone#sol=e53f541aa0dc4ea8682811cdb052faa9cd70bd61,2026-06-22 08:01:10,N/A,N/A,N/A,N/A
Painter Blaster,Listed nine days ago,Perth WA,WA,Attractive Rates: Earn $65 to $70 per hour,Contract,https://www.seek.com.au/job/92693709?type=standard&ref=search-standalone#sol=11c3dadc290df7328cedaab230103ac7817c4893,2026-06-22 08:01:10,N/A,N/A,N/A,N/A
Paint and Blaster,Listed nineteen days ago,Perth WA,WA,N/A,Casual,https://www.seek.com.au/job/92480395?type=standard&ref=search-standalone#sol=08418ff34777b08583157ecbe4cdf5086aef754d,2026-06-22 08:01:10,N/A,N/A,senior,"SRG Global is an ASX listed diversified infrastructure services company that was born out of Australia's greatest engineering challenge, the Snowy Mountains Hydro-electric Scheme, in 1961.Painter BlasterThe Role:In this role, you will carry out abrasive blasting and the application of protective coatings on structural steel and plant equipment, ensuring high-quality surface preparation and coating standards are met.3 Week Shutdown (Start: 01st July)10 Hour DaysAccommodation & Meals providedDays & Nights availableOngoing work across multiple sites after the shutdown both locally and regionalKey Responsibilities:Performing abrasive blasting and industrial painting to specificationApplying protective coatings using brush, roller, and spray methodsPreparing surfaces in line with coating and blasting standardsOperating and maintaining blasting and painting equipmentWorking safely at heights and in confined spacesFollowing site safety protocols, permits, and environmental controlsReading and interpreting job cards, data sheets, and work instructionsCompleting basic QA checks and reporting as requiredCollaborating with supervisors and trades across a high-performing teamAbout You - Successful Applicants Will Have:Minimum 3-5 years' trade experienceWorking at Heights certification (within the last 2 years)Confined Space Entry certification (within the last 2 years)High Risk Work Licences - LF and WP (desirable)Current driver's licenceAbility to pass pre-employment medical and site-ba"
Blaster Painters,Listed twenty six days ago,"Kwinana Beach,Perth WA",WA,N/A,Contract,https://www.seek.com.au/job/92362699?type=standard&ref=search-standalone#sol=76fb7a60583c81e8f65273c65a72c26acb497917,2026-06-22 08:01:10,N/A,N/A,N/A,N/A
Blaster Painter,Listed twelve days ago,"Karratha,Port Hedland, Karratha & Pilbara WA",WA,N/A,FIFO,https://www.seek.com.au/job/92625351?type=standard&ref=search-standalone#sol=d07c0367afa29cea0281216dc39087f8825aa511,2026-06-22 08:01:10,N/A,N/A,N/A,N/A
Painter Blasters - Local and FIFO Roles,Listed five days ago,Perth WA,WA,$60 – $75 per hour,Casual,https://www.seek.com.au/job/92285123?type=standard&ref=search-standalone#sol=80dbd3299685680f51100ebcfec718dd79d0497a,2026-06-22 08:01:10,N/A,N/A,N/A,N/A
Painter Blaster,Listed six days ago,"Kwinana Beach,Perth WA",WA,N/A,Casual,https://www.seek.com.au/job/92740747?type=standard&ref=search-standalone#sol=3859d81493f77536513cb61815b2d4b7695419eb,2026-06-22 08:01:10,N/A,N/A,N/A,N/A
Industrial Abrasive Blasters - Long-Term Industrial Work | Immediate Start,Listed five days ago,Perth WA,WA,N/A,Contract,https://www.seek.com.au/job/92767723?type=standard&ref=search-standalone#sol=e48414830cddbad9b12947224f4ef56a2f810454,2026-06-22 08:01:10,N/A,N/A,N/A,N/A
Painter Blaster,Listed seventeen days ago,"Kalgoorlie,Kalgoorlie, Goldfields & Esperance WA",WA,$68.00 / hour,Contract,https://www.seek.com.au/job/92537845?type=standard&ref=search-standalone#sol=64391b587f5f3a189cb184bebe3b2d075ee58038,2026-06-22 08:01:10,N/A,N/A,N/A,N/A
Painter Blasters | $65-70/hr | FIFO Regional WA | Long-Term Work,Listed twelve days ago,Perth WA,WA,$65 -70/hr + Superannuation,FIFO,https://www.seek.com.au/job/92623737?type=standard&ref=search-standalone#sol=fe21e86a6b22d6d867068798e33ab655003303eb,2026-06-22 08:01:10,N/A,N/A,N/A,N/A
Industrial Painter & Blaster,Listed seventeen days ago,"Wangara,Perth WA",WA,$35 - $50 depending on experience,N/A,https://www.seek.com.au/job/92546610?type=standard&ref=search-standalone#sol=4a6921dea8aa6b59bdf5334e8d29cb85450d27a3,2026-06-22 08:01:10,N/A,N/A,N/A,N/A
Painter Blasters,Listed six days ago,"Port Hedland,Karratha & Pilbara WA",WA,N/A,Contract,https://www.seek.com.au/job/92729439?type=standard&ref=search-standalone#sol=43cf3e32136745f4f6202ff8ca8e534e6a9da270,2026-06-22 08:01:10,N/A,N/A,N/A,N/A
Painter Blaster,Listed eighteen days ago,Perth WA,WA,N/A,Contract,https://www.seek.com.au/job/92491893?type=standard&ref=search-standalone#sol=771f3357a5e4e7cec8ec297ef12cff614fcaed7c,2026-06-22 08:01:10,N/A,N/A,N/A,N/A
Blaster Painter,Listed twelve days ago,"Karratha,Port Hedland, Karratha & Pilbara WA",WA,N/A,Casual,https://www.seek.com.au/job/92632911?type=standard&ref=search-standalone#sol=cbdd158f3dd1d4baec526e0ffccdedc379523228,2026-06-22 08:01:10,N/A,N/A,N/A,N/A
Painter Blasters & S26 Supervisors,Listed seventeen days ago,Perth WA,WA,N/A,Contract,https://www.seek.com.au/job/92547724?type=standard&ref=search-standalone#sol=a99bdbcfc94a1e6ebcc59944304c7c79c28fe816,2026-06-22 08:01:10,N/A,N/A,N/A,N/A
Painter Blaster | Perth Based | Start ASAP,Listed thirteen days ago,Perth WA,WA,$58 - $70 p/h Depending on Shift,Casual,https://www.seek.com.au/job/92592202?type=standard&ref=search-standalone#sol=ac2dc8d9f40ca35c1617c753e4218d77744b2a68,2026-06-22 08:01:10,N/A,N/A,N/A,N/A
Blaster Painter,Listed twenty three days ago,"Port Hedland,Port Hedland, Karratha & Pilbara WA",WA,N/A,Casual,https://www.seek.com.au/job/92413478?type=standard&ref=search-standalone#sol=ae0f419037e33c6fca21948a20e51b6680a0f996,2026-06-22 08:01:10,N/A,N/A,N/A,N/A
EOI - Painter Blasters (Trade Qualified),Listed twelve days ago,Perth WA,WA,N/A,Casual,https://www.seek.com.au/job/92627928?type=standard&ref=search-standalone#sol=5cd8e96daa710722f04583fc2bb81d5b1ebe402e,2026-06-22 08:01:10,N/A,N/A,N/A,N/A
Industrial Blasters / Industrial Painters / Trade Assistants & Steel Handlers,Listed twenty five days ago,"Kwinana Beach,Perth WA",WA,N/A,N/A,https://www.seek.com.au/job/92384030?type=standard&ref=search-standalone#sol=7a67811aedc09a3a7ca59de8fa6c4c39f2527217,2026-06-22 08:01:10,N/A,N/A,N/A,N/A
Painter Blasters- Shutdowns and Temp Rosters,Listed twelve days ago,Perth WA,WA,Up to $67.21 p.h.,Contract,https://www.seek.com.au/job/92608037?type=standard&ref=search-standalone#sol=93f1cc3667c963549ac7d68bd9aa08c93445a951,2026-06-22 08:01:10,N/A,N/A,N/A,N/A
Dozer Operators - Open Pit Production,atBig Yellow Mining,Perth WA,WA,$65 Per Hour + Super on all hours,FIFO,https://www.seek.com.au/job/92854874?type=promoted&ref=search-standalone#sol=515d783ae17ace40181ac9dc8466c4349db8ffed,2026-06-22 08:02:29,N/A,N/A,N/A,N/A
FIFO Dozer Operator,atTechforce Personnel Pty.,Perth WA,WA,N/A,Casual,https://www.seek.com.au/job/92830578?type=promoted&ref=search-standalone#sol=fe57983607f6abe7b33c0eec8dcd8283144213f9,2026-06-22 08:02:29,N/A,N/A,N/A,N/A
Dozer operators - FIFO,Listed three hours ago,Perth WA,WA,$81.60 per hour nightshift,FIFO,https://www.seek.com.au/job/92858571?type=standard&ref=search-standalone#sol=c5b29fbe7d295fbd5fdbc37e0ff8bd16bfc9729a,2026-06-22 08:02:29,N/A,N/A,N/A,N/A
Dozer Operators - Open Pit Production,Listed four hours ago,Perth WA,WA,$65 Per Hour + Super on all hours,FIFO,https://www.seek.com.au/job/92854874?type=standard&ref=search-standalone#sol=d508bfb92099db3fcebb49ba4bec86a2af61e232,2026-06-22 08:02:29,N/A,N/A,N/A,N/A
MULTIPLE ROLES - Dozer / Grader / Loader / Dump Truck / Water Cart,Listed seven hours ago,"Wiluna,Kalgoorlie, Goldfields & Esperance WA",WA,N/A,FIFO,https://www.seek.com.au/job/92849549?type=standard&ref=search-standalone#sol=bab1a38ee19fb8a9441c8e235b69f54472e4187d,2026-06-22 08:02:29,N/A,N/A,N/A,N/A
FIFO Dozer Operator,Listed two days ago,Perth WA,WA,N/A,Casual,https://www.seek.com.au/job/92830578?type=standard&ref=search-standalone#sol=162253c2198b4d3f1c03fb7ff2ffdef1d0857d22,2026-06-22 08:02:29,N/A,N/A,N/A,N/A
Excavator and Dozer Operators,Listed six days ago,Perth WA,WA,"Gold project mid-west WA, temp to perm, 2&1 FIFO Roster from Perth, $65-$68/hr, immediate start",Contract,https://www.seek.com.au/job/92750947?type=standard&ref=search-standalone#sol=8a419816aa17fa8aeca690e0a24fea601cc9ebc6,2026-06-22 08:02:29,N/A,N/A,N/A,N/A
"Experienced GPS Grader, GPS Dozer, Excavator, Loader Operators",Listed three days ago,Perth WA,WA,$60 – $80 per hour,N/A,https://www.seek.com.au/job/92815724?type=standard&ref=search-standalone#sol=97dfe6a48027db652cf641789424ff1488332381,2026-06-22 08:02:29,N/A,N/A,N/A,N/A
"Dozer Operators [CAT D10, D11] - FIFO 2:1",Listed six days ago,Perth WA,WA,$65 - $70/h,Casual,https://www.seek.com.au/job/92745529?type=standard&ref=search-standalone#sol=c9f6ea89198e873ab7b881c1387c99517bf18860,2026-06-22 08:02:29,N/A,N/A,N/A,N/A
Dozer Operator,Listed three days ago,"Kalgoorlie,Kalgoorlie, Goldfields & Esperance WA",WA,N/A,N/A,https://www.seek.com.au/job/92819332?type=standard&ref=search-standalone#sol=e34e10dfe0fd7a52336ebca9a7df952d14e98508,2026-06-22 08:02:29,N/A,N/A,N/A,N/A
10 x Dozer Operators - $65 Per Hour - New Iron Ore Project,Listed ten days ago,Perth WA,WA,$65 Per Hour + Super | Weekly Pay,Casual,https://www.seek.com.au/job/92679754?type=standard&ref=search-standalone#sol=843c2007b88635c90270c26b50c03563e791f40d,2026-06-22 08:02:29,N/A,N/A,N/A,N/A
Dozer / All Round Operators,Listed six days ago,Perth WA(Remote),WA,$60 -$75 p/h 12 hour days + $2.5k Sign on bonus,Contract,https://www.seek.com.au/job/92738091?type=standard&ref=search-standalone#sol=997e9e60575795d3b07996fcfd67bbb74adaaf80,2026-06-22 08:02:29,N/A,N/A,N/A,N/A
Dozer & Excavator Operators,Listed six days ago,"Kalgoorlie,Kalgoorlie, Goldfields & Esperance WA",WA,$65 per hour,Contract,https://www.seek.com.au/job/92747405?type=standard&ref=search-standalone#sol=179ecb77571a707a26356592c41f0d32804108d8,2026-06-22 08:02:29,N/A,N/A,N/A,N/A
5 x Civil Dozer Operators - $70 Per Hour - 2/2,Listed twenty three days ago,Perth WA,WA,$70 Per Hour | Weekly Pay,N/A,https://www.seek.com.au/job/92416926?type=standard&ref=search-standalone#sol=753573ad3d3123c4b5efcc689debb8fb354ed52a,2026-06-22 08:02:29,N/A,N/A,N/A,N/A
D11T Dozer Operators | Sino Iron Mine,Listed nineteen days ago,"Port Hedland,Karratha & Pilbara WA",WA,N/A,N/A,https://www.seek.com.au/job/92489117?type=standard&ref=search-standalone#sol=194645aeaff0c47e65895e25c86d78a927af9ff1,2026-06-22 08:02:29,N/A,N/A,N/A,N/A
"Grader, Dozer & All Rounder Operators - Peel Region",Listed three days ago,Perth WA,WA,Up to $70/hr for experienced all round operators,Casual,https://www.seek.com.au/job/92829971?type=standard&ref=search-standalone#sol=c8a5f5ad09f2fb06a20844cb7fc997595e7ec51c,2026-06-22 08:02:29,N/A,N/A,N/A,N/A
Mobile Plant Operators - Dozer & Excavator,Listed four days ago,Perth WA,WA,N/A,FIFO,https://www.seek.com.au/job/92788882?type=standard&ref=search-standalone#sol=d640bf7a432a57a4928132bd541c17d35ef212c6,2026-06-22 08:02:29,N/A,N/A,N/A,N/A
Dozer Operator,Listed seventeen days ago,Perth WA,WA,N/A,FIFO,https://www.seek.com.au/job/92537156?type=standard&ref=search-standalone#sol=751f896d911d6fc4320a30d4a82a33cf5cb95dd3,2026-06-22 08:02:29,N/A,N/A,N/A,N/A
20 x All Rounder / Loader / Dozer Operators - $67 Per Hour,Listed twenty five days ago,Perth WA,WA,$67 Per Hour + Super | Weekly Pay | 12 Hour Days,Casual,https://www.seek.com.au/job/92366532?type=standard&ref=search-standalone#sol=8da8e815a1a91a5bd7af580f98482d440468856c,2026-06-22 08:02:29,drivers_license|drug_alcohol_test,machinery_ticket|excavator_ticket,mid_level,"Loader / Dozer & All Rounder Operators (Production)FIFO Ex Perth - 2/1 - Days + Nights$67 Per Hour (12 Hour days PAID) + Super + Weekly PayMultiple Roles Available - Project Ramp UpFetch Mining Services are seeking experienced Production Loader / Dozer / All Rounder Operators for an established and rapidly growing mining operation with ASAP starts available. Join a leading mining contractor on a long-term project offering excellent pay rates, secure ongoing work, strong site culture and genuine career progression opportunities on offer.This is an opportunity to become part of a stable, high-performing crew on a well-run site with consistent work, quality leadership and long-term growth potential.The Details:Production Loader / Dozer / All Rounder roles operating 992 Loaders, D10/D11 Dozers$67 per Hour + Super + Weekly PayWell established Gold Mine ramping up production2/1 Roster (days + nights)FIFO Ex Perth - Virgin Flights straight to siteStart Dates commencing ASAP with flights on ThursdaysPermanency on offer after 3 monthsWhats On Offer:Long term secure work - you will be working on a well established mine with a long mine life andWork for an experienced and well respected leadership team that supports you and leads by exampleAutonomy on shift with trusted operatorsStrong team culture and comraderyJoin a crew with long term operators on site and minimal turn overStrong safety culture without unnecessary micro managementModern, well maintained machinery including 992 Loader"
20 x All Rounder Operators,Listed three days ago,Perth WA,WA,$65 Per Hour | 12.5 Hour Days Paid,Casual,https://www.seek.com.au/job/92829019?type=standard&ref=search-standalone#sol=154cb87e4fad72e59d637884b16f6303fb5f69e1,2026-06-22 08:02:29,N/A,N/A,N/A,N/A
Dozer Operators - FIFO,Listed twelve days ago,Perth WA,WA,N/A,FIFO,https://www.seek.com.au/job/92616481?type=standard&ref=search-standalone#sol=339a277dfcdb1ed6a0160c5b54d258ce24ab7412,2026-06-22 08:02:29,N/A,N/A,N/A,N/A
Dozer Operator,Listed eleven days ago,"Kalgoorlie,Kalgoorlie, Goldfields & Esperance WA",WA,N/A,FIFO,https://www.seek.com.au/job/92663061?type=standard&ref=search-standalone#sol=46c992108bf2cfa64b45501bb4ed39ecf3eca1c9,2026-06-22 08:02:29,N/A,N/A,N/A,N/A
Operator Dozer,Listed twenty seven days ago,"Laverton,Kalgoorlie, Goldfields & Esperance WA",WA,"$2500 sign on bonus, competitive rates and superannuation paid on all hours",N/A,https://www.seek.com.au/job/92318206?type=standard&ref=search-standalone#sol=83da87aa269caea933fc0e0b189311ba75aa41f7,2026-06-22 08:02:29,N/A,N/A,N/A,N/A
Dozer or Grader Operators - FIFO,Listed four days ago,Perth WA,WA,$50 – $60 per hour,FIFO,https://www.seek.com.au/job/92797794?type=standard&ref=search-standalone#sol=6ec1d6fd6a1f1833871eadcd7cc655534f154e07,2026-06-22 08:02:29,N/A,N/A,N/A,N/A
Final Trim Excavator & Dozer Operators,Listed fourteen days ago,Perth WA,WA,$65 - $70/hr + Super,Casual,https://www.seek.com.au/job/92572807?type=standard&ref=search-standalone#sol=241953a5b3f6c30c9f1d6726a7bc0ef6c3acadfa,2026-06-22 08:02:29,N/A,N/A,N/A,N/A
Excavator operator,Listed thirteen days ago,"Kalgoorlie,Kalgoorlie, Goldfields & Esperance WA",WA,$60 – $75 per hour,N/A,https://www.seek.com.au/job/92590641?type=standard&ref=search-standalone#sol=4819a7a8c942ac5febbd441eccc672477c03b1d8,2026-06-22 08:02:29,N/A,N/A,N/A,N/A
All Round Operator,Listed ten days ago,"Kalgoorlie,Kalgoorlie, Goldfields & Esperance WA",WA,$60 – $65 per hour,Casual,https://www.seek.com.au/job/92691798?type=standard&ref=search-standalone#sol=9c3081a19c11f1bb01e9150025688278ac947427,2026-06-22 08:02:29,N/A,N/A,N/A,N/A
FIFO - Dozer & Grader Operator,Listed twenty six days ago,Perth WA,WA,$62 – $65 per hour (Depending on experience),Casual,https://www.seek.com.au/job/92359008?type=standard&ref=search-standalone#sol=58c053acd5ba601b8120da3cf023780bcd1d3d7e,2026-06-22 08:02:29,N/A,N/A,N/A,N/A
Dozer/Grader Operator,Listed nine days ago,Perth WA,WA,$60-$65 per hour + 12% Super on ALL Hours,Contract,https://www.seek.com.au/job/92694570?type=standard&ref=search-standalone#sol=03dc99665ac9f705beba6b446dfebf50bf8543df,2026-06-22 08:02:29,N/A,N/A,N/A,N/A
Dozer Operator,Listed twelve days ago,Perth WA,WA,$74.43 – $81.67 per hour,Casual,https://www.seek.com.au/job/92200806?type=standard&ref=search-standalone#sol=4c1c2e24c5b49c43c2c82f0a114d5b9027932b1d,2026-06-22 08:02:29,N/A,N/A,N/A,N/A
Mobile Plant Operators,Listed three days ago,"Port Hedland,Karratha & Pilbara WA",WA,Excellent long term opportunities on various mobile plant. Pays rates (depending on machines) range from $57ph to $75ph,Contract,https://www.seek.com.au/job/92822708?type=standard&ref=search-standalone#sol=5b0e94589cabbf6a3d81342a86fdca85e65b660b,2026-06-22 08:02:29,N/A,N/A,N/A,N/A
Dozer Operator - Yilgarn 2/1,Listed seven days ago,Perth WA,WA,N/A,N/A,https://www.seek.com.au/job/92726891?type=standard&ref=search-standalone#sol=48dad3241a06dac63499aeeab8620473d892e31f,2026-06-22 08:02:29,N/A,N/A,N/A,N/A
50 x Mobile Plant Operators - Up To $80 Per Hour,50 x Mobile Plant Operators - Up To $80 Per Hour,Perth WA,WA,New + Established Sites | Rates Up To $80 Per Hour,Casual,https://www.seek.com.au/job/92770038?type=promoted&ref=search-standalone#sol=0b1138555b280b4180d72e59e978c7e15d0826a9,2026-06-22 12:20:09,N/A,N/A,N/A,N/A
Mobile Plant Operators - Brand New Gold Mine - Up To $70 Per Hour,Mobile Plant Operators - Brand New Gold Mine - Up To $70 Per Hour,Perth WA,WA,2/1 Roster | Days + Nights | ASAP Start | Up To $70 Per Hour,Casual,https://www.seek.com.au/job/92777781?type=promoted&ref=search-standalone#sol=ac7f6bfda23c42d7271dc5144a52bf187bccb67a,2026-06-22 12:20:09,N/A,N/A,N/A,N/A
Mobile Plant Operators - Brand New Gold Mine - Up To $70 Per Hour,Listed five days ago,Perth WA,WA,2/1 Roster | Days + Nights | ASAP Start | Up To $70 Per Hour,Casual,https://www.seek.com.au/job/92777781?type=standard&ref=search-standalone#sol=34ba5243fcbe51bc27d58fc6d4db4b2eb21b1fd3,2026-06-22 12:20:09,N/A,N/A,N/A,N/A
All Rounder Operators - 2/2 Roster - $70 Per Hour,Listed three hours ago,Perth WA,WA,Up To $70 Per Hour + Super | Weekly Pay | 12.5 Hour Days,Casual,https://www.seek.com.au/job/92866178?type=standard&ref=search-standalone#sol=858de4ef439122618faa831166ad97bbfff01543,2026-06-22 12:20:09,N/A,N/A,N/A,N/A
30 x Mobile Plant Operators - Iron Ore Mine - Up To $76 Per Hour,Listed three days ago,Perth WA,WA,$55 - $76 Per Hour | Casual OR Full Time Time Roles,Casual,https://www.seek.com.au/job/92825948?type=standard&ref=search-standalone#sol=e2274c1c8416a0227c9440d5d995a906a55f7ec2,2026-06-22 12:20:09,N/A,N/A,N/A,N/A
** 50x Mobile Plant Operators - Up To $75 Per Hour**,Listed ten days ago,Perth WA,WA,$55 - $75 PER HOUR + SUPER | 12.5 HOUR DAYS | WEEKLY PAY,Casual,https://www.seek.com.au/job/92687145?type=standard&ref=search-standalone#sol=c6958f8595d6358ccedf1d180f4f2ae96f7e6ee9,2026-06-22 12:20:09,drug_alcohol_test|machinery_ticket,N/A,entry_level,"Mobile Plant Operators (Production)FIFO Ex Perth | 2/1 Roster | Days & Nights$55 - $75 Per Hour + Super + Weekly PayMultiple Opportunities Available for Experienced OperatorsFetch Mining Services, a leading supplier of Blue Collar Operators and Mobile Maintenance personnel, has recently secured contracts to supply 50+ mining professionals across several new Gold and Mineral Sands operations throughout Western Australia.These opportunities offer long-term, secure employment with growing mining companies that provide excellent career progression while maintaining a close-knit team environment where your contribution is valued.If you're an experienced Production Operator looking for your next opportunity on a brand new mining project, we want to hear from you.The Opportunity:• Join brand new Gold and Mineral Sands mining projects across WA• FIFO from Perth on a 2/1 roster• Day and night shifts available• Production-focused mining roles• Work with established mining companies on new operations• Long-term ongoing work with permanent opportunities available after 3 months• Immediate starts available• Excellent camp facilities including quality accommodation and fully equipped gyms• In-house catering with high-quality meals provided• Short flight times from Perth direct to site• Career development and progression opportunitiesAvailable Positions:•Dump Truck Operator – $55 - $63 Per HourLoad and Haul operationsCAT 777, 785, 789 and 793 trucks•Loader Operator – $60 - $68 Per HourROM o"
50 x Mobile Plant Operators - Up To $80 Per Hour,Listed seventeen days ago,Perth WA,WA,Up To $75 Per Hour + Super | Long Term Roles,Casual,https://www.seek.com.au/job/92533765?type=standard&ref=search-standalone#sol=b5114fdae6b4557dc0a96c8644fd056a4ebd4ca0,2026-06-22 12:20:09,N/A,N/A,N/A,N/A
Experienced All Rounder,Listed four hours ago,"Kalgoorlie,Kalgoorlie, Goldfields & Esperance WA",WA,$55 – $80 per hour,Casual,https://www.seek.com.au/job/92410123?type=standard&ref=search-standalone#sol=a2f397db10ccb8769544d44be0d8ee6dd99d7172,2026-06-22 12:20:09,N/A,N/A,N/A,N/A
20 x All Rounder Operators,Listed three days ago,Perth WA,WA,$65 Per Hour | 12.5 Hour Days Paid,Casual,https://www.seek.com.au/job/92829019?type=standard&ref=search-standalone#sol=5c9f13a349cf4f342920eceb5d368cff8af6289c,2026-06-22 12:20:09,drivers_license|drug_alcohol_test,N/A,mid_level,"The Opportunity:Techforce Mining are seeking 5+ Production All Rounder Operators for a project ramp up for one of our key clients in the Goldfields commencing ASAPThis is a great opportunity to work or a large scale Gold/Iron Ore site - working with some of the largest equipment in mining on a brand new site with new equipment and great long term opportunity.Due to the pay rate and opportunity on offer - this will be a highly sought after role so experienced candidates are encouraged to apply ASAP.Production All Rounder OperatorsUp to $65 - $68 Per Hour + Super2/1 Roster - 12.5 Hour Days PaidOngoing long term secure role with permanency after 3 monthsLarge scale gold siteGreat culture and campMinimum 5 years' experience as a Production All RounderRequirements:Minimum 2 Years experience as a Production All Rounder Operator on the below(note we need either Dozer and Grader Exp)Dozers - D10, D11Graders - 16M/HOther VacanciesGrader OperatorsDump Truck OperatorsDozer OperatorsExcavator OperatorsSupervisorsAdditional RequirementsMust have a great attitude and willingness to learn and progressThe ability to pass a pre employment medical and drug & alcohol screenHave 2 recent contactable referencesCurrent Valid Drivers LicencePolice ClearanceAbility to start ASAPPlease send your update cv tofra•••@techforce.com.au"
50 x Mobile Plant Operators - Up To $80 Per Hour,Listed five days ago,Perth WA,WA,New + Established Sites | Rates Up To $80 Per Hour,Casual,https://www.seek.com.au/job/92770038?type=standard&ref=search-standalone#sol=0d00163b3c548acf54d19b6dfc15f4a7a5dd77d6,2026-06-22 12:20:09,N/A,N/A,N/A,N/A
All Rounder Operator - $2500 SIGN ON BONUS!,Listed twenty seven days ago,Perth WA,WA,Sign on Bonus of $2500!,FIFO,https://www.seek.com.au/job/92331313?type=standard&ref=search-standalone#sol=fa6f91a353d0ad4e630d5f00586e0a16bad1ced0,2026-06-22 12:20:09,N/A,N/A,N/A,N/A
20 x All Rounder Operators - BRAND NEW GOLD MINES - $65 - $68 Per Hour,Listed sixteen days ago,Perth WA,WA,$65 - $68 Per Hour + Super | Weekly Pay | 2/1 Rosters,Casual,https://www.seek.com.au/job/92557187?type=standard&ref=search-standalone#sol=f77a5a02d071f9611b83a825684fa9cb55b2d921,2026-06-22 12:20:09,N/A,N/A,N/A,N/A
50 x Dump Truck Operators - $55 - $58 Per Hour,Listed sixteen days ago,Perth WA,WA,$55 - $58 Per Hour + Super | Fast Mobilisation,Casual,https://www.seek.com.au/job/92557290?type=standard&ref=search-standalone#sol=66ede70aaab7608e73aa2f92fbadb0a9d45111ee,2026-06-22 12:20:09,N/A,N/A,N/A,N/A
$55 - $58 Per Hour Dump Truck Operators,Listed three days ago,Perth WA,WA,$55+ Per Hour + Super | Weekly Pay,Casual,https://www.seek.com.au/job/92826709?type=standard&ref=search-standalone#sol=cb97668a8f18deddbbb151609d1dcee4ad5bd1e5,2026-06-22 12:20:09,N/A,N/A,N/A,N/A
EOI Talent Community: Experienced Excavator & Ancil Mining Operators,Listed fourteen days ago,Perth WA,WA,N/A,N/A,https://www.seek.com.au/job/92568372?type=standard&ref=search-standalone#sol=4df92e8a8d284a05e8709b4aefa9c5f834da0cc5,2026-06-22 12:20:09,N/A,N/A,N/A,N/A
Dozer / All Round Operators,Listed six days ago,Perth WA(Remote),WA,$60 -$75 p/h 12 hour days + $2.5k Sign on bonus,Contract,https://www.seek.com.au/job/92738091?type=standard&ref=search-standalone#sol=a03224ebf4157413f49aec399ef381252b9b97e1,2026-06-22 12:20:09,N/A,N/A,N/A,N/A
All Round Machine Operators required for multiple sites,Listed twenty eight days ago,Perth WA,WA,$60 – $72 per hour,Casual,https://www.seek.com.au/job/92300954?type=standard&ref=search-standalone#sol=5de0bb668b04e8fbd31a559ef4cb203193eb82a1,2026-06-22 12:20:09,N/A,N/A,N/A,N/A
20 x Production Excavator Operators  $70 - $75 Per Hour,Listed fifteen days ago,Perth WA,WA,2/1 Rosters | $70 - $75 Per Hour | ASAP Starts,Casual,https://www.seek.com.au/job/92562485?type=standard&ref=search-standalone#sol=d124a0866ead85267ff3785d973e49c955c4c5ab,2026-06-22 12:20:09,N/A,N/A,N/A,N/A
Mobile Plant Operators,Listed three days ago,"Port Hedland,Karratha & Pilbara WA",WA,Excellent long term opportunities on various mobile plant. Pays rates (depending on machines) range from $57ph to $75ph,Contract,https://www.seek.com.au/job/92822708?type=standard&ref=search-standalone#sol=85fda33ca352e71de34b89d569d96413051e8472,2026-06-22 12:20:09,N/A,N/A,N/A,N/A
Civil All Round Operators | FIFO,Listed eleven hours ago,Perth WA,WA,N/A,Contract,https://www.seek.com.au/job/92849157?type=standard&ref=search-standalone#sol=9b2e539077a93d1db00b1f563196024ea2a3da33,2026-06-22 12:20:09,N/A,N/A,N/A,N/A
FIFO - Dump Truck Operator,Listed six hours ago,Perth WA,WA,$55 – $60 per hour,Casual,https://www.seek.com.au/job/92861050?type=standard&ref=search-standalone#sol=1114b60ac4a61b92c0259f3c867988049e6f972b,2026-06-22 12:20:09,N/A,N/A,N/A,N/A
MULTIPLE ROLES - Dozer / Grader / Loader / Dump Truck / Water Cart,Listed eleven hours ago,"Wiluna,Kalgoorlie, Goldfields & Esperance WA",WA,N/A,FIFO,https://www.seek.com.au/job/92849549?type=standard&ref=search-standalone#sol=101aeafe5b448a05d4483d2cee7ec664e7980c11,2026-06-22 12:20:09,N/A,N/A,N/A,N/A
Excavator Operator | 8/6 7/7 Roster | More newly-created Roles,Listed ten days ago,"Port Hedland,Port Hedland, Karratha & Pilbara WA",WA,N/A,FIFO,https://www.seek.com.au/job/92696917?type=standard&ref=search-standalone#sol=73fb28df462db348dbadab35a033e2db9ff78fe6,2026-06-22 12:20:09,N/A,N/A,N/A,N/A
Team Lead Load & Haul,Listed four days ago,Perth WA,WA,"Competitive salary incl. $15k site allowance, employee benefits + incentives",FIFO,https://www.seek.com.au/job/92799500?type=standard&ref=search-standalone#sol=6f44aa901b67bee541c4b65da07858c89c5a1ba4,2026-06-22 12:20:09,N/A,N/A,N/A,N/A
All Round Operator,Listed ten days ago,"Kalgoorlie,Kalgoorlie, Goldfields & Esperance WA",WA,$60 – $65 per hour,Casual,https://www.seek.com.au/job/92691798?type=standard&ref=search-standalone#sol=e6c8f4a4bfe2da81771bdda16b42cdb745950037,2026-06-22 12:20:09,N/A,N/A,N/A,N/A
Dozer Operators - Open Pit Production,Listed nine hours ago,Perth WA,WA,$65 Per Hour + Super on all hours,FIFO,https://www.seek.com.au/job/92854874?type=standard&ref=search-standalone#sol=4584b5947cf4ed7c140aea857eb1817a978d23e0,2026-06-22 12:20:09,N/A,N/A,N/A,N/A
Crushing Machine Operator,Listed four days ago,Perth WA,WA,$High Package + 10% Bonus + GU Health + Allowances,FIFO,https://www.seek.com.au/job/92792079?type=standard&ref=search-standalone#sol=40b305477c99db6d2070fd909297bc006e8eb2da,2026-06-22 12:20:09,N/A,N/A,N/A,N/A
Excavator and Dozer Operators,Listed six days ago,Perth WA,WA,"Gold project mid-west WA, temp to perm, 2&1 FIFO Roster from Perth, $65-$68/hr, immediate start",Contract,https://www.seek.com.au/job/92750947?type=standard&ref=search-standalone#sol=f2468b535b92b3c668025d2a25058a4215653bb0,2026-06-22 12:20:09,N/A,N/A,N/A,N/A
Loader Operator,Listed five hours ago,"Kalgoorlie,Kalgoorlie, Goldfields & Esperance WA",WA,$65 Per hour + super on all hours,Contract,https://www.seek.com.au/job/92862626?type=standard&ref=search-standalone#sol=384f80d340e4de49d2280cfe45781ea3d41035f2,2026-06-22 12:20:09,N/A,N/A,N/A,N/A
FIFO - Mobile Plant Operator,Listed twenty days ago,Perth WA,WA,$60 – $65 per hour (Based on experience),Casual,https://www.seek.com.au/job/92459949?type=standard&ref=search-standalone#sol=fc79c62c5a73d6608609e364f869c8cb1608d002,2026-06-22 12:20:09,N/A,N/A,N/A,N/A
All Rounder Operator,Listed fourteen days ago,Perth WA,WA,$2500 sign on bonus. Competitive rates and superannuation paid on all hours.,N/A,https://www.seek.com.au/job/92581300?type=standard&ref=search-standalone#sol=37f38e8e040aa69b7f8aea894594a9aa29291a73,2026-06-22 12:20:09,N/A,N/A,N/A,N/A
All Rounder,Listed seventeen days ago,Perth WA,WA,"$2,500 sign on bonus, full time and casual rates available",FIFO,https://www.seek.com.au/job/92547681?type=standard&ref=search-standalone#sol=b6dff5723ef7b256e60de1be2881445ac905f63a,2026-06-22 12:20:09,N/A,N/A,N/A,N/A
FIFO - Dump Truck Operator,FIFO - Dump Truck Operator,Perth WA,WA,$55 – $60 per hour,Casual,https://www.seek.com.au/job/92861050?type=promoted&ref=search-standalone#sol=f58fa1f6ee9ee89f651381e1450a4d532c4a5fad,2026-06-23 04:07:16,N/A,N/A,N/A,N/A
Concrete Agitator Driver - DIDO,Concrete Agitator Driver - DIDO,Perth WA,WA,N/A,Contract,https://www.seek.com.au/job/92884035?type=promoted&ref=search-standalone#sol=5b6b53d378b8cc188b3e5408c4b92fe00971fd24,2026-06-23 04:07:16,N/A,N/A,N/A,N/A
Experienced  Servicepersons | Heavy Mining Equipment,Listed fifty one minutes ago,"Perth Airport,Perth WA",WA,Up to $65 per hour,Casual,https://www.seek.com.au/job/92883245?type=standard&ref=search-standalone#sol=1f3a832a3b03330f6314edf344be4fe92a8bed12,2026-06-23 04:07:16,N/A,N/A,N/A,N/A
FIFO - Dump Truck Operator,Listed twenty two hours ago,Perth WA,WA,$55 – $60 per hour,Casual,https://www.seek.com.au/job/92861050?type=standard&ref=search-standalone#sol=66edef0b2ee4fd02ef252cc26f2a78990090b1d8,2026-06-23 04:07:16,N/A,N/A,N/A,N/A
"Dump Truck Operator - Pilbara, WA",Listed two hours ago,Perth WA,WA,N/A,Contract,https://www.seek.com.au/job/92879354?type=standard&ref=search-standalone#sol=a9171c8e80cd87e62542b116ceafb03afecaf672,2026-06-23 04:07:16,N/A,N/A,N/A,N/A
Entry Level Underground Truck Operator - Residential Kalgoorlie,Listed one hour ago,"Kalgoorlie,Kalgoorlie, Goldfields & Esperance WA",WA,N/A,N/A,https://www.seek.com.au/job/92881371?type=standard&ref=search-standalone#sol=a5756ea4fe971a304612f000e7505691a8eab7a0,2026-06-23 04:07:16,N/A,N/A,N/A,N/A
MC Drivers - Onslow FIFO,Listed four days ago,"Onslow,Port Hedland, Karratha & Pilbara WA",WA,Up to $172k package inc super + bonuses + benefits,Full-time,https://www.seek.com.au/job/92796576?type=standard&ref=search-standalone#sol=e66653295585696a8a0566be4cf143b4359bb9f2,2026-06-23 04:07:16,N/A,N/A,N/A,N/A
30 x Mobile Plant Operators - Iron Ore Mine - Up To $76 Per Hour,Listed three days ago,Perth WA,WA,$55 - $76 Per Hour | Casual OR Full Time Time Roles,Casual,https://www.seek.com.au/job/92825948?type=standard&ref=search-standalone#sol=a1e91ce6a89c4d37d50b2d7020cb5dc93ebed706,2026-06-23 04:07:16,N/A,N/A,N/A,N/A
Concrete Agitator Driver - DIDO,Listed thirty four minutes ago,Perth WA,WA,N/A,Contract,https://www.seek.com.au/job/92884035?type=standard&ref=search-standalone#sol=8c27164cdfc6e23d691d425ca9ad7fe6377ad933,2026-06-23 04:07:16,N/A,N/A,N/A,N/A
Haul Truck Operators - Sino Iron Mine,Listed thirteen days ago,Perth WA,WA,N/A,N/A,https://www.seek.com.au/job/92617678?type=standard&ref=search-standalone#sol=cf49461030ebfe49cd41008c6b46b9a0c3218a21,2026-06-23 04:07:16,N/A,N/A,N/A,N/A
Mobile Plant Operators - Brand New Gold Mine - Up To $70 Per Hour,Listed five days ago,Perth WA,WA,2/1 Roster | Days + Nights | ASAP Start | Up To $70 Per Hour,Casual,https://www.seek.com.au/job/92777781?type=standard&ref=search-standalone#sol=4eee71264eb4d90ae9c4f7acbb75e49839787955,2026-06-23 04:07:16,N/A,N/A,N/A,N/A
Dump Truck Operator,Listed fourteen days ago,Perth WA,WA,N/A,N/A,https://www.seek.com.au/job/92574321?type=standard&ref=search-standalone#sol=7c51293e52bd99ca1a062912bb683435ad15535c,2026-06-23 04:07:16,N/A,N/A,senior,"Gold Fields Group Services (Pty) Ltd4 days, 4 nights, 6 off roster | Residential in Kambalda/KalgoorlieOperate large-scale surface haul trucks in a high-performing mine siteSurface mining haul truck experience essentialThe Opportunity:Join our Surface Mining Production team where you'll safely haul ore, meet production targets and contribute to a strong safety-first culture.Up to six months' free, company-provided accommodation may be available for eligible candidates from under-represented groups (for example, women in mining and Indigenous Australians) relocating to Kambalda for permanent roles. Accommodation includes basic furnishings and utilities and is subject to availability and housing policy, with support available to assist with transitioning to a lease after the initial six-month period. Eligibility and final terms will be discussed during the recruitment process.Why Join Gold Fields?Permanent role with a leading gold producer6% site allowance and quarterly bonus up to 10% annuallyMonthly private health allowanceMinimum of 5 weeks annual leave, dependent on rosterRelocation support offered$10K employee referral bonusSkills & QualificationsCurrent manual driver's licenceExperience operating surface mining haul trucks is essentialAbout the RoleSafely load, haul and dump ore to planMeet production targets and cycle timesFollow site procedures and safety standardsWork collaboratively within the production teamAbout Gold FieldsAt Gold Fields, we're proud to be one of th"
Final trim - Excavator Operator (2/1 FIFO),Listed thirteen minutes ago,Perth WA,WA,N/A,FIFO,https://www.seek.com.au/job/92884836?type=standard&ref=search-standalone#sol=f5b1df5786e7ec1427d386cc15f284c7c77e2e51,2026-06-23 04:07:16,N/A,N/A,N/A,N/A
General Expressions of Interest - Dump Truck Operators,Listed one day ago,Perth WA,WA,N/A,FIFO,https://www.seek.com.au/job/92850179?type=standard&ref=search-standalone#sol=fddd9187af4b316a5edf1d127b18271729ab69ac,2026-06-23 04:07:16,N/A,N/A,N/A,N/A
MULTIPLE ROLES - Dozer / Grader / Loader / Dump Truck / Water Cart,Listed one day ago,"Wiluna,Kalgoorlie, Goldfields & Esperance WA",WA,N/A,FIFO,https://www.seek.com.au/job/92849549?type=standard&ref=search-standalone#sol=84aa3e0bbe8bac53f6c29daccc628731f942c1f3,2026-06-23 04:07:16,N/A,N/A,N/A,N/A
Truck Driver (CV),Listed twenty four minutes ago,"Wattleup,Perth WA",WA,$42 – $45 per hour,N/A,https://www.seek.com.au/job/92884474?type=standard&ref=search-standalone#sol=c9106b9548012aaf4f086267ffb534b40755a180,2026-06-23 04:07:16,N/A,N/A,N/A,N/A
Supply Base Operator / HR Driver,Listed three hours ago,"Welshpool,Perth WA",WA,N/A,N/A,https://www.seek.com.au/job/92877618?type=standard&ref=search-standalone#sol=d6b78fcd0c22b12b7da3e7833e0df26ec7cff3bf,2026-06-23 04:07:16,N/A,N/A,N/A,N/A
Grader Operators,Listed one hour ago,"Telfer,Port Hedland, Karratha & Pilbara WA",WA,N/A,Contract,https://www.seek.com.au/job/92880701?type=standard&ref=search-standalone#sol=e5fb127f9ab9a7a33097bead74d2249d2ef90c50,2026-06-23 04:07:16,drug_alcohol_test|heavy_vehicle_license,machinery_ticket,mid_level,"Are you an experienced grader operator, looking for a tight knit and friendly team to join? Hit ‘APPLY’!About usCardinal Contractorsare a locally owned and operated rehabilitation and civil earthworks company, experienced with planning and executing exceptional work for some of the world’s largest resource companies since 1962. Their attention to detail and positive work ethic enables them to deliver their expertise throughout Western Australia, including significant operations in the Northern Goldfields and South West.The roleDay Shift ONLY2:1 rosterFull time positionMaintenance contractWe are currently looking for experienced maintenance Grader Operators to join our team.These positions will be basedat our Telfer Site, FIFO ex Perth.About youPrevious mining and/or civil experienceExperience operating John Deere and Caterpillar gradersMust have relevant Licenses and Tickets, including HC and/or HR LicenseExperience operating multiple heavy plant machinery (i.e. moxy, loader, watercart, roller etc) -desirableGood eye for detailKnowledge and practical application of Workplace OH&SMust be a team playerGood written and oral communication skillsAbility to pass mine site medicals and drug and alcohol testingCurrent National Police Clearance (obtained within the last 12 months)Must be living in Western AustraliaNext StepIf you believe your qualifications align with the requirements outlined above, we encourage you to submit your CV through SEEK."
Final Trim Operator (GPS experience required),Listed twenty three hours ago,Perth WA,WA,$60 per hour,Contract,https://www.seek.com.au/job/92858246?type=standard&ref=search-standalone#sol=3b2af6d13e46d02209038ea9fec16259d6bb0e62,2026-06-23 04:07:16,white_card|drug_alcohol_test|forklift_license|machinery_ticket,N/A,mid_level,"KHG Contractingis seeking and experienced Final Trim Operator (GPS experience required) for upcoming projects in Sino Iron, WAAbout the RoleThe role involves excavation, trenching and backfilling works for a new Tailings Storage Facility (TSF) project, operating GPS-equipped excavators to achieve required design levels and specifications.8/6 roster. Dayshift onlyRole includes operating Excavator, Forklift, IT LoaderAbout YouBulk earthworks operationsValid Excavator Operator TicketCurrent HR Driver's LicenceCurrent Forklift LicenceCurrent IT Loader TicketProven experience operating GPS machine guidance systemsExcavation, trenching and backfilling activitiesExperience working on mining, tailings dam, civil construction or infrastructure projectsAbility to read and follow construction drawings and GPS design modelsCurrent and relevant machinery tickets and VOCsAbility to work on an 8/6 rosterStrong commitment to safety and quality workmanshipConstruction White CardAbility to pass pre-employment medical and drug & alcohol screeningIf you're an experienced Final Trim GPS Operator looking to be considered for upcoming opportunities with KHG Contracting, we would love to hear from you.Apply now or email your resume torec••••••••@khgwa.com.au."
Production Dump Truck Operator,Listed three days ago,Perth WA,WA,N/A,Casual,https://www.seek.com.au/job/92830495?type=standard&ref=search-standalone#sol=a46d034ad60a8d807d2ec816982ee57902a061c1,2026-06-23 04:07:16,N/A,N/A,N/A,N/A
Shore Officer - Heavy,Listed one day ago,Perth WA,WA,N/A,FIFO,https://www.seek.com.au/job/92854761?type=standard&ref=search-standalone#sol=7508f5473cfb92c03ea875316756d2250622b10a,2026-06-23 04:07:16,drug_alcohol_test|forklift_license|heavy_vehicle_license,forklift_license|machinery_ticket,N/A,"About the roleThe primary purpose of the Shore Operations Officer – Heavy is to provide support to Barrow Island’s heavy machinery operations through the operation and maintenance of MHE and heavy vehicles, as well as assist in the day-to-day operational needs of the site in a safe and efficient manner.Roster:14 on / 14 offPoint of hire:PerthSPECIFIC RESPONSIBILITIESEfficient operation of Reach Stacker, Side loader trailers (including rigging duties where required), MHE (various sizes 2 tonne Forklift, Telehandlers up to 45 tonne reach stacker) and heavy vehiclesEnsure all operations are carried out as per the Chevron Quarantine Management Plan specific to siteEnsure compliance with all safety, fatigue, heavy vehicle guidelines and any other relevant policies and procedures whilst carrying out tasksHandling of large (bulky and over length) industrial equipment and goods (including DG) using appropriate MHE & PPECorrect operation, maintenance and use of company vehicles and yard / warehouse equipment including hand trolleys, air compressors, high pressure water cleaners, loading ramps, etc.Loading and unloading of light and heavy vehiclesLashing / unlashing of loads on vehicles and in containersSorting and organisation of Customer goodsStuffing / de-stuffing containersGeneral Yard Duties (as required)Tally and reconciliation of material against con notes, manifests, packing lists, stock count sheets, etc.Assisting the broader supply chain team with coordination of company and "
Watercart Operator,Listed two hours ago,"Corrigin,Northam & Wheatbelt WA",WA,N/A,Casual,https://www.seek.com.au/job/92879151?type=standard&ref=search-standalone#sol=23361c914979f5c7180bab5ae1f4b4178b192407,2026-06-23 04:07:16,N/A,N/A,N/A,N/A
Underground Agitator Operator,Listed one hour ago,Perth WA,WA,$55 - $60 p.h. + Super on all hours,Contract,https://www.seek.com.au/job/92881062?type=standard&ref=search-standalone#sol=a5c9eae53263508a18779d6b89f005aae3a180a9,2026-06-23 04:07:16,N/A,N/A,N/A,N/A
50 x Mobile Plant Operators - Up To $80 Per Hour,Listed eighteen days ago,Perth WA,WA,Up To $75 Per Hour + Super | Long Term Roles,Casual,https://www.seek.com.au/job/92533765?type=standard&ref=search-standalone#sol=444f7f41363434b55609bbc29931ab32cf660be5,2026-06-23 04:07:16,N/A,N/A,N/A,N/A
Multi-Skilled Plant Operator,Listed twenty one hours ago,"Broome,Broome & Kimberley WA",WA,$60 - $70 per hour,Casual,https://www.seek.com.au/job/92862363?type=standard&ref=search-standalone#sol=ceef0715655c8026bc32624528fa50416aa3c64f,2026-06-23 04:07:16,N/A,N/A,N/A,N/A
Multiskilled Operator,Listed twenty four days ago,"Kalgoorlie,Kalgoorlie, Goldfields & Esperance WA",WA,N/A,Full-time,https://www.seek.com.au/job/92413545?type=standard&ref=search-standalone#sol=8ff28bd0e5b9979c8742999ac2933678ad147db9,2026-06-23 04:07:16,N/A,N/A,N/A,N/A
All Rounder Operator | Excavator & Loader With MC,Listed three days ago,Perth WA,WA,N/A,Contract,https://www.seek.com.au/job/92829605?type=standard&ref=search-standalone#sol=e3d8fdc44cd2dafb7d3a0fcd550bfa6d5bbda889,2026-06-23 04:07:16,N/A,N/A,N/A,N/A
Site Supervisor (S26) -Bulk Haulage - 2/1 - Interstate & International Flights,Listed one day ago,Perth WA,WA,N/A,N/A,https://www.seek.com.au/job/92847315?type=standard&ref=search-standalone#sol=e2e4ea63268ad2263511ee5f10ded05d14e10f38,2026-06-23 04:07:16,N/A,N/A,N/A,N/A
$55 - $58 Per Hour Dump Truck Operators,Listed three days ago,Perth WA,WA,$55+ Per Hour + Super | Weekly Pay,Casual,https://www.seek.com.au/job/92826709?type=standard&ref=search-standalone#sol=65c394fd71e8dec08f9f18d71a1973dc6644992e,2026-06-23 04:07:16,N/A,N/A,N/A,N/A
Trade Assistant,Listed two hours ago,Perth WA,WA,N/A,FIFO,https://www.seek.com.au/job/92877950?type=standard&ref=search-standalone#sol=81c2845883dffede6a619ca269eb82a88faac89f,2026-06-23 04:07:16,N/A,N/A,N/A,N/A
MC Quad Road Train Operator - McPhee Creek,Listed seventeen days ago,Perth WA,WA,N/A,FIFO,https://www.seek.com.au/job/92540487?type=standard&ref=search-standalone#sol=5e915378670f63cc2566360f8891c5345d27a6d7,2026-06-23 04:07:16,N/A,N/A,N/A,N/A
MC Truck Driver - End Tipper Road Trains,Listed three hours ago,atWA Limestone,WA,N/A,N/A,https://www.seek.com.au/job/92877002?type=standard&ref=search-standalone#sol=c373c18bf251939b54d644575729bffe4f8e7584,2026-06-23 04:07:16,N/A,N/A,N/A,N/A
Tanker driver,Tanker driver,"Wattleup,Perth WA",WA,$45 per hour + Penalties,N/A,https://www.seek.com.au/job/92873864?type=promoted&ref=search-standalone#sol=8432af8b3dfed097e528f4e456113a7e50c148cf,2026-06-24 09:44:01,N/A,N/A,N/A,N/A
Truck driver/operator,atWaste equipment solutions,"Bayswater,Perth WA(Remote)",WA,$35 per hour,N/A,https://www.seek.com.au/job/92911060?type=promoted&ref=search-standalone#sol=e07b0ceee21f717c41b292162a1c60cacbcdee7e,2026-06-24 09:44:01,N/A,N/A,N/A,N/A
HC/MC/Class 5 Driver – Hope Valley - Home Every Night - Full-Time,Listed seven hours ago,"Hope Valley,Perth WA",WA,N/A,N/A,https://www.seek.com.au/job/84746741?type=standard&ref=search-standalone#sol=6fc4502c8d70451d5dfdab92cde44ece72dd8a1a,2026-06-24 09:44:01,drug_alcohol_test|heavy_vehicle_license,N/A,N/A,"HC/MC/Class 5 Truck Driver18 Speed Road Ranger Driver ONLYHome Every NightCome and join Marley’s Transport – the agricultural transporters·        Base Location: Hope Valley WA·         Highly maintained trucks·         Plenty of overtime and allowances·         No long haulThe Company:Marley’s Transport is a family-owned company with over 55 years of operations.  We have a large well maintained fleet carting bulk grain, stock feed and livestock operating throughout the South of Western Australia.  We at Marley’s pride ourselves as an engaging family-orientated work environment and our employees are valued and appreciated for their contribution to our company’s success.The Role:The successful driver will be required to safely operate a heavy vehicle and combinations in accordance with all National and State Road Laws, Regulations and Codes of Practice.  You will be required to work seamlessly within a team environment utilising your personal skills, as well as the ability to follow and comply with company Policies and Procedures.  The position is full-time with leave accruals and public holidays paid from day one, giving you extra security.What we are looking for:·        Dedication to achieving high standards of safety compliance·         Proven ability to be reliable and punctual·         A positive “Can do” attitude·         Ability to communicate well and perform as part of a team·         Drivers to work a variety of shifts to ensure our customers’ needs are metJob Requi"
Truck driver/operator,Listed six hours ago,"Bayswater,Perth WA(Remote)",WA,$35 per hour,N/A,https://www.seek.com.au/job/92911060?type=standard&ref=search-standalone#sol=eaa65fc382fa5c4a9c45c51d037f7c8acb541086,2026-06-24 09:44:01,N/A,N/A,N/A,N/A
Tanker driver,Listed one day ago,"Wattleup,Perth WA",WA,$45 per hour + Penalties,N/A,https://www.seek.com.au/job/92873864?type=standard&ref=search-standalone#sol=8066d46f6916fa2543558fe540629ac8a878e8fb,2026-06-24 09:44:01,N/A,N/A,N/A,N/A
MC Linehaul Truck Driver,Listed one day ago,"High Wycombe,Perth WA",WA,N/A,N/A,https://www.seek.com.au/job/92880386?type=standard&ref=search-standalone#sol=a18670ceed83676c061b3cc9988f59863bc6145d,2026-06-24 09:44:01,N/A,N/A,N/A,N/A
Experienced Truck Driver – Oversize & Regional Deliveries,Listed fourteen days ago,"Canning Vale,Perth WA",WA,$45.50 per hour,Casual,https://www.seek.com.au/job/92633171?type=standard&ref=search-standalone#sol=2deea376594bdd3c749425dd0b6a48d254194d04,2026-06-24 09:44:01,N/A,N/A,N/A,N/A
Truck Driver (CV),Listed one day ago,"Wattleup,Perth WA",WA,$42 – $45 per hour,N/A,https://www.seek.com.au/job/92884474?type=standard&ref=search-standalone#sol=a684a8bfdbf371dc0f829ddc17c723448817973a,2026-06-24 09:44:01,N/A,N/A,N/A,N/A
Truck Drivers - Multiple Vacancies!,Listed one day ago,Perth WA,WA,N/A,N/A,https://www.seek.com.au/job/92885305?type=standard&ref=search-standalone#sol=b164b93a561b7c0c855a63012da3d7de59a2c8e9,2026-06-24 09:44:01,N/A,N/A,N/A,N/A
Truck Driver - Hiring Now,Listed eight days ago,"Perth Airport,Perth WA",WA,"Bring Ya Mate & earn up to $1,000 through Centurion’s referral program",N/A,https://www.seek.com.au/job/92739991?type=standard&ref=search-standalone#sol=976b7b534537e42e198c625058eb5b6da2dd237e,2026-06-24 09:44:01,N/A,N/A,N/A,N/A
MC / Truck Driver,Listed two days ago,Perth WA,WA,$49 – $55 per hour,Contract,https://www.seek.com.au/job/92362934?type=standard&ref=search-standalone#sol=feb4d31f191ce319651ffc2eedd60fccf7da6d69,2026-06-24 09:44:01,N/A,N/A,N/A,N/A
Truck Driver,Listed four hours ago,"Bullsbrook,Perth WA",WA,$31 – $39 per hour,N/A,https://www.seek.com.au/job/92913911?type=standard&ref=search-standalone#sol=56019c3a8342d4fa9780357d003c8d4d6cc26802,2026-06-24 09:44:01,N/A,N/A,N/A,N/A
HC Truck Driver,Listed two days ago,"High Wycombe,Perth WA",WA,$35 – $40 per hour,N/A,https://www.seek.com.au/job/92863266?type=standard&ref=search-standalone#sol=0daed18b4b5a00ea19d3bf3d6d2802f960129200,2026-06-24 09:44:01,N/A,N/A,N/A,N/A
HC Driver,Listed one day ago,"Kewdale,Perth WA",WA,$35.71ph +15% Super,N/A,https://www.seek.com.au/job/92885919?type=standard&ref=search-standalone#sol=3bcab2aa51f3baab60d987b62225ad5a54e0e7a1,2026-06-24 09:44:01,N/A,N/A,N/A,N/A
Drivers (HC or MC) metro,Listed two days ago,"Hazelmere,Perth WA",WA,N/A,N/A,https://www.seek.com.au/job/92860333?type=standard&ref=search-standalone#sol=c79fba39c526f2edb89f1430cddd34eacf59e00c,2026-06-24 09:44:01,N/A,N/A,N/A,N/A
Transport Driver,Listed four hours ago,"Wangara,Perth WA",WA,N/A,Casual,https://www.seek.com.au/job/92913907?type=standard&ref=search-standalone#sol=2e1de3f36d3c3bd63258ab0f4f039cfd9b18088d,2026-06-24 09:44:01,N/A,N/A,N/A,N/A
HR Delivery Driver,Listed two days ago,"Henderson,Perth WA",WA,N/A,N/A,https://www.seek.com.au/job/92864517?type=standard&ref=search-standalone#sol=9a96699cd4042e72e81ee750fc01da7b8c083dc4,2026-06-24 09:44:01,N/A,N/A,N/A,N/A
Truck Driver,Listed twelve days ago,"Kwinana Beach,Perth WA",WA,N/A,N/A,https://www.seek.com.au/job/92679261?type=standard&ref=search-standalone#sol=6e7bfeea577ed9a5c55aa257c0b15bcf41f619f6,2026-06-24 09:44:01,N/A,N/A,N/A,N/A
MC Truck Driver,Listed two days ago,"Karratha,Port Hedland, Karratha & Pilbara WA",WA,$58,Casual,https://www.seek.com.au/job/92866710?type=standard&ref=search-standalone#sol=9a27cb91cfd201945855de20914c61a4a6ac85b5,2026-06-24 09:44:01,N/A,N/A,N/A,N/A
Night Shift Drivers Required!,Listed one day ago,"Bibra Lake,Perth WA",WA,$43.35 – $81.25 per hour,Casual,https://www.seek.com.au/job/92885185?type=standard&ref=search-standalone#sol=0ad156e3bd9b11797d5fd3c1abf3df2d9350470f,2026-06-24 09:44:01,N/A,N/A,N/A,N/A
Driver,Listed seven hours ago,"Malaga,Perth WA",WA,N/A,N/A,https://www.seek.com.au/job/92906686?type=standard&ref=search-standalone#sol=722146e27b497cb7edbe1b6d616d79edd7562ef0,2026-06-24 09:44:01,N/A,N/A,N/A,N/A
Multi Combination Truck Drivers,Listed two days ago,Perth WA,WA,N/A,Full-time,https://www.seek.com.au/job/92847153?type=standard&ref=search-standalone#sol=fa9b5ab2700578c02b01590f7060cfcdf75022e3,2026-06-24 09:44:01,N/A,N/A,N/A,N/A
HR Driver – Unrestricted HR Licence,Listed one day ago,"Forrestfield,Perth WA",WA,N/A,N/A,https://www.seek.com.au/job/92878069?type=standard&ref=search-standalone#sol=524087938e005afca2ba0409888b88ce8da89cfd,2026-06-24 09:44:01,N/A,N/A,N/A,N/A
Truck Driver,Listed one day ago,"Broome,Broome & Kimberley WA",WA,N/A,N/A,https://www.seek.com.au/job/92880590?type=standard&ref=search-standalone#sol=992020dc2c782e30aa4fc087431a0d61734669b8,2026-06-24 09:44:01,N/A,N/A,N/A,N/A
Low Loader Driver,Listed one day ago,"Armadale,Perth WA",WA,$50 – $55 per hour,Contract,https://www.seek.com.au/job/92894042?type=standard&ref=search-standalone#sol=a3d15b5bce99ef6476149a0f7ada808c080def3a,2026-06-24 09:44:01,N/A,N/A,N/A,N/A
Low Loader Driver,Listed one day ago,"Armadale,Perth WA",WA,$50 – $55 per hour,Contract,https://www.seek.com.au/job/92894173?type=standard&ref=search-standalone#sol=6549d6b1d81e6178cf2e331bf4f12692275213cb,2026-06-24 09:44:01,N/A,N/A,N/A,N/A
Tug Truck Driver,Listed seven hours ago,"Canning Vale,Perth WA",WA,$33 – $35 per hour,Full-time,https://www.seek.com.au/job/92907251?type=standard&ref=search-standalone#sol=3067274eba002bd95d88744f4eeb100fd6aff474,2026-06-24 09:44:01,N/A,N/A,N/A,N/A
Truck Driver / Offsider - Full Time,Listed eight days ago,"Canning Vale,Perth WA",WA,N/A,N/A,https://www.seek.com.au/job/92750716?type=standard&ref=search-standalone#sol=7d86f9fdf9b0419152ed6ee22a5f9e43a8a698ae,2026-06-24 09:44:01,N/A,N/A,N/A,N/A
MR / HR TRUCK DRIVER,Listed one day ago,atWA Direct Plasterboard,WA,$31 – $36 per hour,N/A,https://www.seek.com.au/job/92879888?type=standard&ref=search-standalone#sol=d8dc4359f643603774a16be674404e5bcdb3253e,2026-06-24 09:44:01,N/A,N/A,N/A,N/A
MC Tanker Driver,Listed eight days ago,"Port Hedland,Port Hedland, Karratha & Pilbara WA",WA,$53 per hour,N/A,https://www.seek.com.au/job/92738084?type=standard&ref=search-standalone#sol=073682b61900526b9da63e438ea3a04be815c484,2026-06-24 09:44:01,N/A,N/A,N/A,N/A
MC Road Train Driver,Listed two days ago,Perth WA,WA,$40 – $50 per hour,Casual,https://www.seek.com.au/job/92855150?type=standard&ref=search-standalone#sol=d00185375d705c118c6f0531f63169eec21d558d,2026-06-24 09:44:01,N/A,N/A,N/A,N/A
MC Driver - IMMEDIATE START,Listed three hours ago,"Telfer,Port Hedland, Karratha & Pilbara WA",WA,N/A,Contract,https://www.seek.com.au/job/92916149?type=standard&ref=search-standalone#sol=52f2bf15d0ecdb77c9dc086f76f88cdeaf8ef7b7,2026-06-24 09:44:01,N/A,N/A,N/A,N/A
Underground Mining Vacancies,Underground Mining Vacancies,Perth WA,WA,N/A,N/A,https://www.seek.com.au/job/92882516?type=promoted&ref=search-standalone#sol=1ef26abb21c309a8b42d6858ea74490a0507f66a,2026-06-24 09:45:58,N/A,N/A,N/A,N/A
Underground Projects Crew,Underground Projects Crew,"Kalgoorlie,Kalgoorlie, Goldfields & Esperance WA",WA,$60 – $85 per hour,N/A,https://www.seek.com.au/job/92545042?type=promoted&ref=search-standalone#sol=045a36f69d7492da7fcfab6375d21874dab29a0a,2026-06-24 09:45:58,N/A,N/A,N/A,N/A
Underground Nipper - Entry Level Kalgoorlie,Listed seven days ago,"Kalgoorlie,Kalgoorlie, Goldfields & Esperance WA",WA,N/A,N/A,https://www.seek.com.au/job/92763989?type=standard&ref=search-standalone#sol=ba4fbdacbbed4ee54ce986092143626e518fb5e2,2026-06-24 09:45:58,N/A,N/A,N/A,N/A
FIFO - Indigenous - Trainee - Mobile plant operator,Listed nine days ago,Perth WA,WA,$38 per hour,FIFO,https://www.seek.com.au/job/92717877?type=standard&ref=search-standalone#sol=7078d0c8f51ef2dcd495b8ebf346e7bbc9914e8b,2026-06-24 09:45:58,N/A,N/A,N/A,N/A
Airleg Miner,Listed twenty six days ago,Perth WA,WA,N/A,N/A,https://www.seek.com.au/job/92398857?type=standard&ref=search-standalone#sol=7178e325f585e2d1ee9495cf5a7098b56aea0a8c,2026-06-24 09:45:58,N/A,N/A,N/A,N/A
Operator Nipper,Listed one day ago,Perth WA,WA,"Access Barminco's Employee Referral Program - earn up to $10,000 per referral",FIFO,https://www.seek.com.au/job/92894882?type=standard&ref=search-standalone#sol=e9bbdd8bae46f480061450a584822868dca80d3f,2026-06-24 09:45:58,N/A,N/A,N/A,N/A
Process Technician - FIFO,Listed one day ago,Perth WA,WA,$50 per hour,Casual,https://www.seek.com.au/job/92890222?type=standard&ref=search-standalone#sol=7de1f210aa06abaf72a16bd987c23d89e57c735c,2026-06-24 09:45:58,forklift_license,N/A,senior,"Process Technician - 8/6/7/7 Roster - Immediate StartOur client, a major Australian Rare Earths Miner is seeking Process Technicians to work at the front end of the circuit on one of the largest rare earth deposits in the world.Role Responsibilities· Bagging - emptying and filling of 2.5t concentrate bags, including sampling, analysing and labelling.· Flotation Operator - maintain steady flow, ensuring optimal pH levels, slurry density and grade are on target.· Filter Operator - operate horizontal filter press ensuring concentrate has lowest possible moisture levels.· Process Loader Operator - loading mill feed and bag plant hopper.What you'll have:· 1+ years experience as a Process Technician in the mining industry· Forklift licence(Mandatory)· Loader ticket and any other tickets highly desired· Working at height's & confined spaces· A team player· Ability to pass a medical and D&AWhat's in it for you· 8&6 7&7 roster (alternate days/nights)· 12 hours per day· $50 per hour plus super (paid on all hours)· Long term engagement· 1.5 hour flight from Perth· Genuine temp to Perm opportunity· Great team cultureWho are TSS?TSS is a WA-based recruitment agency established in 2018, specialising in placing professionals and trades into the resources sector. We've quickly built strong relationships with leading owner-operators, EPCMs, consultancies, and construction firms, contributing to major projects in mining, energy, renewables, and infrastructure worldwide."
Operator - Store Person,Listed one day ago,"Kalgoorlie,Kalgoorlie, Goldfields & Esperance WA",WA,N/A,N/A,https://www.seek.com.au/job/92881380?type=standard&ref=search-standalone#sol=4b1cda5ca2a5d71a25afe7061159c3a473959bac,2026-06-24 09:45:58,N/A,N/A,N/A,N/A
Underground Operators - Service Crew,Listed ten days ago,Perth WA,WA,$90 – $100 per hour,Contract,https://www.seek.com.au/job/92706649?type=standard&ref=search-standalone#sol=2a246cfa57e4a9164848c72a2c6c8252c32a5489,2026-06-24 09:45:58,N/A,N/A,N/A,N/A
Site Administrator,Listed thirteen days ago,Perth WA,WA,N/A,FIFO,https://www.seek.com.au/job/92651900?type=standard&ref=search-standalone#sol=94210bf150926eae29a71d490997c69d95e4dc78,2026-06-24 09:45:58,N/A,N/A,N/A,N/A
Nipper,Listed nine days ago,Perth WA,WA,$57 per hour,Contract,https://www.seek.com.au/job/92249564?type=standard&ref=search-standalone#sol=f3e8063cab91dab8ebd331c0506be743e06771f3,2026-06-24 09:45:58,N/A,N/A,N/A,N/A
ENTRY LEVEL - Underground Truck Operators / Nippers,Listed one day ago,Perth WA,WA,N/A,N/A,https://www.seek.com.au/job/92889782?type=standard&ref=search-standalone#sol=6940a4985ce8194f7a2386fe7f6f7f6cd8df99a2,2026-06-24 09:45:58,N/A,N/A,N/A,N/A
Underground Nipper,Listed five days ago,Perth WA,WA,$50 ph Fulltime + Super on all hours worked,N/A,https://www.seek.com.au/job/92819009?type=standard&ref=search-standalone#sol=6bf47d33ceff29574f7b5df664cbc123b136e607,2026-06-24 09:45:58,N/A,N/A,N/A,N/A
UG Service Crew,Listed twenty one days ago,Perth WA,WA,Casual rate from a minimum of $54 per hour + super,Contract,https://www.seek.com.au/job/92477915?type=standard&ref=search-standalone#sol=030cbfdbde6c15079d9780ad3db7114214755a9d,2026-06-24 09:45:58,N/A,N/A,N/A,N/A
Tradespeople FIFO 8/6,Listed one day ago,Perth WA,WA,N/A,Contract,https://www.seek.com.au/job/92885521?type=standard&ref=search-standalone#sol=aa1881ac4282b40a5cc145b9274780cc80a0e254,2026-06-24 09:45:58,N/A,N/A,N/A,N/A
"Trucks, Nipper, Service Crew, Charge Up - Even time rosters",Listed fourteen days ago,Perth WA,WA,N/A,Casual,https://www.seek.com.au/job/92619602?type=standard&ref=search-standalone#sol=e950c2933a2d5623ec5d8c665bc9d42af938b98c,2026-06-24 09:45:58,N/A,N/A,N/A,N/A
Field Assistant,Listed twenty seven days ago,Perth WA,WA,$45 – $55 per hour,Casual,https://www.seek.com.au/job/92387280?type=standard&ref=search-standalone#sol=b1fa2517ec38b5b9f1a8894d76eb899ac360f459,2026-06-24 09:45:58,drug_alcohol_test,N/A,N/A,"Field Assistant | Gold Exploration | Goldfields WA | 2:2 Roster | Immediate StartAbout the RoleA great opportunity to get your boots on the ground with a client who's drilling out a brand new gold discovery in the Goldfields. We're looking for enthusiastic Field Assistants to support an active exploration program — immediate start, brand new camp, and a project with real momentum behind it.This is a fantastic entry point into the industry for someone looking to build a career in exploration geology.Your ResponsibilitiesAssisting geologists with RC and diamond drill core logging and samplingSample preparation, labelling, and dispatchMaintaining a clean and organised work siteGeneral field support duties as directed by the geology teamWhat You'll NeedA keen interest in geology and mineral explorationA current driver's licenceStrong work ethic and willingness to learnAbility to pass a pre-employment medical and drug & alcohol screenPrevious field experience advantageous but not essential — we'll train the right personWhat's On Offer2:2 roster — great work/life balanceBrand new camp facilitiesFIFO from PerthImmediate start availableExposure to a genuine new gold discovery"
Service Crew,Listed twenty two days ago,Perth WA,WA,Up to $70 per hour,Contract,https://www.seek.com.au/job/92455365?type=standard&ref=search-standalone#sol=e4caa1ef595fc9102cc5313793562a6c4389219d,2026-06-24 09:45:58,N/A,N/A,mid_level,"Looking for a Service Crew role with stability, top rates, and real career progression?MPIis partnering with a well-established owner-operator offering long-term opportunities for experienced undergroundService Crew. This is a chance to secure a role where your experience is valued, with clear pathways to progress within the operation.If you’re an experienced Service Crew member looking for your next move — apply now and take advantage of a site that invests in its people.What’s on offer:Competitive pay rates up to $70/hour + super paid on all hoursReal career progression | 90% of people on temp contracts go perm hereMultiple rosters: 2/2, 8/6, 7/7, 2/1Modern camp facilities with newly upgraded rooms.To be successful, you will have:Proven underground Service Crew experienceAbility to obtain a National Police ClearanceValid manual driver’s licenceWillingness to complete a pre-employment medicalFull Australian working rights.MPI have roles available immediately, so if you’re interested click ‘apply’, or giveAlannaha call on(08) •••• •557for a confidential discussion. Alternatively, send your CV toala••••••••••@mpirecruitment.auUnfortunately, MPI are only able to consider people with appropriate and relevant experience, and who are either Australian Permanent Residents or have the necessary permits to work in Australia and whom are currently in Australia."
Underground Operations Crew,Listed twenty one days ago,"Nullagine,Port Hedland, Karratha & Pilbara WA",WA,N/A,FIFO,https://www.seek.com.au/job/92472968?type=standard&ref=search-standalone#sol=383426e4e3346276a472cab68d33da39dbad82ca,2026-06-24 09:45:58,N/A,N/A,N/A,N/A
"Entry Level Roles: Truck Driver, Geology Technician & Process Technician",Listed six days ago,"Kalgoorlie,Kalgoorlie, Goldfields & Esperance WA",WA,N/A,N/A,https://www.seek.com.au/job/92794125?type=standard&ref=search-standalone#sol=97bbb5548591e631eb8e60c37eeac3d2f504a302,2026-06-24 09:45:58,drivers_license|drug_alcohol_test,excavator_ticket,entry_level,"Ready to pursue your professional journey with Northern Star? As an ASX 50 global-scale gold miner, we have sizeable operations in Western Australia and Alaska. With unparalleled pathways for advancement and avenues for personal growth, we stand as Australia's premier gold employer. Your journey starts here.At Northern Star, we live by our STARR Core Values of Safety, Teamwork, Accountability, Respect and Results. These Values are not just words on paper; they are the cornerstone of our Company culture and guide everything we do. You will play a pivotal role in upholding these Values and contributing to our collective success.We will be holding a bulk recruitment intake forresidential entry levelpositions awaiting you at the world class Kalgoorlie Operations that boasts a +10-year mine life.Confirming residential means living in Kalgoorlie Boulder.Promising a long term and fulfilling future, join our esteemed technical team and start your career now!Here's what each position entails:Truck Driver - 7 days on, 7 days off, 7 nights on, 7 days off 12.5 hours (Days & Nights)Operating CAT 793 and 785 Haul Trucks in the Open Pit, working in conjunction with Face shovels, Excavators and Loaders, to fulfil production requirements in a safe and reliable manner.Operating Haul Trucks across various areas of the KCGM site, including the Fimiston Open Pit, Rehandle Ore Delivery area and other trainee-related activities to build your familiarisation to operating in a mining environment.Safe"
Entry Level Underground Truck Operator - Residential Kalgoorlie,Listed one day ago,"Kalgoorlie,Kalgoorlie, Goldfields & Esperance WA",WA,N/A,N/A,https://www.seek.com.au/job/92881371?type=standard&ref=search-standalone#sol=a785852b18a59eca95132731b26b9dbfbe7df849,2026-06-24 09:45:58,N/A,N/A,N/A,N/A
Underground Mining Vacancies,Listed one day ago,Perth WA,WA,N/A,N/A,https://www.seek.com.au/job/92882516?type=standard&ref=search-standalone#sol=f5ec0509840b798c8f645a24d14cc6f5b83c3b88,2026-06-24 09:45:58,N/A,N/A,N/A,N/A
Site Administrator,Listed two days ago,Perth WA,WA,N/A,FIFO,https://www.seek.com.au/job/92867984?type=standard&ref=search-standalone#sol=f76513df49bde5319aa37328803b50c5081b9af0,2026-06-24 09:45:58,N/A,N/A,N/A,N/A
Shotcrew Level 1,Listed nine hours ago,"Cue,Geraldton, Gascoyne & Midwest WA",WA,N/A,Casual,https://www.seek.com.au/job/92904970?type=standard&ref=search-standalone#sol=b101e62fd2e801d5e2871c28ab69f78d3c63eb53,2026-06-24 09:45:58,N/A,N/A,N/A,N/A
Service Crew | Underground | Multiple FIFO Sites,Listed one day ago,Perth WA,WA,Up to $60/hr + Super on all hours,Contract,https://www.seek.com.au/job/92889818?type=standard&ref=search-standalone#sol=3b419bac83c868d663ba5125290794520fd54684,2026-06-24 09:45:58,N/A,N/A,N/A,N/A
Exploration Trainee Driller's Offsider (Assistant) | Entry Level | FIFO in WA,Listed one day ago,Perth WA,WA,"Up to $130,000",FIFO,https://www.seek.com.au/job/92886321?type=standard&ref=search-standalone#sol=73f35c7cfa9d42e995d7963045b5ae7c41226194,2026-06-24 09:45:58,N/A,N/A,N/A,N/A
Offsider / Drillers Assistant,Listed two days ago,Perth WA(Remote),WA,N/A,Casual,https://www.seek.com.au/job/92863160?type=standard&ref=search-standalone#sol=df5b89cc3defb64ec9e67ade9cb8bcb7e1fa26b5,2026-06-24 09:45:58,N/A,N/A,N/A,N/A
Underground Projects Crew,Listed nineteen days ago,"Kalgoorlie,Kalgoorlie, Goldfields & Esperance WA",WA,$60 – $85 per hour,N/A,https://www.seek.com.au/job/92545042?type=standard&ref=search-standalone#sol=10d465a3806f795d9089702e856f798608254ec9,2026-06-24 09:45:58,N/A,N/A,N/A,N/A
Emergency Services Officer,Listed one day ago,"Kalgoorlie,Kalgoorlie, Goldfields & Esperance WA",WA,N/A,N/A,https://www.seek.com.au/job/92876109?type=standard&ref=search-standalone#sol=2ceb725a1dc6dabe806f072ed9c99986f14c6c84,2026-06-24 09:45:58,N/A,N/A,N/A,N/A
FIFO - Process Technician,Listed sixteen days ago,Perth WA,WA,$50 per hour plus super,Casual,https://www.seek.com.au/job/92568746?type=standard&ref=search-standalone#sol=fd119ab75aadb36f7bcd9856b753eafbe229fc2a,2026-06-24 09:45:58,N/A,N/A,N/A,N/A
Underground Mining Vacancies,Listed sixteen days ago,Perth WA,WA,N/A,N/A,https://www.seek.com.au/job/92570305?type=standard&ref=search-standalone#sol=d90b228ae84ccb8188996b61e49a3b19f57299a7,2026-06-24 09:45:58,N/A,N/A,N/A,N/A
Underground Paste Crew,Listed seven days ago,"Kalgoorlie,Kalgoorlie, Goldfields & Esperance WA",WA,N/A,N/A,https://www.seek.com.au/job/92763819?type=standard&ref=search-standalone#sol=2ebdfd05dd16729347b7073d686400103bd28ed9,2026-06-24 09:45:58,N/A,N/A,N/A,N/A
Truck driver/operator,atWaste equipment solutions,"Bayswater,Perth WA(Remote)",WA,$35 per hour,N/A,https://www.seek.com.au/job/92911060?type=promoted&ref=search-standalone#sol=dc1378686ec828bd9d435553563072150bb944c1,2026-06-24 14:46:44,N/A,N/A,N/A,N/A
Dump Truck Operator,Dump Truck Operator,Perth WA,WA,N/A,N/A,https://www.seek.com.au/job/92574321?type=promoted&ref=search-standalone#sol=c54adcafb11888899332f2c967f9d9e801d8a765,2026-06-24 14:46:44,N/A,N/A,N/A,N/A
Entry Level - Dump Truck / Loader Operator - Mine Site,Listed six hours ago,"Kalgoorlie,Kalgoorlie, Goldfields & Esperance WA",WA,$40 – $50 per hour,N/A,https://www.seek.com.au/job/92921796?type=standard&ref=search-standalone#sol=7acab670dd2afb4f3a62eac70d3a85824c0fabc1,2026-06-24 14:46:44,N/A,N/A,N/A,N/A
Entry Level Underground Truck Operator - Residential Kalgoorlie,Listed one day ago,"Kalgoorlie,Kalgoorlie, Goldfields & Esperance WA",WA,N/A,N/A,https://www.seek.com.au/job/92881371?type=standard&ref=search-standalone#sol=0397ef0c181ad3309028cc3e17a2a0c7807f0fc0,2026-06-24 14:46:44,N/A,N/A,N/A,N/A
"MC Driver - Side Tipper & Road Train | FIFO, Weekly Pay",Listed seven hours ago,Perth WA(Remote),WA,$55.00 - $68.00/h,Contract,https://www.seek.com.au/job/92919109?type=standard&ref=search-standalone#sol=3194b9880b891513988350926004a3bbd75d822c,2026-06-24 14:46:44,N/A,N/A,N/A,N/A
Truck driver/operator,Listed eleven hours ago,"Bayswater,Perth WA(Remote)",WA,$35 per hour,N/A,https://www.seek.com.au/job/92911060?type=standard&ref=search-standalone#sol=1c3d6af84bb82961a9251a0d6bc767834573a67d,2026-06-24 14:46:44,N/A,N/A,N/A,N/A
Transport Driver,Listed nine hours ago,"Wangara,Perth WA",WA,N/A,Casual,https://www.seek.com.au/job/92913907?type=standard&ref=search-standalone#sol=31b377271761079f9d6807473278f82477019f49,2026-06-24 14:46:44,N/A,N/A,N/A,N/A
ENTRY LEVEL - Underground Truck Operators / Nippers,Listed one day ago,Perth WA,WA,N/A,N/A,https://www.seek.com.au/job/92889782?type=standard&ref=search-standalone#sol=8ea3e01cef17d966142a0dbf39f059092dd72e0e,2026-06-24 14:46:44,N/A,N/A,N/A,N/A
Dump Truck/Water Cart Operator,Listed twenty seven days ago,"Durack,Broome & Kimberley WA",WA,N/A,Casual,https://www.seek.com.au/job/92386144?type=standard&ref=search-standalone#sol=54e0f743a73a197d19f9dcfb58e3dfffa6a8eaf5,2026-06-24 14:46:44,N/A,N/A,N/A,N/A
MC Drivers - Onslow FIFO,Listed six days ago,"Onslow,Port Hedland, Karratha & Pilbara WA",WA,Up to $172k package inc super + bonuses + benefits,Full-time,https://www.seek.com.au/job/92796576?type=standard&ref=search-standalone#sol=713d5d440d6f744b504cccbb12f77d98e9c970d0,2026-06-24 14:46:44,N/A,N/A,N/A,N/A
HC Truck Driver,Listed two days ago,"High Wycombe,Perth WA",WA,$35 – $40 per hour,N/A,https://www.seek.com.au/job/92863266?type=standard&ref=search-standalone#sol=f23de0c50af436d77d690dd48c73c3909cfe6826,2026-06-24 14:46:44,N/A,N/A,N/A,"Seeking HC driver.  Metro and outer metro areas. Experience preferred. Must be neat, reliable and non smoker."
Truck Driver/Trainee Truck Driver,Listed nine days ago,"Kalgoorlie,Kalgoorlie, Goldfields & Esperance WA",WA,N/A,N/A,https://www.seek.com.au/job/92709304?type=standard&ref=search-standalone#sol=24245c0c6ebfa21c2b6c4a29300369d35775eb5a,2026-06-24 14:46:44,drivers_license|drug_alcohol_test,excavator_ticket,N/A,"Ready to pursue your professional journey with Northern Star? As an ASX 50 global-scale gold miner, we have sizeable operations in Western Australia and Alaska. With unparalleled pathways for advancement and avenues for personal growth, we stand as Australia's premier gold employer. Your journey starts here.At Northern Star, we live by our STARR Core Values of Safety, Teamwork, Accountability, Respect and Results. These Values are not just words on paper; they are the cornerstone of our Company culture and guide everything we do. You will play a pivotal role in upholding these Values and contributing to our collective success.We are offering you the chance to build a career within the production sector of the mining industry as aTruck Driver or Truck Driver Traineeat our iconicKCGMSuper Pit. Promising a long term and fulfilling future, join our esteemed team on the convenience of an7/7 (12.5-hour day/night shift) residential roster.Here's what awaits you:Operating CAT 793 and 777 Haul Trucks in the Open Pit, working in conjunction with Face shovels, Excavators and Loaders, to fulfil production requirements in a safe and reliable manner.Operating Haul Trucks across various areas of the KCGM site, including the Fimiston Open Pit, Rehandle Ore Delivery area and other trainee-related activities to build your familiarisation to operating in a mining environment.Safely operating a Haul Trucks to transport ore and waste to designated areas to achieve production targets in the mine,Y"
Road Train Operator,Listed one day ago,"Geraldton,Geraldton, Gascoyne & Midwest WA",WA,$54.39 per hour + Super + Monthly Bonuses,N/A,https://www.seek.com.au/job/92892609?type=standard&ref=search-standalone#sol=68e50d5deb1b894e6b4a3bb2430e3adafc9b240e,2026-06-24 14:46:44,N/A,N/A,N/A,N/A
Night Shift Drivers Required!,Listed one day ago,"Bibra Lake,Perth WA",WA,$43.35 – $81.25 per hour,Casual,https://www.seek.com.au/job/92885185?type=standard&ref=search-standalone#sol=e16ce9016c72e88e5dc2927309b2729b5bc458c6,2026-06-24 14:46:44,N/A,N/A,N/A,N/A
MR / HR TRUCK DRIVER,Listed one day ago,atWA Direct Plasterboard,WA,$31 – $36 per hour,N/A,https://www.seek.com.au/job/92879888?type=standard&ref=search-standalone#sol=cb1e9517374f982a5d3f526acdc74044aec239c3,2026-06-24 14:46:44,N/A,N/A,N/A,N/A
"Entry Level Roles: Truck Driver, Geology Technician & Process Technician",Listed six days ago,"Kalgoorlie,Kalgoorlie, Goldfields & Esperance WA",WA,N/A,N/A,https://www.seek.com.au/job/92794125?type=standard&ref=search-standalone#sol=b43139fd6283fd579174131d416550864c0b64e4,2026-06-24 14:46:44,N/A,N/A,N/A,N/A
Dump Truck Operator,Listed three days ago,Perth WA,WA,$50 – $55 per hour,Casual,https://www.seek.com.au/job/92845609?type=standard&ref=search-standalone#sol=dfcc730322082fa436899aa0d0134d8b3729a13b,2026-06-24 14:46:44,N/A,N/A,N/A,N/A
Waste Truck Driver/Labourer,Listed twelve days ago,"Rockingham,Perth WA",WA,"$1,669 per week which incorporates all allowance",N/A,https://www.seek.com.au/job/92684478?type=standard&ref=search-standalone#sol=342e8476f46303546c81d37d9503415bfa223a07,2026-06-24 14:46:44,N/A,N/A,N/A,N/A
Truck Driver,Listed nine hours ago,"Bullsbrook,Perth WA",WA,$31 – $39 per hour,N/A,https://www.seek.com.au/job/92913911?type=standard&ref=search-standalone#sol=f4d3aaeb2cf451db54c24d37b993c1503be35210,2026-06-24 14:46:44,N/A,N/A,N/A,N/A
HC & MC Drivers - PM shift,Listed five days ago,"Fremantle,Perth WA",WA,"Grade 6 $34.17, Grade 8 $35.76 and Grade 10 $38.23 + 13% Super PLUS O/T",N/A,https://www.seek.com.au/job/92825112?type=standard&ref=search-standalone#sol=212b194e724a14758f7eb5319e9db3e11b8a0485,2026-06-24 14:46:44,N/A,N/A,N/A,N/A
Dump Truck Operator,Listed sixteen days ago,Perth WA,WA,N/A,N/A,https://www.seek.com.au/job/92574321?type=standard&ref=search-standalone#sol=87329b3fbedf9cb750e97c5f652ecf1e0c689a5c,2026-06-24 14:46:44,N/A,N/A,N/A,N/A
Road Train Operators – Relocate to Geraldton with Fenix,Listed one day ago,Perth WA,WA,$54.39 per hour + Super + Monthly Bonuses,N/A,https://www.seek.com.au/job/92892762?type=standard&ref=search-standalone#sol=383aabc7ece9a682329410c3120a42be31024b57,2026-06-24 14:46:44,N/A,N/A,N/A,N/A
MC Local & Interstate Driver,Listed eight days ago,"Hazelmere,Perth WA",WA,$50 – $55 per hour,N/A,https://www.seek.com.au/job/92750168?type=standard&ref=search-standalone#sol=06c713141df57052bf082cb23c2e25692bb79aef,2026-06-24 14:46:44,N/A,N/A,N/A,N/A
MC Drivers - Onslow FIFO,Listed six days ago,"Onslow,Port Hedland, Karratha & Pilbara WA",WA,Up to $172k package inc super + bonuses + benefits,Full-time,https://www.seek.com.au/job/92796577?type=standard&ref=search-standalone#sol=9ae86dba2d54fd3af20bb2fa9c6df262ac1db943,2026-06-24 14:46:44,N/A,N/A,N/A,N/A
FIFO | Concrete Agitator Truck Driver,Listed two days ago,"Newman,Port Hedland, Karratha & Pilbara WA",WA,N/A,FIFO,https://www.seek.com.au/job/92866931?type=standard&ref=search-standalone#sol=708e66ed2b0a61fd08236b7433150b7d8ff76db1,2026-06-24 14:46:44,N/A,N/A,N/A,N/A
Road Train Operator,Listed thirteen days ago,Perth WA,WA,$60 – $62 per hour,N/A,https://www.seek.com.au/job/92662802?type=standard&ref=search-standalone#sol=97499929074dd19dabca98d8d3a03e0c8e6e15ec,2026-06-24 14:46:44,N/A,N/A,N/A,N/A
Driver,Listed twelve hours ago,"Malaga,Perth WA",WA,N/A,N/A,https://www.seek.com.au/job/92906686?type=standard&ref=search-standalone#sol=1b17577bf4706a2da9e8d4aedd6e252c3e1e283e,2026-06-24 14:46:44,N/A,N/A,N/A,N/A
MC Driver - IMMEDIATE START,Listed eight hours ago,"Telfer,Port Hedland, Karratha & Pilbara WA",WA,N/A,Contract,https://www.seek.com.au/job/92916149?type=standard&ref=search-standalone#sol=c36e3ee4e8a993a985b4ee83be9f085a9bbb35c0,2026-06-24 14:46:44,N/A,N/A,N/A,N/A
Road Train Operators – Relocate to Geraldton with Fenix,Listed nineteen days ago,"Port Hedland,Port Hedland, Karratha & Pilbara WA",WA,$54.39 per hour + Super + Monthly Bonuses,N/A,https://www.seek.com.au/job/89671523?type=standard&ref=search-standalone#sol=8ef25b9fc96329413129b4520351a4ebd3366727,2026-06-24 14:46:44,N/A,N/A,N/A,N/A
Truck Driver,Listed one day ago,"Broome,Broome & Kimberley WA",WA,N/A,N/A,https://www.seek.com.au/job/92880590?type=standard&ref=search-standalone#sol=4da0bc17af50ed96bd478f686facce8b80362e04,2026-06-24 14:46:44,N/A,N/A,N/A,N/A
MC Truck Driver,Listed two days ago,"Karratha,Port Hedland, Karratha & Pilbara WA",WA,$58,Casual,https://www.seek.com.au/job/92866710?type=standard&ref=search-standalone#sol=17f2287845487303d67aa8d785cc37eb1818bbec,2026-06-24 14:46:44,N/A,N/A,N/A,N/A
"Dump Truck Operator - Pilbara, WA",Listed one day ago,Perth WA,WA,N/A,Contract,https://www.seek.com.au/job/92879354?type=standard&ref=search-standalone#sol=d6e6e7c1c731430d23fdee5e1958f398fbb99a55,2026-06-24 14:46:44,N/A,N/A,N/A,N/A
Drill Operator - FIFO 2:1,atRed Arrow Australia,Perth WA,WA,N/A,Casual,https://www.seek.com.au/job/92488008?type=promoted&ref=search-standalone#sol=b7796c8875f926455177b17b1d0d761e7b7f573f,2026-06-25 09:36:19,N/A,N/A,N/A,N/A
Production Blast Hole Drillers - FIFO 2:1,Production Blast Hole Drillers - FIFO 2:1,Perth WA,WA,$60.00 p/h,Contract,https://www.seek.com.au/job/92930318?type=promoted&ref=search-standalone#sol=56c9a473679d70d5b3c22b81cb61e18081b8b110,2026-06-25 09:36:19,N/A,N/A,N/A,N/A
Drill Operators- FIFO Various Sites,Listed twenty one days ago,Perth WA,WA,N/A,FIFO,https://www.seek.com.au/job/92514918?type=standard&ref=search-standalone#sol=c853cfaa2f8d713f1c78a679c1b293367ae3eb0a,2026-06-25 09:36:19,N/A,N/A,N/A,N/A
Operator - Driller,Listed one day ago,Perth WA,WA,N/A,Contract,https://www.seek.com.au/job/92911610?type=standard&ref=search-standalone#sol=7ee0fb7aa2d214c43fc9fba80ce2bb486cd357bb,2026-06-25 09:36:19,N/A,N/A,N/A,N/A
D65 Drillers - FIFO,Listed four hours ago,Perth WA,WA,Up to $65.00 p.h. + Superannuation,Contract,https://www.seek.com.au/job/92943236?type=standard&ref=search-standalone#sol=8ee6e52de33e6ebdd7f89f086fd9818b610827fe,2026-06-25 09:36:19,N/A,N/A,N/A,N/A
Drill Operator - FIFO 2:1,Listed twenty two days ago,Perth WA,WA,N/A,Casual,https://www.seek.com.au/job/92488008?type=standard&ref=search-standalone#sol=5becdc99f67ce0138756eec6c21fedcff0686ccd,2026-06-25 09:36:19,N/A,N/A,N/A,N/A
Drill Operator,Listed twenty days ago,Perth WA,WA,N/A,N/A,https://www.seek.com.au/job/92546694?type=standard&ref=search-standalone#sol=90fd42d85583c242292ffb831044daf123a7145b,2026-06-25 09:36:19,N/A,N/A,N/A,N/A
Driller - Roster - NWA,Listed two days ago,"Kununurra,Broome & Kimberley WA",WA,N/A,FIFO,https://www.seek.com.au/job/92890652?type=standard&ref=search-standalone#sol=de06286618d3a735a7641f53555b740e26ce6184,2026-06-25 09:36:19,N/A,N/A,N/A,N/A
Driller,Listed three days ago,Perth WA,WA,N/A,N/A,https://www.seek.com.au/job/92860512?type=standard&ref=search-standalone#sol=e75430f87665f65cf67da0c3a70199552fc32679,2026-06-25 09:36:19,N/A,N/A,N/A,N/A
Production Blast Hole Drillers - FIFO 2:1,Listed ten hours ago,Perth WA,WA,$60.00 p/h,Contract,https://www.seek.com.au/job/92930318?type=standard&ref=search-standalone#sol=8de5231de06dc55ced83782df0abc76045519dd4,2026-06-25 09:36:19,N/A,N/A,N/A,N/A
Driller,Listed two days ago,Perth WA,WA,$60 – $75 per hour,Casual,https://www.seek.com.au/job/92871752?type=standard&ref=search-standalone#sol=527133e3f435561fed6def2265fbb51df32c0aaf,2026-06-25 09:36:19,N/A,N/A,N/A,N/A
Entry Level Drillers Offsider - FIFO | Surface & Underground | $120k+,Listed three hours ago,Perth WA,WA,"Circa $116,000 to $130,000",FIFO,https://www.seek.com.au/job/92944959?type=standard&ref=search-standalone#sol=22d27c65622ba43b2e483c477ffb51843dc6b419,2026-06-25 09:36:19,N/A,N/A,N/A,N/A
FIFO | Drillers Assistant | Offsider | Labourer,Listed three hours ago,Perth WA(Remote),WA,"Starting on $130,000 per year MINIMUM!!",FIFO,https://www.seek.com.au/job/92943588?type=standard&ref=search-standalone#sol=6707dc3e37aa4cbb90c4a5aead59b3c41799e229,2026-06-25 09:36:19,N/A,N/A,N/A,N/A
Driller Assistant - Underground,Listed nine hours ago,Perth WA,WA,"Earnings of $100,000+ in your first year as a Driller Assistant plus bonus",FIFO,https://www.seek.com.au/job/92931343?type=standard&ref=search-standalone#sol=afef977862181e556610da450a81b756de8a8d1d,2026-06-25 09:36:19,N/A,N/A,N/A,N/A
Paste Crew (FIFO),Listed twenty days ago,Perth WA,WA,N/A,Contract,https://www.seek.com.au/job/92532589?type=standard&ref=search-standalone#sol=49f6f871e4ee09d36df8b5e8c7b728be8792d70f,2026-06-25 09:36:19,N/A,N/A,N/A,N/A
Driller | FIFO,Listed thirteen days ago,Perth WA,WA,$61.65 - $65.02 p.h.,Contract,https://www.seek.com.au/job/92692865?type=standard&ref=search-standalone#sol=6603391680e8400632dda664b21640a44621aa1d,2026-06-25 09:36:19,N/A,N/A,N/A,N/A
Blast Hole Driller,Listed seventeen days ago,Perth WA,WA,$64.58 – $74.75 per hour,Casual,https://www.seek.com.au/job/92566454?type=standard&ref=search-standalone#sol=8937f1ce804e835ed108e83bda12eaff1d763ef3,2026-06-25 09:36:19,N/A,N/A,N/A,N/A
Plant Operator | FIFO/DIDO | Multiple WA Sites | IMMEDIATE START,Listed seven hours ago,Perth WA,WA,N/A,Casual,https://www.seek.com.au/job/92935558?type=standard&ref=search-standalone#sol=4e48298d5018b2f6dec589e17d999aecc43442ec,2026-06-25 09:36:19,N/A,N/A,N/A,N/A
Blast Hole Driller,Listed two hours ago,Perth WA,WA,N/A,Casual,https://www.seek.com.au/job/92946146?type=standard&ref=search-standalone#sol=fb42b125c9c3ce51fa1c2044b2ff49013b5c942c,2026-06-25 09:36:19,N/A,N/A,N/A,N/A
Paste Crew (FIFO),Listed twenty days ago,Perth WA,WA,N/A,Contract,https://www.seek.com.au/job/92536279?type=standard&ref=search-standalone#sol=2ba31f0d2300e97eede3a5b41ed3594845700df6,2026-06-25 09:36:19,N/A,N/A,N/A,N/A
Blast Hole Driller,Listed five days ago,Perth WA,WA,N/A,FIFO,https://www.seek.com.au/job/92841333?type=standard&ref=search-standalone#sol=986211073c64c06c68bfe0d53b4078325ff19388,2026-06-25 09:36:19,N/A,N/A,N/A,N/A
All Round Machine Operators required for multiple sites,Listed one day ago,Perth WA,WA,$60 – $72 per hour,Casual,https://www.seek.com.au/job/92902448?type=standard&ref=search-standalone#sol=8cc67740ef3529440e166da948950ca3dd8a5af8,2026-06-25 09:36:19,N/A,N/A,N/A,N/A
FIFO - Indigenous - Trainee - Mobile plant operator,Listed ten days ago,Perth WA,WA,$38 per hour,FIFO,https://www.seek.com.au/job/92717877?type=standard&ref=search-standalone#sol=42a8602c94be895c911f93a72f0700312be2c870,2026-06-25 09:36:19,N/A,N/A,N/A,N/A
Trainee Geophysical Wireline Operator,Listed one day ago,"Osborne Park,Perth WA",WA,N/A,Casual,https://www.seek.com.au/job/92916087?type=standard&ref=search-standalone#sol=9b28cd1c60135ea31f8f8b4252f0afc39e254dd3,2026-06-25 09:36:19,first_aid|drug_alcohol_test,N/A,entry_level,"ABOUT USWSG is a leading provider of geophysical services, committed to delivering innovative solutions to our clients worldwide. With a focus on excellence and precision, we leverage cutting-edge technology and expertise to meet the evolving needs of the industry.Join our dynamic team and play a key role in subsurface data acquisition and interpretation, providing critical insights that drive mining and exploration success.THE OPPORTUNITYWe are currently seeking Trainee Geophysical Wireline Operators to join our training schoolend of July 2026on casual basis for remote site FIFO positions on a 2/2 roster across our Western Australian operations.As Trainee Geophysical Wireline Operator you will be responsible for recording data from a range of geophysical wireline tools and directional drill hole surveying equipment. You would need to have excellent computer skills as well as mechanical aptitude.This role will see you working in remote locations both on mine and exploration sites throughout Australia.We are looking for Entry Level Wireline Operators who work well both in a team and in an autonomous environment.ABOUT YOUWe are looking for self-motivated, enthusiastic, and candidates who have a work ethic that is second to none.Candidates must be reliable with the ability to commit to a 2/2 roster.*Please note that rosters are subject to change as per Operational requirements*Once the training school has been finalised, there is potential to transition to a full-time position i"
O - Driller,Listed nine days ago,"Kalgoorlie,Kalgoorlie, Goldfields & Esperance WA",WA,N/A,Casual,https://www.seek.com.au/job/92751626?type=standard&ref=search-standalone#sol=45490be27bf6375f9b89a7536b250336f8c28a31,2026-06-25 09:36:19,N/A,N/A,N/A,N/A
Exploration Trainee Driller's Offsider (Assistant) | Entry Level | FIFO in WA,Listed two days ago,Perth WA,WA,"Up to $130,000",FIFO,https://www.seek.com.au/job/92886321?type=standard&ref=search-standalone#sol=507412f227ed9665f706f6328304d2a2dbd5ffd6,2026-06-25 09:36:19,N/A,N/A,N/A,N/A
Offsider / Drillers Assistant,Listed three days ago,Perth WA(Remote),WA,N/A,Casual,https://www.seek.com.au/job/92863160?type=standard&ref=search-standalone#sol=9bf5f819428bdab253d89e10a5a70f7a5f3a27f1,2026-06-25 09:36:19,N/A,N/A,N/A,N/A
Surface Drilling Consumables Support,Listed eight days ago,Perth WA,WA,N/A,FIFO,https://www.seek.com.au/job/92776391?type=standard&ref=search-standalone#sol=3f7a1e00743d89d233d5a2c5046eb90d51ad47b5,2026-06-25 09:36:19,N/A,N/A,N/A,N/A
Expression of Interest FIFO - Drill & Blast WA,Listed two days ago,Perth WA,WA,N/A,FIFO,https://www.seek.com.au/job/92877625?type=standard&ref=search-standalone#sol=87d80c92122bfe9c693a8733b5744500ea3e35d4,2026-06-25 09:36:19,N/A,N/A,N/A,N/A
Blast Hole Driller,Listed fourteen days ago,Perth WA,WA,$65.00 - $75.00 p.h. + Super all hours + weekly pa,FIFO,https://www.seek.com.au/job/92647966?type=standard&ref=search-standalone#sol=3b3dd6bad5a4ac92616f8fc5fd3df93417b1a06d,2026-06-25 09:36:19,drug_alcohol_test,N/A,mid_level,"2/1 FIFO roster from PerthTemp to perm attractive rates on offer - Super paid on all hours workedLong term projects in both Iron Ore & GoldWe are currently seeking a number of experiencedSurfaceDrill & Blast Operatorsto join our growing FIFO operations team. This is an excellent opportunity to secure atemp-to-perm rolewith strong earning potential and long-term career progression.This position is offered on a2:1 FIFO roster, working across established iron ore/gold sites with consistent workloads and supportive leadership.Key Responsibilities:OperateEpiroc D65 and T45 drill rigssafely and efficiently to meet production targetsDrill blast holes to design specifications and site requirementsConduct pre-start inspections and basic maintenanceWork closely with blast crews and supervisors to ensure accurate drill patternsMaintain strict adherence to site safety procedures and standardsAbout You:Must be able to fly to site from Perth airport onlyProven experience as a Drill & Blast Operator in a mining production environmentDemonstrated experience operatingEpiroc D65 and T45 drill rigsStrong understanding of drill patterns, ground conditions, and production targetsProven experience operating Sandvik D1650i, DP1500i, DR410i and CAT MD6250 is a bonusCommitment to safety and teamworkCurrent Manual C Class Driver's Licence (essential)Must havePermanent residency OR citizenship in Australia/NZBenefits:FIFO 2/1Temp to perm opportunitywith ongoing projectsSuper paid on all hours workedCom"
Driller Operator,Listed twenty one days ago,Perth WA,WA,N/A,N/A,https://www.seek.com.au/job/92503748?type=standard&ref=search-standalone#sol=88aea09db49bb6f16ff87e9dc8bcb6e91c085f12,2026-06-25 09:36:19,N/A,N/A,N/A,N/A
Paste Crew,Listed seventeen days ago,Perth WA,WA,"$3,000 Sign on Bonus | up to $10,000 employee referral program!",FIFO,https://www.seek.com.au/job/92570649?type=standard&ref=search-standalone#sol=285e440b047b1936c8394e930492d8528a311dad,2026-06-25 09:36:19,N/A,N/A,N/A,N/A
Underground Mining Vacancies,Underground Mining Vacancies,Perth WA,WA,N/A,N/A,https://www.seek.com.au/job/92882516?type=promoted&ref=search-standalone#sol=7a64cd7cb5513c5ecb6e220975e31de539b747b5,2026-06-25 14:49:05,N/A,N/A,N/A,N/A
Underground Mining Vacancies,Underground Mining Vacancies,Perth WA,WA,N/A,N/A,https://www.seek.com.au/job/92570305?type=promoted&ref=search-standalone#sol=f650209fdfb13fa066a4f5b7f042efd74e7b1986,2026-06-25 14:49:05,N/A,N/A,N/A,N/A
Underground Mining Vacancies,Listed nine days ago,"Kalgoorlie,Goldfields & Esperance WA",WA,"$100,000 - $350,000 Depending on role and roster.",N/A,https://www.seek.com.au/job/92750034?type=standard&ref=search-standalone#sol=972e8f79ba85789e006db3a002f3c0ed05469705,2026-06-25 14:49:05,N/A,N/A,N/A,N/A
Underground Mining Operators - FIFO WA Gold Mines,Listed three days ago,Perth WA,WA,$65 – $98 per hour,FIFO,https://www.seek.com.au/job/92863297?type=standard&ref=search-standalone#sol=e6c6a8276b726707274c700cd36744bf24a9942f,2026-06-25 14:49:05,N/A,N/A,N/A,N/A
Underground Mining Vacancies,Listed two days ago,Perth WA,WA,N/A,N/A,https://www.seek.com.au/job/92882516?type=standard&ref=search-standalone#sol=f5d5d685c81a1a8a2a555c248694514490d72685,2026-06-25 14:49:05,N/A,N/A,N/A,N/A
Underground Operators - Service Crew,Listed eleven days ago,Perth WA,WA,$90 – $100 per hour,Contract,https://www.seek.com.au/job/92706649?type=standard&ref=search-standalone#sol=03900dfe0a52d1fc0939c4d82e2302ce2619bc58,2026-06-25 14:49:05,N/A,N/A,N/A,N/A
Underground Mining Operators,Listed ten days ago,Perth WA,WA,$60 – $79 per hour PLUS Super,Contract,https://www.seek.com.au/job/92714011?type=standard&ref=search-standalone#sol=904f44f8f2bbe55ffb9d0869e493322682d14e0a,2026-06-25 14:49:05,N/A,N/A,mid_level,"Underground Mining Operators | Tier 1 Projects | 7:7 RosterNippers | Service Crew | Charge Up | Bogger | Jumbo | Underground OperatorsResource Up is partnering with Tier 1 Principal Miners and Tier 1 Mining Contractors across Western Australia's Goldfields region to recruit experienced Underground Mining Operators for ongoing temp-to-perm and full-time contracting opportunities.If you're looking for long-term work, career stability and the opportunity to join some of WA's leading underground operations, we want to hear from you.We are also looking for12 Shift Bosseswith knowledge within underground development and production.What's on Offer?✅ 7:7 Roster (12-hour shifts)✅ FIFO from Perth or DIDO from Kalgoorlie✅ Temp-to-Perm and Full-Time Contract opportunities✅ Weekly pay and online timesheets✅ Competitive rates✅ Long-term career opportunities with Tier 1 operations✅ Excellent camp accommodation and facilities✅ Strong safety-focused culture and supportive teamsRoles AvailableNippers(Local Kalgoorlie ONLY)Underground Truckie(Sandvik TH551) (Local Kalgoorlie ONLY)Service Crew(FIFO + DIDO)Charge Up Operators(FIFO + DIDO)Bogger Operators(FIFO + DIDO)Leading Hand Long Hole Jumbo(FIFO + DIDO)What You'll NeedPrevious underground mining experienceCurrent Australian C-Class Driver's LicenceDangerous Goods Ticket (Desirable)Working at Heights Ticket (Desirable)Current National Police Clearance or willingness to obtain oneStrong commitment to safety and teamworkCharge Up Operators must "
Underground Mining Vacancies,Listed seventeen days ago,Perth WA,WA,N/A,N/A,https://www.seek.com.au/job/92570305?type=standard&ref=search-standalone#sol=aa237d9842c46d21088d74807b18ca3f35d2d360,2026-06-25 14:49:05,N/A,N/A,N/A,N/A
Underground Operators,Listed sixteen days ago,Perth WA,WA,N/A,Contract,https://www.seek.com.au/job/92600497?type=standard&ref=search-standalone#sol=64e8527e443574a47c87faedbe83bcc1e8196022,2026-06-25 14:49:05,N/A,N/A,N/A,N/A
Operator Nipper,Listed two days ago,Perth WA,WA,"Access Barminco's Employee Referral Program - earn up to $10,000 per referral",FIFO,https://www.seek.com.au/job/92894882?type=standard&ref=search-standalone#sol=139d009a02fbe0d85c020991baecb1a772e77930,2026-06-25 14:49:05,N/A,N/A,N/A,N/A
Nipper,Listed ten days ago,Perth WA,WA,$57 per hour,Contract,https://www.seek.com.au/job/92249564?type=standard&ref=search-standalone#sol=4d7336ef05dcc49895df0c40305fb466314f1a7c,2026-06-25 14:49:05,N/A,N/A,N/A,N/A
Underground Agitator Operator,Listed one day ago,Perth WA,WA,$50 - $60 p.h. + Super on all hours + Flights,N/A,https://www.seek.com.au/job/92910496?type=standard&ref=search-standalone#sol=32530fed8ccf1ff29d437ea2e71757e73b22dc4f,2026-06-25 14:49:05,N/A,N/A,N/A,N/A
Underground Loader Operators,Listed eight days ago,Perth WA,WA,N/A,FIFO,https://www.seek.com.au/job/92777310?type=standard&ref=search-standalone#sol=524686a16207fa9697dc302a498582afa43dcaa0,2026-06-25 14:49:05,N/A,N/A,N/A,N/A
Underground Nippers & Service  Crew,Listed ten days ago,Perth WA,WA,$50-60p/h,Contract,https://www.seek.com.au/job/92717114?type=standard&ref=search-standalone#sol=6ff42c5c7a35a6a1f8399b64a34376bd4b4ce868,2026-06-25 14:49:05,N/A,N/A,N/A,N/A
Operator Underground Truck - Bellevue,Listed fourteen days ago,Perth WA,WA,"Access Barminco's Employee Referral Program - earn up to $10,000 per referral",FIFO,https://www.seek.com.au/job/92667370?type=standard&ref=search-standalone#sol=f6021f51feb45ac9b963558f22e4fd7ce98cff2a,2026-06-25 14:49:05,N/A,N/A,N/A,N/A
Underground Service Crew,Listed thirteen hours ago,Perth WA,WA,$840/shift + superannuation,Contract,https://www.seek.com.au/job/92933806?type=standard&ref=search-standalone#sol=3830cf368058a8e2ca921b50288bddb8a978b874,2026-06-25 14:49:05,N/A,N/A,N/A,N/A
Blast Crew Operator (Underground Charge-up),Listed nine days ago,Perth WA,WA,"$137,000 – $175,000 per year",N/A,https://www.seek.com.au/job/92737880?type=standard&ref=search-standalone#sol=67ed71331d05ab69da3f9330c3d5a5e20f02c380,2026-06-25 14:49:05,N/A,N/A,N/A,N/A
UNDERGROUND MINING ROLES,Listed sixteen days ago,Perth WA,WA,N/A,Casual,https://www.seek.com.au/job/92603658?type=standard&ref=search-standalone#sol=deec5934a978667f247f089ba04e73f34bb12c3a,2026-06-25 14:49:05,N/A,N/A,N/A,N/A
Underground Decline Crew,Listed seven days ago,Perth WA,WA,N/A,N/A,https://www.seek.com.au/job/92799961?type=standard&ref=search-standalone#sol=148dc50d34bdb368f3ed743695c5b1c849824114,2026-06-25 14:49:05,N/A,N/A,N/A,N/A
Underground Operations Crew,Listed twenty two days ago,"Nullagine,Port Hedland, Karratha & Pilbara WA",WA,N/A,FIFO,https://www.seek.com.au/job/92472968?type=standard&ref=search-standalone#sol=c8c26c2aded76c7c73d2f5d227a429660460c279,2026-06-25 14:49:05,N/A,N/A,N/A,N/A
Service Crew Operator,Listed one day ago,Perth WA,WA,N/A,N/A,https://www.seek.com.au/job/92904170?type=standard&ref=search-standalone#sol=a310f25d618e79d565e3a0fc53f4934b013abbcd,2026-06-25 14:49:05,first_aid|drug_alcohol_test,N/A,senior,"Vault Minerals Limitedis a  leading intermediate gold producer listed on the ASX, with a diversified  portfolio of operating assets across Western Australia and Canada. Formerly  known as Red 5 Limited, the company rebranded to Vault Minerals in September  2024 to reflect its scale, strength, and growth ambitions.Deflector Site Overview:Deflector Operation consists of two high-grade, narrow vein Gold/Copper mines, located 160km east of Geraldton. The ore is contained in a series of structurally complex lodes, namely the Deflector and Deflector South West deposits.Reporting to theUnderground  Shift Supervisor, the Service Crew Operator is responsible for the safe,  timely, and efficient installation and maintenance of underground services,  including ventilation, water, paste, and power infrastructure. The role  supports the achievement of production and development targets, working in  strict compliance with Vault Minerals' operational procedures, safety  standards, and regulatory requirements.What we  offer:This position will be offered on       an 14:14FIFO roster from PerthA short one hour flight time from       Perth or DIDO from Geraldton areaCompetitive Salary on       a fortnightly pay cycleReferral program allowing you to       earn up to $6,000 for referring new employeesCareer development opportunities       and great company cultureKey  responsibilities of this role will include:Install and maintain underground services including ventilation       ducting, poly and"
Underground Service Crew,Listed one day ago,Perth WA,WA,$600-$800 per shift,N/A,https://www.seek.com.au/job/92922573?type=standard&ref=search-standalone#sol=e918258dc5a0a955c2546c859813765f614da1ee,2026-06-25 14:49:05,N/A,N/A,N/A,N/A
Underground Mining Vacancies,Underground Mining Vacancies,Perth WA,WA,N/A,N/A,https://www.seek.com.au/job/92337189?type=standard&ref=search-standalone#sol=a7c1b5003fbb3f596b896f507055ad0bad7481f0,2026-06-25 14:49:05,N/A,N/A,N/A,N/A
Underground Shift Boss,Listed one day ago,Perth WA,WA,$200k - $220k p.a. + Super + Bonus,N/A,https://www.seek.com.au/job/92910546?type=standard&ref=search-standalone#sol=59fde6def9e23851866855c52ce39fdf085c44c6,2026-06-25 14:49:05,N/A,N/A,N/A,N/A
Entry Level Underground Truck Operator - Residential Kalgoorlie,Listed two days ago,"Kalgoorlie,Kalgoorlie, Goldfields & Esperance WA",WA,N/A,N/A,https://www.seek.com.au/job/92881371?type=standard&ref=search-standalone#sol=0253b3b8bfee3182360a4243f11266bb25bf2197,2026-06-25 14:49:05,N/A,N/A,N/A,N/A
Underground 2IC Leading Hand,Listed fourteen hours ago,"Kalgoorlie,Kalgoorlie, Goldfields & Esperance WA",WA,N/A,FIFO,https://www.seek.com.au/job/92932416?type=standard&ref=search-standalone#sol=2cadedc5ad0b8c2a105392a023436231297e971a,2026-06-25 14:49:05,N/A,N/A,N/A,N/A
Underground Nipper,Listed six days ago,Perth WA,WA,$50 ph Fulltime + Super on all hours worked,N/A,https://www.seek.com.au/job/92819009?type=standard&ref=search-standalone#sol=b16af8459c3c9b6760a8dd73a60a509decdac081,2026-06-25 14:49:05,N/A,N/A,N/A,N/A
Underground Service Crew -  8/6 & 7/7 rosters,Listed nine hours ago,Perth WA,WA,Casual rate $65 p/hr plus super,Casual,https://www.seek.com.au/job/92942896?type=standard&ref=search-standalone#sol=7a22a01add3dc25cc514372ea62d31a92c017fce,2026-06-25 14:49:05,N/A,N/A,N/A,N/A
Underground Operators - Charge Up,Listed seven days ago,Perth WA,WA,"$150,000 – $170,000 per year",FIFO,https://www.seek.com.au/job/92797737?type=standard&ref=search-standalone#sol=fd7150a749ff77d0a4690e65fa6cca4609f86931,2026-06-25 14:49:05,N/A,N/A,N/A,N/A
Underground Bogger Operator,Listed one day ago,Perth WA,WA,$100/hr (casual),N/A,https://www.seek.com.au/job/92922303?type=standard&ref=search-standalone#sol=8659f60b85f759780fcfab30514736a2d92697be,2026-06-25 14:49:05,N/A,N/A,N/A,N/A
Service Crew | Underground | Multiple FIFO Sites,Listed two days ago,Perth WA,WA,Up to $60/hr + Super on all hours,Contract,https://www.seek.com.au/job/92889818?type=standard&ref=search-standalone#sol=e1ad464029335ff57db7ec9d51ea6394e5f4c4f8,2026-06-25 14:49:05,N/A,N/A,N/A,N/A
Jumbo Operator,Listed six hours ago,"Kalgoorlie,Kalgoorlie, Goldfields & Esperance WA",WA,N/A,FIFO,https://www.seek.com.au/job/92947741?type=standard&ref=search-standalone#sol=e942598812ef22bf21a5cd605c2008cf5bfa5c35,2026-06-25 14:49:05,N/A,N/A,N/A,N/A
Drill Operator - FIFO 2:1,atRed Arrow Australia,Perth WA,WA,N/A,Casual,https://www.seek.com.au/job/92488008?type=promoted&ref=search-standalone#sol=7f7f69c80a0c0e1c28ce1bb7e5190eab53c26520,2026-06-25 20:12:20,N/A,N/A,N/A,N/A
Production Blast Hole Drillers - FIFO 2:1,Production Blast Hole Drillers - FIFO 2:1,Perth WA,WA,$60.00 p/h,Contract,https://www.seek.com.au/job/92930318?type=promoted&ref=search-standalone#sol=275c49e7de99958f195c34dbe461277b01874246,2026-06-25 20:12:20,N/A,N/A,N/A,N/A
Drill Operators- FIFO Various Sites,Listed twenty one days ago,Perth WA,WA,N/A,FIFO,https://www.seek.com.au/job/92514918?type=standard&ref=search-standalone#sol=fbd0f121d98fa6a8223d9338a6c59514f11f2aa3,2026-06-25 20:12:20,N/A,N/A,N/A,N/A
Operator - Driller,Listed one day ago,Perth WA,WA,N/A,Contract,https://www.seek.com.au/job/92911610?type=standard&ref=search-standalone#sol=100261d11d8a119f4b8865a4fa5987df393483da,2026-06-25 20:12:20,N/A,N/A,N/A,N/A
D65 Drillers - FIFO,Listed fourteen hours ago,Perth WA,WA,Up to $65.00 p.h. + Superannuation,Contract,https://www.seek.com.au/job/92943236?type=standard&ref=search-standalone#sol=cba5a099204416eae5026bfed7c96d2521f56d81,2026-06-25 20:12:20,N/A,N/A,N/A,N/A
Drill Operator - FIFO 2:1,Listed twenty two days ago,Perth WA,WA,N/A,Casual,https://www.seek.com.au/job/92488008?type=standard&ref=search-standalone#sol=8410fe5574a9f984ed595924944d4b167e0c3e4b,2026-06-25 20:12:20,N/A,N/A,N/A,N/A
Drill Operator,Listed twenty days ago,Perth WA,WA,N/A,N/A,https://www.seek.com.au/job/92546694?type=standard&ref=search-standalone#sol=ebd5b51e0283250425283315eee9f0062b986621,2026-06-25 20:12:20,N/A,N/A,N/A,N/A
Driller - Roster - NWA,Listed two days ago,"Kununurra,Broome & Kimberley WA",WA,N/A,FIFO,https://www.seek.com.au/job/92890652?type=standard&ref=search-standalone#sol=0df5b7f6f09d4eb076ecfb410dff58c47b9ffcae,2026-06-25 20:12:20,N/A,N/A,N/A,N/A
Driller,Listed three days ago,Perth WA,WA,N/A,N/A,https://www.seek.com.au/job/92860512?type=standard&ref=search-standalone#sol=900eb4f793db663e3400a0a1a278124ac81464b2,2026-06-25 20:12:20,N/A,N/A,N/A,N/A
Production Blast Hole Drillers - FIFO 2:1,Listed twenty one hours ago,Perth WA,WA,$60.00 p/h,Contract,https://www.seek.com.au/job/92930318?type=standard&ref=search-standalone#sol=93334670d2900b4d8d21b4faf902e88a9b5172f6,2026-06-25 20:12:20,N/A,N/A,N/A,N/A
Driller,Listed three days ago,Perth WA,WA,$60 – $75 per hour,Casual,https://www.seek.com.au/job/92871752?type=standard&ref=search-standalone#sol=47ec207393f60d69a6653f59a678e55549759395,2026-06-25 20:12:20,N/A,N/A,N/A,N/A
Paste Crew (FIFO),Listed twenty days ago,Perth WA,WA,N/A,Contract,https://www.seek.com.au/job/92532589?type=standard&ref=search-standalone#sol=d65f5d7e970ebc939ca035d78f55a9e9eb98eaa8,2026-06-25 20:12:20,N/A,N/A,N/A,N/A
Driller | FIFO,Listed thirteen days ago,Perth WA,WA,$61.65 - $65.02 p.h.,Contract,https://www.seek.com.au/job/92692865?type=standard&ref=search-standalone#sol=87c60cd56e33ec1c137d4944141af8b85fffc7e6,2026-06-25 20:12:20,N/A,N/A,N/A,N/A
Blast Hole Driller,Listed seventeen days ago,Perth WA,WA,$64.58 – $74.75 per hour,Casual,https://www.seek.com.au/job/92566454?type=standard&ref=search-standalone#sol=9878666be522313b9f992dfec70bd7e83ad77962,2026-06-25 20:12:20,N/A,N/A,N/A,N/A
Entry Level Drillers Offsider - FIFO | Surface & Underground | $120k+,Listed thirteen hours ago,Perth WA,WA,"Circa $116,000 to $130,000",FIFO,https://www.seek.com.au/job/92944959?type=standard&ref=search-standalone#sol=f238d320d1ca151d68a8a04c6854073899dca11f,2026-06-25 20:12:20,N/A,N/A,N/A,N/A
Paste Crew (FIFO),Listed twenty days ago,Perth WA,WA,N/A,Contract,https://www.seek.com.au/job/92536279?type=standard&ref=search-standalone#sol=e04e4a11651e5905b7efe1ef72cce303421e9901,2026-06-25 20:12:20,N/A,N/A,N/A,N/A
FIFO - Indigenous - Trainee - Mobile plant operator,Listed ten days ago,Perth WA,WA,$38 per hour,FIFO,https://www.seek.com.au/job/92717877?type=standard&ref=search-standalone#sol=6fe23b4f0ff8b7c3e3a1ab68113fff8eaf552635,2026-06-25 20:12:20,N/A,N/A,N/A,N/A
Blast Hole Driller,Listed five days ago,Perth WA,WA,N/A,FIFO,https://www.seek.com.au/job/92841333?type=standard&ref=search-standalone#sol=7baa6693e6f7e6f1cda80a959029434e08ca21f0,2026-06-25 20:12:20,N/A,N/A,N/A,N/A
All Round Machine Operators required for multiple sites,Listed one day ago,Perth WA,WA,$60 – $72 per hour,Casual,https://www.seek.com.au/job/92902448?type=standard&ref=search-standalone#sol=af2cca8aa92232b07069b8aec7a008ddcb7c957d,2026-06-25 20:12:20,N/A,N/A,N/A,N/A
Blast Hole Driller,Listed fourteen days ago,Perth WA,WA,$65.00 - $75.00 p.h. + Super all hours + weekly pa,FIFO,https://www.seek.com.au/job/92647966?type=standard&ref=search-standalone#sol=8112aaf2ab2d3e817cd20a0ef22adce2b07e355a,2026-06-25 20:12:20,N/A,N/A,N/A,N/A
Driller Assistant - Underground,Listed twenty hours ago,Perth WA,WA,"Earnings of $100,000+ in your first year as a Driller Assistant plus bonus",FIFO,https://www.seek.com.au/job/92931343?type=standard&ref=search-standalone#sol=8d772fd9d65844f3e32b77398af209c68beb3280,2026-06-25 20:12:20,N/A,N/A,N/A,N/A
Surface Drilling Consumables Support,Listed eight days ago,Perth WA,WA,N/A,FIFO,https://www.seek.com.au/job/92776391?type=standard&ref=search-standalone#sol=bc53930cc32d5c452fe64af7c4a8cf2e6c1e6faa,2026-06-25 20:12:20,N/A,N/A,N/A,N/A
Driller Operator,Listed twenty one days ago,Perth WA,WA,N/A,N/A,https://www.seek.com.au/job/92503748?type=standard&ref=search-standalone#sol=780055b83b009e5106fcd131a99a703077675789,2026-06-25 20:12:20,N/A,N/A,N/A,N/A
Offsider / Drillers Assistant,Listed three days ago,Perth WA(Remote),WA,N/A,Casual,https://www.seek.com.au/job/92863160?type=standard&ref=search-standalone#sol=d0ff07fd68e21ce2203a069cd359a8fbd3004356,2026-06-25 20:12:20,N/A,N/A,N/A,N/A
Exploration Trainee Driller's Offsider (Assistant) | Entry Level | FIFO in WA,Listed two days ago,Perth WA,WA,"Up to $130,000",FIFO,https://www.seek.com.au/job/92886321?type=standard&ref=search-standalone#sol=f6e0035ff527e079975cc54c88a534e55744a989,2026-06-25 20:12:20,N/A,N/A,N/A,N/A
Trainee Geophysical Wireline Operator,Listed one day ago,"Osborne Park,Perth WA",WA,N/A,Casual,https://www.seek.com.au/job/92916087?type=standard&ref=search-standalone#sol=a6dc5e4be2315f6f16123836d174bd95504e366e,2026-06-25 20:12:20,N/A,N/A,N/A,N/A
Expression of Interest FIFO - Drill & Blast WA,Listed two days ago,Perth WA,WA,N/A,FIFO,https://www.seek.com.au/job/92877625?type=standard&ref=search-standalone#sol=da3a613abb53dfe736c966769e3f62485e2c5ade,2026-06-25 20:12:20,N/A,N/A,N/A,N/A
O - Driller,Listed nine days ago,"Kalgoorlie,Kalgoorlie, Goldfields & Esperance WA",WA,N/A,Casual,https://www.seek.com.au/job/92751626?type=standard&ref=search-standalone#sol=b1c3a40abc52d1960e625054a471208fa5e2a514,2026-06-25 20:12:20,first_aid|heavy_vehicle_license,N/A,senior,"About UsBWE Drillingis a leading provider of specialised drilling and blasting services to the Australian mining, exploration and construction sectors.Through our three specialist business units - Waterwell, Drill & Blast, and Exploration - we deliver safe, efficient and reliable solutions across a wide range of project environments.The Group employing nearly 300 people across WA, NT & QLD is experiencing strong growth nationally, driven by long‑term client relationships, operational capability and a commitment to safety and performance.Our Business UnitsBWE Drilling - Drill & BlastOur Drill & Blast division delivers full production drilling and specialised blasting services across mining and civil projects. Services are designed to achieve high productivity while minimising impact on surrounding environments and active operations.BWE Drilling - ExplorationOur Exploration division is an established drilling contractor supporting exploration and mining programs with Air Core, Reverse Circulation and Diamond Drilling services. The team works across diverse greenfield and brownfield projects in Australia.BWE Drilling - WaterwellOur Waterwell division specialises in water bore drilling and well services, operating across local government and Tier 1 mining clients in Australia. Projects range from mine‑site water supply to deep artesian bore drilling.What You'll Do:Operate and maintain RC drill rigsAchievement of daily drill productivity targetsTrain and supervise offsiders as req"
Paste Crew,Listed seventeen days ago,Perth WA,WA,"$3,000 Sign on Bonus | up to $10,000 employee referral program!",FIFO,https://www.seek.com.au/job/92570649?type=standard&ref=search-standalone#sol=1b04c996692b5891e8ecba8c536d1b4e2aebd437,2026-06-25 20:12:20,N/A,N/A,N/A,N/A
FIFO | Drillers Assistant | Offsider | Labourer,Listed fourteen hours ago,Perth WA(Remote),WA,"Starting on $130,000 per year MINIMUM!!",FIFO,https://www.seek.com.au/job/92943588?type=standard&ref=search-standalone#sol=83e81ab02aea0871d1fba867bf302bf1b8f196bb,2026-06-25 20:12:20,N/A,N/A,N/A,N/A
Plant Operator | FIFO/DIDO | Multiple WA Sites | IMMEDIATE START,Listed eighteen hours ago,Perth WA,WA,N/A,Casual,https://www.seek.com.au/job/92935558?type=standard&ref=search-standalone#sol=fe6b01cfe03bc256acd40aeda0542b2777f22c14,2026-06-25 20:12:20,N/A,N/A,N/A,N/A
Surface Drilling Consumables Support,Listed twenty nine days ago,Perth WA,WA,N/A,FIFO,https://www.seek.com.au/job/92361340?type=standard&ref=search-standalone#sol=581e27d2b978cf4802e32150dcc6c8119ac32747,2026-06-25 20:12:20,N/A,N/A,N/A,N/A
Dump Truck Operators | 2:1 Roster | Permanent Role,atPrivate Advertiser,Perth WA,WA,$52–$59 ph. + super + hourly bonus + Benefits,FIFO,https://www.seek.com.au/job/92937554?type=promoted&ref=search-standalone#sol=ab7d592c230da603a255bd838aec40dc8473cfbe,2026-06-26 09:43:18,N/A,N/A,N/A,N/A
FIFO - Dump Truck Operator,atDrive Personnel,Perth WA,WA,$55 – $60 per hour,Casual,https://www.seek.com.au/job/92861050?type=promoted&ref=search-standalone#sol=eaa46a64d374230dc871f2a1d9aa5c9d7958ab09,2026-06-26 09:43:18,N/A,N/A,N/A,N/A
Dump Truck Operators | 2:1 Roster | Permanent Role,Listed one day ago,Perth WA,WA,$52–$59 ph. + super + hourly bonus + Benefits,FIFO,https://www.seek.com.au/job/92937554?type=standard&ref=search-standalone#sol=d2474d9f6e3596f8ee1a84df42b3e7bb87802e97,2026-06-26 09:43:18,N/A,N/A,N/A,N/A
Dump Truck Operators,Listed three days ago,Perth WA,WA,$56/hr + Superannuation paid on all hours,FIFO,https://www.seek.com.au/job/92893107?type=standard&ref=search-standalone#sol=7b1fa4e7f6a3d249ccee83b57602c67e0a1cd667,2026-06-26 09:43:18,N/A,N/A,N/A,N/A
30x Dump Truck Operators $55 - $58 Per Hour,Listed four hours ago,Perth WA,WA,$55 - $58 PER HOUR + SUPER | 12.5 HOUR DAYS | WEEKLY PAY,Casual,https://www.seek.com.au/job/92968038?type=standard&ref=search-standalone#sol=1b1cd55bd882613b53cd86e5da8429ba71f3ee99,2026-06-26 09:43:18,N/A,N/A,N/A,N/A
FIFO - Dump Truck Operator,Listed four days ago,Perth WA,WA,$55 – $60 per hour,Casual,https://www.seek.com.au/job/92861050?type=standard&ref=search-standalone#sol=8158810998d881c76054344a2d1300850ac96d2e,2026-06-26 09:43:18,drivers_license|drug_alcohol_test,N/A,senior,"About The RoleAs a Dump Truck Operator working across various WA Goldfields mine sites, this position supports safe and efficient production mining operations within a fast-paced environment. The role involves operating large-scale haul trucks between loading and dumping, ensuring targets are achieved whilst maintaining safety procedures and operations standards.Essential Skills & QualificationsHR Drivers Licence or higherArticulated Haul Truck TicketNational Police ClearanceAble to pass pre-employment medical including drug & alcoholFull Working Rights in Australia2+ years previous mining experienceGreat communication skills and a 'can do' attitudeDuties & ResponsibilitiesOperate dump trucks safely and efficiently transporting bulk materials throughout mine siteWorking closely with excavators, loaders, dozer and graders for production worksConduct pre-start and inspections, reporting any faults or maintenance requirementsComply with all environmental. operational and procedures while contributing to daily targetsWhat We Offer2/1 FIFO roster from Perth/BusseltonWeekly pay cycleOngoing long-term projectsOpportunity to transition from casual to permanentClear career progressions pathways within mining operationsCompetitive pay rate aligned with Industry standardsAbout Our CompanyDrive Personnel is a leading workforce solutions provider headquarters in Perth, delivering expert services to the Mining, Infrastructure, Construction, Resources, and Civil sectors across Western Austr"
Goldfields WA- Dump Truck Operator,Listed two days ago,Perth WA,WA,N/A,Contract,https://www.seek.com.au/job/92910123?type=standard&ref=search-standalone#sol=54ab1431ff5aa0f042dbca813405a2fc336b713c,2026-06-26 09:43:18,N/A,N/A,N/A,N/A
Dump Truck Operators,Listed seven days ago,Perth WA,WA,$55/hr + Super on all hours worked,FIFO,https://www.seek.com.au/job/92828607?type=standard&ref=search-standalone#sol=b00eee1392a3aad08551d7b7b08ec710c1bc7914,2026-06-26 09:43:18,N/A,N/A,N/A,N/A
Dump Truck Operator,Listed eighteen days ago,Perth WA,WA,N/A,N/A,https://www.seek.com.au/job/92578572?type=standard&ref=search-standalone#sol=9ad989fb2a573820ed1e7464489f74a2528ca880,2026-06-26 09:43:18,N/A,N/A,N/A,N/A
Dump Truck Operator,Listed four days ago,Perth WA,WA,$50 – $55 per hour,Casual,https://www.seek.com.au/job/92845609?type=standard&ref=search-standalone#sol=afc7d86173e0f39d1c329f271556d4a3dbdc62b4,2026-06-26 09:43:18,N/A,N/A,N/A,N/A
Dump Truck Operator,Listed eighteen days ago,Perth WA,WA,N/A,N/A,https://www.seek.com.au/job/92574321?type=standard&ref=search-standalone#sol=ccf2f231350ad5dee50a820d69684e731cab34c7,2026-06-26 09:43:18,N/A,N/A,N/A,N/A
(DIDO or BIBO/RESIDENTIAL KALGOORLIE) Dump Truck Operators $55 Per Hour,Listed four hours ago,"Kalgoorlie,Kalgoorlie, Goldfields & Esperance WA",WA,$55 PER HOUR + SUPER | 12.5 HOUR DAYS | WEEKLY PAY,Casual,https://www.seek.com.au/job/92968357?type=standard&ref=search-standalone#sol=6ff4918f133a4ade3d3de85c4e77bc9f8d7b89d9,2026-06-26 09:43:18,N/A,N/A,N/A,N/A
Dump Truck Operator,Listed six days ago,Perth WA,WA,N/A,N/A,https://www.seek.com.au/job/92839456?type=standard&ref=search-standalone#sol=b2bc820657045225c276da0f017f8b7734fecc6e,2026-06-26 09:43:18,N/A,N/A,N/A,N/A
Dump Truck Operators - FIFO 2:1,Listed seven days ago,Perth WA,WA,$58.00 - $60.00p/hr,Casual,https://www.seek.com.au/job/92815750?type=standard&ref=search-standalone#sol=1153904cf13c3a573e55d8f65284ac83352fc313,2026-06-26 09:43:18,N/A,N/A,N/A,N/A
General Expressions of Interest - Dump Truck Operators,Listed four days ago,Perth WA,WA,N/A,FIFO,https://www.seek.com.au/job/92850179?type=standard&ref=search-standalone#sol=759316dfbbc5fea27190e5be95fe922a249dc639,2026-06-26 09:43:18,N/A,N/A,N/A,N/A
Moxy Operator,Listed five hours ago,Perth WA,WA,N/A,Contract,https://www.seek.com.au/job/92966464?type=standard&ref=search-standalone#sol=4dc26a05ac0b27d8588c41f505546a4c6afe69ee,2026-06-26 09:43:18,N/A,N/A,N/A,N/A
Vacuum Truck Operator - Attractive Family Friendly FIFO Roster,Listed eight hours ago,"Leonora,Kalgoorlie, Goldfields & Esperance WA",WA,N/A,FIFO,https://www.seek.com.au/job/92958467?type=standard&ref=search-standalone#sol=91a8cbe508514f49e6932d41c7c3c986517d0d04,2026-06-26 09:43:18,N/A,N/A,N/A,N/A
Production Dump Truck Operator,Listed seven days ago,Perth WA,WA,N/A,Casual,https://www.seek.com.au/job/92830495?type=standard&ref=search-standalone#sol=f92b97057cc9e326dd3f40186e1181fb7368b164,2026-06-26 09:43:18,N/A,N/A,N/A,N/A
MULTIPLE ROLES - Dozer / Grader / Loader / Dump Truck / Water Cart,Listed four days ago,"Wiluna,Kalgoorlie, Goldfields & Esperance WA",WA,N/A,FIFO,https://www.seek.com.au/job/92849549?type=standard&ref=search-standalone#sol=325444f4cc6889433bbd89f0d8d124c68f4f1041,2026-06-26 09:43:18,N/A,N/A,N/A,N/A
Entry Level - Dump Truck / Loader Operator - Mine Site,Listed two days ago,"Kalgoorlie,Kalgoorlie, Goldfields & Esperance WA",WA,$40 – $50 per hour,N/A,https://www.seek.com.au/job/92921796?type=standard&ref=search-standalone#sol=140da6db27f482599898a1d99b9a274a481117b9,2026-06-26 09:43:18,N/A,N/A,entry_level,"Entry Level - Dump Truck / Loader Operator - Mine SiteRoster 2/1 FIFO from Perth WASite Services Work - (Surface)Permanent Full Time PositionLong-Term, On-Going, Various Sites5 weeks Annual LeaveImmediate StartApplicant to providePolice Clearance under 12 months oldCurrent full Western Australian C Class Driver's LicenseApplications via email onlyEmail resumes to:ram•••••••••••@ramsgoldfields.com.au"
Mobile Plant Operators - Exploration,Listed nine hours ago,Perth WA,WA,N/A,Casual,https://www.seek.com.au/job/92957111?type=standard&ref=search-standalone#sol=f8b99741e1ba3d8e5a93560578fa81bb6c8b2b84,2026-06-26 09:43:18,N/A,N/A,N/A,N/A
Dump Truck Operator - Northern Star Surface Mining,Listed four days ago,Perth WA,WA,N/A,FIFO,https://www.seek.com.au/job/92858740?type=standard&ref=search-standalone#sol=afd462fc647c38cbe111fcc33b89ee7dcd0f870f,2026-06-26 09:43:18,N/A,N/A,N/A,N/A
All Rounder Operator,Listed eighteen days ago,Perth WA,WA,$2500 sign on bonus. Competitive rates and superannuation paid on all hours.,N/A,https://www.seek.com.au/job/92581300?type=standard&ref=search-standalone#sol=acb2667d18f53205f353136d5235c8bda04a6855,2026-06-26 09:43:18,N/A,N/A,N/A,N/A
All Rounder Operators,Listed two hours ago,Perth WA,WA,N/A,Contract,https://www.seek.com.au/job/92972679?type=standard&ref=search-standalone#sol=38480d1ec05adbd302f5f913b6ae359337794428,2026-06-26 09:43:18,N/A,N/A,N/A,N/A
Haul Truck Operators - Sino Iron Mine,Listed sixteen days ago,Perth WA,WA,N/A,N/A,https://www.seek.com.au/job/92617678?type=standard&ref=search-standalone#sol=d31a9ccd8c792f6f475a846777077d919991e41b,2026-06-26 09:43:18,N/A,N/A,N/A,N/A
Expression Of Interest - Civil Multi Skilled Operators,Listed two days ago,"Kalgoorlie,Kalgoorlie, Goldfields & Esperance WA",WA,N/A,FIFO,https://www.seek.com.au/job/92899749?type=standard&ref=search-standalone#sol=b6ebf60f7db93da0e0e83998b3ba5af93f15aa7e,2026-06-26 09:43:18,N/A,N/A,N/A,N/A
$55 - $58 Per Hour Dump Truck Operators,Listed seven days ago,Perth WA,WA,$55+ Per Hour + Super | Weekly Pay,Casual,https://www.seek.com.au/job/92826709?type=standard&ref=search-standalone#sol=53a40c6df2d9a62ac6f23b2f44ca4845c6ff1df9,2026-06-26 09:43:18,N/A,N/A,N/A,N/A
Experienced Haul Truck Operators WANTED!,Listed twenty eight days ago,Perth WA,WA,$56 per hour + Superannuation,Contract,https://www.seek.com.au/job/92397881?type=standard&ref=search-standalone#sol=26282851d0990134c2952dc53a0cfe847522f991,2026-06-26 09:43:18,drivers_license|drug_alcohol_test,N/A,N/A,"8/6 Day Shift Only - Possibility a 7/7 night shift component will be added$56 + SuperannuationFIFO - From Perth to the PilbaraProgrammed Energy & Resourcesare currently seeking multiple CAT 793 Haul Truck Operators for an ongoing project with our major mining partner in the Pilbara.About the RoleOur client is requiring a team of Haul Truck operators to prepare a number of SME truck fleets for the Run to Full Value project in the Pilbara. The CAT 793F fleet, will be used in preparation of current and future WAIO operation requirements.Role RequirementsHigh level attention to detail12+ months experience operating CAT 793F Haul TrucksWA Drivers Licence - Valid with no restrictionsLocated in Western AustraliaFull Australian Working RightsAbility to Pass a Pre-Employment Medical & Drug and Alcohol ScreenWhat Programmed Can Offer YouProviding onsite support with Programmed representatives in NewmanFull PPE including BootsProviding a Safe and Confidential EAP ServiceFlights and Accommodation from Perth to the PilbaraJob Reference Number: GOREF: 75817Why Join Programmed Energy & ResourcesAs one of Australia's largest employers, we work with great companies all around Australia and New Zealand to give you the best opportunities to work when and where you want to.At Programmed, we are committed to creating a safe and inclusive environment which values and respects diverse styles, backgrounds, experiences and perspectives.We welcome and encourage women, people of Aboriginal and Torres S"
FIFO Dump Truck Operator - Mining,Listed sixteen days ago,Perth WA,WA,N/A,FIFO,https://www.seek.com.au/job/92624774?type=standard&ref=search-standalone#sol=ca4f4e896fd589157ca0c248d9bef9b323468507,2026-06-26 09:43:18,N/A,N/A,N/A,N/A
Dump Truck Operator,Listed eighteen days ago,Perth WA,WA,N/A,N/A,https://www.seek.com.au/job/92574012?type=standard&ref=search-standalone#sol=8b54bfbc281d794d67e9d001e2d5e9d5f5e91175,2026-06-26 09:43:18,N/A,N/A,N/A,N/A
Dump Truck Operator,Listed fourteen days ago,Perth WA,WA,"$2,500 sign on bonus, great benefits and culture",Casual,https://www.seek.com.au/job/92694061?type=standard&ref=search-standalone#sol=ab5d1f80ddc6fa395088629cbde7cc59a1c94ffa,2026-06-26 09:43:18,N/A,N/A,N/A,N/A
FIFO Operators | Excavator | Dump Truck | Ancillary,Listed two days ago,Perth WA,WA,$55.00/hr - $75.00/hr pls super on all hours,Casual,https://www.seek.com.au/job/92916115?type=standard&ref=search-standalone#sol=ebed328449a71de2f9184da3871a82c3255b6495,2026-06-26 09:43:18,N/A,N/A,N/A,N/A
Experienced gps dozer and grader operator,Experienced gps dozer and grader operator,"Kalgoorlie,Kalgoorlie, Goldfields & Esperance WA",WA,$65 – $80 per hour,Casual,https://www.seek.com.au/job/92967768?type=promoted&ref=search-standalone#sol=ee9beed8a9511b89b3d81505c8c522e93e7f4950,2026-06-26 20:02:08,N/A,N/A,N/A,N/A
50 x Mobile Plant Operators - Up To $80 Per Hour,atFetch Recruitment,Perth WA,WA,New + Established Sites | Rates Up To $80 Per Hour,Casual,https://www.seek.com.au/job/92770038?type=promoted&ref=search-standalone#sol=46a577ecbe58280e4ef97a536b81da694cad1433,2026-06-26 20:02:08,N/A,N/A,N/A,N/A
Plant Operator and General Hand,Listed eight days ago,"Quairading,Northam & Wheatbelt WA",WA,N/A,N/A,https://www.seek.com.au/job/92802920?type=standard&ref=search-standalone#sol=2e34fd9e9e78387f9c0e32abfe6ed7ddf12caedf,2026-06-26 20:02:08,N/A,N/A,N/A,N/A
Mobile Plant Operators - Exploration,Listed nineteen hours ago,Perth WA,WA,N/A,Casual,https://www.seek.com.au/job/92957111?type=standard&ref=search-standalone#sol=b46d04c035fb19d9a2941ae7c546bdaa6127971c,2026-06-26 20:02:08,N/A,N/A,N/A,N/A
Logging Plant Operators,Listed four days ago,"Bunbury,Bunbury & South West WA",WA,N/A,N/A,https://www.seek.com.au/job/92847980?type=standard&ref=search-standalone#sol=b911e4d4f8657de4762f4bae7d4c356348adace3,2026-06-26 20:02:08,N/A,N/A,N/A,N/A
All Rounder Operators,Listed twelve hours ago,"Boddington,Mandurah & Peel WA",WA,N/A,Casual,https://www.seek.com.au/job/92971339?type=standard&ref=search-standalone#sol=fa0b84419c8704ffac87c7e9e5395f758bc45485,2026-06-26 20:02:08,N/A,N/A,N/A,N/A
"Operators - Dozer, Loader, Excavator, Grader & All-rounders",Listed fourteen hours ago,Perth WA,WA,N/A,N/A,https://www.seek.com.au/job/92968058?type=standard&ref=search-standalone#sol=03422f05e1e516c50d0a74130ce983958b4966f2,2026-06-26 20:02:08,N/A,N/A,N/A,N/A
Plant Operators and Labourers,Listed one day ago,"Karratha,Port Hedland, Karratha & Pilbara WA",WA,N/A,Contract,https://www.seek.com.au/job/92942715?type=standard&ref=search-standalone#sol=84dacdc06c9d98f04c1f3fd0cf7195ba72bfc99d,2026-06-26 20:02:08,N/A,N/A,N/A,N/A
Expression Of Interest - Civil Multi Skilled Operators,Listed three days ago,"Kalgoorlie,Kalgoorlie, Goldfields & Esperance WA",WA,N/A,FIFO,https://www.seek.com.au/job/92899749?type=standard&ref=search-standalone#sol=9abbcf5c668b7979be5c573210de5a53ff3e595e,2026-06-26 20:02:08,N/A,N/A,N/A,N/A
Ancillary Operators,Listed three days ago,Perth WA,WA,$62 -$78/hr + superannuation paid on all hours,FIFO,https://www.seek.com.au/job/92894627?type=standard&ref=search-standalone#sol=bda0bad6c7cb05fe4be589d4f4dc5802c8b68239,2026-06-26 20:02:08,drug_alcohol_test,N/A,mid_level,"FIFO ex Perth to Pilbara | 8:6, 7:7 roster | Days and NightsProject commencing mid-August 2026Operating Dozers, Loaders, ExcavatorsSilverstone are currently seeking Dump Truck Operators to join a major new mining project with one of Australia's leading mining companies in the Pilbara.This is a long-term opportunity offering an excellent roster, strong earning potential and the opportunity to be part of a project from the ground up.The project will be commencing from mid-August this year.Machines:Dump Trucks: CAT 793FLoaders: Komatsu WA1200Grader: CAT 16MDozer: CAT D11 & 10TExcavator: Liebherr R9400What's on offer:12+ month contract with potential for extension8:6, 7:7 FIFO roster$62 - $78/hr flat rate (depending on machine experience)Fortnightly paySuperannuation paid on all hours workedWork with a Tier 1 mining companyOpportunity to be involved in a major project from commencementOngoing support from a dedicated Silverstone teamTo be considered, you will have:Minimum 12-months open pit mining experience operating haul trucksCurrent Australian Driver's LicenceStrong commitment to safe work practicesAbility to pass a pre-employment medical and drug & alcohol screeningNational Police Clearance (or ability to obtain one)Reliable work ethic and positive attitudeIf this role is of interest to you, please apply via SEEK.ONLY CANDIDATES THAT MEET THE STATED CRITERIA WILL BE CONSIDEREDSilverstone are a Perth based recruitment company that is made up of a highly experienced team of co"
50 x Mobile Plant Operators - Up To $80 Per Hour,Listed nine days ago,Perth WA,WA,New + Established Sites | Rates Up To $80 Per Hour,Casual,https://www.seek.com.au/job/92770038?type=standard&ref=search-standalone#sol=09bffc5d5f8f9057fc9b9bcf338f28ec63681ae4,2026-06-26 20:02:08,drug_alcohol_test|machinery_ticket,N/A,entry_level,"Mobile Plant Operators (Production)FIFO Ex Perth - 2/1 - Days + Nights$55 - $80 per Hour + Super + Weekly PayMultiple Roles Available For Experienced OperatorsFetch Mining Services - the leading supplier of Blue Collar Operators and Mobile Maintenance staff, have recently been contracted to supply 50+ Blue Collar Mining staff for across a number of new Gold, Iron Ore and Mineral Sands mines in WA commencing ASAPThis is a great opportunity to work for growing mining companies with secure work and great progression opportunities that is still small enough to know your nameYou will have the opportunity to be a part of excellent working culture, great camp, great pay and conditions and development opportunitiesWe are seeking 50+ experienced  Dump Truck, Grader, Dozer, Excavator and All Rounder Operators for on going 2/1 rosters commencing ASAP on brand new mine sites! If you have production experience, a good attitude and are happy to work on a 2/1 roster we have a role for you!Whats On Offer:Work on exciting BRAND new projects across Gold, Iron Ore and Mineral Sands mines2/1 Rosters - Days + Nights$55 - $80 Per Hour + Super (weekly pay)Production Role working towards production targetsLong Term secure work with permanency on offer after 3 monthsASAP Starts - be on site as early as next weekWork for well established mining companies on a brand new exciting projectsFood and catering done in house - excellent food and rooms + fully equipped gymsShort plane rides from Perth directly"
All Round Machine Operators required for multiple sites,Listed two days ago,Perth WA,WA,$60 – $72 per hour,Casual,https://www.seek.com.au/job/92902448?type=standard&ref=search-standalone#sol=9382094d9ef3114914d7f3d81dcf5f55714d8077,2026-06-26 20:02:08,N/A,N/A,N/A,N/A
Experienced gps dozer and grader operator,Listed fourteen hours ago,"Kalgoorlie,Kalgoorlie, Goldfields & Esperance WA",WA,$65 – $80 per hour,Casual,https://www.seek.com.au/job/92967768?type=standard&ref=search-standalone#sol=843596a12378dc476b4476415d444dae8bd4bf50,2026-06-26 20:02:08,N/A,N/A,N/A,N/A
Dozer / All Round Operators,Listed ten days ago,Perth WA(Remote),WA,$60 -$75 p/h 12 hour days + $2.5k Sign on bonus,Contract,https://www.seek.com.au/job/92738091?type=standard&ref=search-standalone#sol=b619c469d28a1deb8867910772ee9787266f8c5d,2026-06-26 20:02:08,N/A,N/A,N/A,N/A
Plant Operator,Listed nine days ago,"Balcatta,Perth WA",WA,"Salary from $78,271",N/A,https://www.seek.com.au/job/92770562?type=standard&ref=search-standalone#sol=d4e73f1679783055d7c37a1d59ed7986ca90270e,2026-06-26 20:02:08,N/A,N/A,N/A,N/A
Plant Operator | FIFO/DIDO | Multiple WA Sites | IMMEDIATE START,Listed one day ago,Perth WA,WA,N/A,Casual,https://www.seek.com.au/job/92935558?type=standard&ref=search-standalone#sol=af2ed8dff06f64d45e66130c71ced48fe81e3fee,2026-06-26 20:02:08,N/A,N/A,N/A,N/A
Multi-skilled Mobile Plant Operators,Listed ten days ago,Perth WA,WA,N/A,Full-time,https://www.seek.com.au/job/92753944?type=standard&ref=search-standalone#sol=c25869d16ca39bb58aeaff34d9104167b72f3eb5,2026-06-26 20:02:08,N/A,N/A,N/A,N/A
Mobile Crusher Operators,Listed eighteen hours ago,Perth WA,WA,$65 – $80 per hour,N/A,https://www.seek.com.au/job/92960172?type=standard&ref=search-standalone#sol=b18e80067718e555d09a92e56da12e31aebac2dd,2026-06-26 20:02:08,N/A,N/A,N/A,N/A
"Experienced GPS Grader, GPS Dozer, Excavator, Loader Operators",Listed seven days ago,Perth WA,WA,$60 – $80 per hour,N/A,https://www.seek.com.au/job/92815724?type=standard&ref=search-standalone#sol=04e6e1b9aac881711c3db61b68b4f471216a9e56,2026-06-26 20:02:08,N/A,N/A,N/A,N/A
Operators - Earthworks Project,Listed seven days ago,Perth WA,WA,$55-$70/hr depending on machine / experience,Casual,https://www.seek.com.au/job/92817091?type=standard&ref=search-standalone#sol=0eac8ef17da7db8e1d153afbb506911b38d1cec1,2026-06-26 20:02:08,N/A,N/A,N/A,N/A
Mobile Plant Operators - Brand New Gold Mine - Up To $70 Per Hour,Listed nine days ago,Perth WA,WA,2/1 Roster | Days + Nights | ASAP Start | Up To $70 Per Hour,Casual,https://www.seek.com.au/job/92777781?type=standard&ref=search-standalone#sol=f5e9008d2088b4de7dc7550021696cf96899076e,2026-06-26 20:02:08,N/A,N/A,N/A,N/A
Labourers and Mobile Plant All-Rounders,Listed twelve hours ago,"Bedfordale,Perth WA",WA,$38.50 - $45 p.h. + Penalties and Allowances,N/A,https://www.seek.com.au/job/92971969?type=standard&ref=search-standalone#sol=da76d3fc0ed9bb87a024a0cc8cf64a7edbc995ec,2026-06-26 20:02:08,N/A,N/A,N/A,N/A
Mobile Plant Operators,Listed seven days ago,"Port Hedland,Karratha & Pilbara WA",WA,Excellent long term opportunities on various mobile plant. Pays rates (depending on machines) range from $57ph to $75ph,Contract,https://www.seek.com.au/job/92822708?type=standard&ref=search-standalone#sol=6d59eb115b4abaa2d97308959cfbafce0c610856,2026-06-26 20:02:08,N/A,N/A,N/A,N/A
Loader Operator,Listed fifteen hours ago,Perth WA,WA,N/A,Contract,https://www.seek.com.au/job/92966758?type=standard&ref=search-standalone#sol=09a1df0b4d4900128374b3a395a01cc4743ac59a,2026-06-26 20:02:08,N/A,N/A,N/A,N/A
Fixed Plant Process Operator,Listed fifteen hours ago,"Bunbury,Bunbury & South West WA",WA,N/A,FIFO,https://www.seek.com.au/job/92965659?type=standard&ref=search-standalone#sol=9adeaebc297bed341f8e06f1be0a3dc974be9e76,2026-06-26 20:02:08,N/A,N/A,N/A,N/A
30 x Mobile Plant Operators - Iron Ore Mine - Up To $76 Per Hour,Listed seven days ago,Perth WA,WA,$55 - $76 Per Hour | Casual OR Full Time Time Roles,Casual,https://www.seek.com.au/job/92825948?type=standard&ref=search-standalone#sol=e6354fbbe111447088d79d8de021438350ffaf6d,2026-06-26 20:02:08,N/A,N/A,N/A,N/A
Excavator operator,Listed seventeen days ago,"Kalgoorlie,Kalgoorlie, Goldfields & Esperance WA",WA,$60 – $75 per hour,N/A,https://www.seek.com.au/job/92590641?type=standard&ref=search-standalone#sol=6c51fb74293ad6dfabe193b5a19e9d83f359184c,2026-06-26 20:02:08,N/A,N/A,N/A,N/A
All Rounder Operators,Listed twelve hours ago,Perth WA,WA,N/A,Contract,https://www.seek.com.au/job/92972679?type=standard&ref=search-standalone#sol=9906168883c3f6b8b8c437f061576f1ac45b28aa,2026-06-26 20:02:08,N/A,N/A,N/A,N/A
Excavator Operator,Listed two days ago,"Kalgoorlie,Kalgoorlie, Goldfields & Esperance WA",WA,$65 – $75 per hour,N/A,https://www.seek.com.au/job/92908397?type=standard&ref=search-standalone#sol=db77da08f53a1383257eaf35d9c988b516aa0281,2026-06-26 20:02:08,N/A,N/A,N/A,N/A
Experienced Allround Operator,Listed five days ago,Perth WA,WA,$40 – $60 per hour,N/A,https://www.seek.com.au/job/92844074?type=standard&ref=search-standalone#sol=de1bdf51fe406613650f647c6fb9ba2daa69359c,2026-06-26 20:02:08,N/A,N/A,N/A,N/A
Expression Of Interest - Civil Excavator Operators Required,Listed three days ago,"Kalgoorlie,Kalgoorlie, Goldfields & Esperance WA",WA,N/A,FIFO,https://www.seek.com.au/job/92899637?type=standard&ref=search-standalone#sol=4c1f87c4d9d9417a03da2ff29917cd39e34a4975,2026-06-26 20:02:08,N/A,N/A,N/A,N/A
Loader/Dozer Operator - Kwinana BCT,Listed three days ago,"Kwinana Beach,Perth WA",WA,$41.25-$42.59/hr + penalties & allowances,N/A,https://www.seek.com.au/job/92887174?type=standard&ref=search-standalone#sol=dce61d6ff77dae88f4a1607d0a6690fc17379e6c,2026-06-26 20:02:08,N/A,N/A,N/A,N/A
Mobile Plant Operators,atAmalgam Recruitment,"Port Hedland,Karratha & Pilbara WA",WA,Excellent long term opportunities on various mobile plant. Pays rates (depending on machines) range from $57ph to $75ph,Contract,https://www.seek.com.au/job/92822708?type=promoted&ref=search-standalone#sol=74da58282ea097fba30b881fb9f0d898b34d074d,2026-06-27 13:58:28,N/A,N/A,N/A,N/A
Plant Operator | FIFO/DIDO | Multiple WA Sites | IMMEDIATE START,atAlpha National Group,Perth WA,WA,N/A,Casual,https://www.seek.com.au/job/92935558?type=promoted&ref=search-standalone#sol=a3f11690b1f30534633f26d87509ab39a9b6e87f,2026-06-27 13:58:28,N/A,N/A,N/A,N/A
Plant Operators and Labourers,Listed two days ago,"Karratha,Port Hedland, Karratha & Pilbara WA",WA,N/A,Contract,https://www.seek.com.au/job/92942715?type=standard&ref=search-standalone#sol=df75795a584633b623c986fad56e26454774dc15,2026-06-27 13:58:28,N/A,N/A,N/A,N/A
Plant Operator,Listed ten days ago,"Balcatta,Perth WA",WA,"Salary from $78,271",N/A,https://www.seek.com.au/job/92770562?type=standard&ref=search-standalone#sol=0ca2a6b75be699e6fb514424dae06e50ec389272,2026-06-27 13:58:28,N/A,N/A,N/A,N/A
Mobile Plant Operators,Listed eight days ago,"Port Hedland,Karratha & Pilbara WA",WA,Excellent long term opportunities on various mobile plant. Pays rates (depending on machines) range from $57ph to $75ph,Contract,https://www.seek.com.au/job/92822708?type=standard&ref=search-standalone#sol=87fe213938344bdff61bf3f51ab1e66cf0940dd9,2026-06-27 13:58:28,N/A,N/A,N/A,N/A
All Rounder Operators,Listed one day ago,Perth WA,WA,N/A,Contract,https://www.seek.com.au/job/92972679?type=standard&ref=search-standalone#sol=37ccb32b53a7c4334bcf0e7cd6a5c35f0c6c39fd,2026-06-27 13:58:28,N/A,N/A,N/A,N/A
50 x Mobile Plant Operators - Up To $80 Per Hour,Listed ten days ago,Perth WA,WA,New + Established Sites | Rates Up To $80 Per Hour,Casual,https://www.seek.com.au/job/92770038?type=standard&ref=search-standalone#sol=820dbc2803c3f25bc120aef5499ab6df8851a9eb,2026-06-27 13:58:28,N/A,N/A,N/A,N/A
All Round Machine Operators required for multiple sites,Listed three days ago,Perth WA,WA,$60 – $72 per hour,Casual,https://www.seek.com.au/job/92902448?type=standard&ref=search-standalone#sol=3a7fa5a540c7149e1d9b49f202f61f3a4c472cea,2026-06-27 13:58:28,N/A,N/A,N/A,N/A
Mobile Plant Operators - Brand New Gold Mine - Up To $70 Per Hour,Listed ten days ago,Perth WA,WA,2/1 Roster | Days + Nights | ASAP Start | Up To $70 Per Hour,Casual,https://www.seek.com.au/job/92777781?type=standard&ref=search-standalone#sol=6da81262b11f9c71aa28fca453d394370ec43867,2026-06-27 13:58:28,N/A,N/A,N/A,N/A
Mobile Plant Operators - Exploration,Listed one day ago,Perth WA,WA,N/A,Casual,https://www.seek.com.au/job/92957111?type=standard&ref=search-standalone#sol=fe0d281d702a0504f7a61c6ecf54c339adae17a7,2026-06-27 13:58:28,N/A,N/A,N/A,N/A
Plant Operator | FIFO/DIDO | Multiple WA Sites | IMMEDIATE START,Listed two days ago,Perth WA,WA,N/A,Casual,https://www.seek.com.au/job/92935558?type=standard&ref=search-standalone#sol=7a705669584303f498efa309407d1587db19a029,2026-06-27 13:58:28,N/A,N/A,N/A,N/A
All Round Operator,Listed one day ago,Perth WA,WA,Rates approx. $80/HR,Casual,https://www.seek.com.au/job/92974394?type=standard&ref=search-standalone#sol=aae2c35d88ed6938e98013e65273c9c718739af1,2026-06-27 13:58:28,N/A,N/A,N/A,N/A
Mobile Crusher Operators,Listed one day ago,Perth WA,WA,$65 – $80 per hour,N/A,https://www.seek.com.au/job/92960172?type=standard&ref=search-standalone#sol=75498dc7ffcb1c95af3cc08682bc468b6837bdd5,2026-06-27 13:58:28,N/A,N/A,N/A,N/A
Fixed Plant Process Operator,Listed one day ago,"Bunbury,Bunbury & South West WA",WA,N/A,FIFO,https://www.seek.com.au/job/92965659?type=standard&ref=search-standalone#sol=fcd69dd94c10939d86f0498dbc950ce61739cae0,2026-06-27 13:58:28,N/A,N/A,N/A,N/A
Expression Of Interest - Civil Multi Skilled Operators,Listed three days ago,"Kalgoorlie,Kalgoorlie, Goldfields & Esperance WA",WA,N/A,FIFO,https://www.seek.com.au/job/92899749?type=standard&ref=search-standalone#sol=09726a4738cfc51273c694eeb19f2cdeff53ae10,2026-06-27 13:58:28,N/A,N/A,N/A,N/A
All Rounder Operator - $2500 SIGN ON BONUS!,Listed four days ago,Perth WA,WA,Sign on Bonus of $2500!,FIFO,https://www.seek.com.au/job/92895182?type=standard&ref=search-standalone#sol=4381a763902e4d1fc65a41a8a18eee568fe90252,2026-06-27 13:58:28,N/A,N/A,N/A,N/A
Plant Operators - Earthworks,Listed two days ago,"Malaga,Perth WA",WA,N/A,Contract,https://www.seek.com.au/job/92944965?type=standard&ref=search-standalone#sol=9b65448ee670d9d3666f67f485fca4af2628211f,2026-06-27 13:58:28,N/A,N/A,N/A,N/A
50 x Mobile Plant Operators - Up To $80 Per Hour,Listed twenty two days ago,Perth WA,WA,Up To $75 Per Hour + Super | Long Term Roles,Casual,https://www.seek.com.au/job/92533765?type=standard&ref=search-standalone#sol=e788e000f6bd4778e604bdfeff6a65e77cdbe114,2026-06-27 13:58:28,N/A,N/A,N/A,N/A
Expression Of Interest - Civil Excavator Operators Required,Listed three days ago,"Kalgoorlie,Kalgoorlie, Goldfields & Esperance WA",WA,N/A,FIFO,https://www.seek.com.au/job/92899637?type=standard&ref=search-standalone#sol=077dcba2e9d7711262d71c4445c10d775588a267,2026-06-27 13:58:28,N/A,N/A,N/A,N/A
Dump Truck Operators | 2:1 Roster | Permanent Role,Listed two days ago,Perth WA,WA,$52–$59 ph. + super + hourly bonus + Benefits,FIFO,https://www.seek.com.au/job/92937554?type=standard&ref=search-standalone#sol=5998cb2960f3d70cb32ce1af0f887562c92b080f,2026-06-27 13:58:28,N/A,N/A,N/A,N/A
** 50x Mobile Plant Operators - Up To $75 Per Hour**,Listed fifteen days ago,Perth WA,WA,$55 - $75 PER HOUR + SUPER | 12.5 HOUR DAYS | WEEKLY PAY,Casual,https://www.seek.com.au/job/92687145?type=standard&ref=search-standalone#sol=5aa096f141b63a4fb65b06fd8cca874ef336ed7e,2026-06-27 13:58:28,N/A,N/A,N/A,N/A
Excavator Operator,Listed three days ago,"Kalgoorlie,Kalgoorlie, Goldfields & Esperance WA",WA,$65 – $75 per hour,N/A,https://www.seek.com.au/job/92908397?type=standard&ref=search-standalone#sol=56ac064c86a15de5e613845dd59b448532e61199,2026-06-27 13:58:28,N/A,N/A,N/A,N/A
20 x All Rounder Operators,Listed eight days ago,Perth WA,WA,$65 Per Hour | 12.5 Hour Days Paid,Casual,https://www.seek.com.au/job/92829019?type=standard&ref=search-standalone#sol=c7c523edb4b429168c589963b35553b6299a580e,2026-06-27 13:58:28,N/A,N/A,N/A,N/A
Leading Hand Operator,Listed two days ago,Perth WA,WA,$95/hr + Super,Casual,https://www.seek.com.au/job/92948629?type=standard&ref=search-standalone#sol=bd6b6620e877e8d422ad65c9cbcba5e65869f52c,2026-06-27 13:58:28,N/A,N/A,N/A,N/A
Experienced Allround Operator,Listed six days ago,Perth WA,WA,$40 – $60 per hour,N/A,https://www.seek.com.au/job/92844074?type=standard&ref=search-standalone#sol=07a97cd6a906c4058389b4e810ace790a12e22ae,2026-06-27 13:58:28,N/A,N/A,N/A,N/A
All Rounder Operators,Listed one day ago,"Boddington,Mandurah & Peel WA",WA,N/A,Casual,https://www.seek.com.au/job/92971339?type=standard&ref=search-standalone#sol=b847bddf6cb80f1dbd12013461db4c832b41c8df,2026-06-27 13:58:28,N/A,N/A,N/A,N/A
All Rounder Operator,Listed fifteen days ago,"Yalgoo,Geraldton, Gascoyne & Midwest WA",WA,N/A,FIFO,https://www.seek.com.au/job/92682887?type=standard&ref=search-standalone#sol=062f4a5897c1e139bb4c738608916c1813378a75,2026-06-27 13:58:28,N/A,N/A,N/A,N/A
Multi-Skilled Plant Operator,Listed five days ago,"Broome,Broome & Kimberley WA",WA,$60 - $70 per hour,Casual,https://www.seek.com.au/job/92862363?type=standard&ref=search-standalone#sol=2e436d336575c3478283d60b6de53d1770871976,2026-06-27 13:58:28,N/A,N/A,N/A,N/A
MULTIPLE ROLES - Dozer / Grader / Loader / Dump Truck / Water Cart,Listed five days ago,"Wiluna,Kalgoorlie, Goldfields & Esperance WA",WA,N/A,FIFO,https://www.seek.com.au/job/92849549?type=standard&ref=search-standalone#sol=dde11858089cf85da213114924d30f4347cb2a51,2026-06-27 13:58:28,N/A,N/A,N/A,N/A
Crushing Machine Operator,Listed nine days ago,Perth WA,WA,$High Package + 10% Bonus + GU Health + Allowances,FIFO,https://www.seek.com.au/job/92792079?type=standard&ref=search-standalone#sol=50ae2b6cace8827a3c990c3003e97cdb2f93917f,2026-06-27 13:58:28,N/A,N/A,N/A,N/A
30 x Mobile Plant Operators - Iron Ore Mine - Up To $76 Per Hour,Listed eight days ago,Perth WA,WA,$55 - $76 Per Hour | Casual OR Full Time Time Roles,Casual,https://www.seek.com.au/job/92825948?type=standard&ref=search-standalone#sol=2a7ff4951917487b3c9b500ef251ac2c1439385e,2026-06-27 13:58:28,N/A,N/A,N/A,N/A
Plant Operator - All Rounder,Listed five days ago,"Barrow Island,Port Hedland, Karratha & Pilbara WA",WA,N/A,FIFO,https://www.seek.com.au/job/92848971?type=standard&ref=search-standalone#sol=e31df76700025a4d25502305a1cac4c5a3bb3cad,2026-06-27 13:58:28,N/A,N/A,N/A,N/A
FIFO Mobile Plant Operator,FIFO Mobile Plant Operator,Perth WA,WA,"$160,000 – $180,000 per year",FIFO,https://www.seek.com.au/job/91860287?type=promoted&ref=search-standalone#sol=687b6b4bb342e579892ef2e47334af1c790859f8,2026-06-27 19:42:15,N/A,N/A,N/A,N/A
Plant Operator | FIFO/DIDO | Multiple WA Sites | IMMEDIATE START,Plant Operator | FIFO/DIDO | Multiple WA Sites | IMMEDIATE START,Perth WA,WA,N/A,Casual,https://www.seek.com.au/job/92935558?type=promoted&ref=search-standalone#sol=d17005efb35cf443a9c8b6c0dcc5314eaa3e1802,2026-06-27 19:42:15,N/A,N/A,N/A,N/A
Entry Level - Dump Truck / Loader Operator - Mine Site,Listed three days ago,"Kalgoorlie,Kalgoorlie, Goldfields & Esperance WA",WA,$40 – $50 per hour,N/A,https://www.seek.com.au/job/92921796?type=standard&ref=search-standalone#sol=d57200973316d6023b03a8eede7adc05ff7dda27,2026-06-27 19:42:15,N/A,N/A,N/A,N/A
MULTIPLE ROLES - Dozer / Grader / Loader / Dump Truck / Water Cart,Listed five days ago,"Wiluna,Kalgoorlie, Goldfields & Esperance WA",WA,N/A,FIFO,https://www.seek.com.au/job/92849549?type=standard&ref=search-standalone#sol=487ed53abfde8757a639dc6b3a53f5f3586baa75,2026-06-27 19:42:15,N/A,N/A,N/A,N/A
30x Dump Truck Operators $55 - $58 Per Hour,Listed one day ago,Perth WA,WA,$55 - $58 PER HOUR + SUPER | 12.5 HOUR DAYS | WEEKLY PAY,Casual,https://www.seek.com.au/job/92968038?type=standard&ref=search-standalone#sol=447121c0fa54c7994e2e53f68bd1d91acf6eaf81,2026-06-27 19:42:15,N/A,N/A,N/A,N/A
Expression Of Interest - Civil Multi Skilled Operators,Listed four days ago,"Kalgoorlie,Kalgoorlie, Goldfields & Esperance WA",WA,N/A,FIFO,https://www.seek.com.au/job/92899749?type=standard&ref=search-standalone#sol=24a19fbb6fd379c1fdc4b742db77e77a17a2ca47,2026-06-27 19:42:15,N/A,N/A,N/A,N/A
FIFO Mobile Plant Operator,Listed ten days ago,Perth WA,WA,"$160,000 – $180,000 per year",FIFO,https://www.seek.com.au/job/91860287?type=standard&ref=search-standalone#sol=452aa8c4c0fa96fb19ff4be8a82f4ade509acad6,2026-06-27 19:42:15,drivers_license|first_aid|drug_alcohol_test|machinery_ticket,excavator_ticket,mid_level,"PMW Industries is a 100% Indigenous owned & managed mining services company based in Western Australia with offices in Perth and Karratha.Recognised as a quality service provider in the mining and resources sector, PMWI remain committed to delivering superior outcomes to their clients while providing meaningful employment opportunities. The PMWI team have over 25 years’ experience within the mining services industry and provide innovative solutions to their clients using a highly skilled workforce in the execution of civil works, conventional mining and crushing & screening operations.About the RoleWe are seeking a skilled Mobile Plant Operator to join our team on our joint venture GeoScience project, in conjunction with CSI Mining Services.Operating in environments across the Central and Eastern Pilbara region, the GeoScience team deliver drill pad preparation, road construction and rehabilitation activities for our Tier-1 client (BHP).  The Mobile Plant Operator is responsible for the operation of mobile plant (including Dozer, Grader, Loader, Excavator), whilst adhering to any environmental or heritage compliance plans. Daily basic maintenance and inspecting of mobile plant in accordance with OEM and Safe Work Instructions will ensure optimal production, efficiency and machine availability to meet project targets.What we're looking for·        Minimum 3 years of operating experience in a civil works environment, with preferrable experience in mining rehabilitation and fina"
"Operators - Dozer, Loader, Excavator, Grader & All-rounders",Listed one day ago,Perth WA,WA,N/A,N/A,https://www.seek.com.au/job/92968058?type=standard&ref=search-standalone#sol=9a58dfba14537c15de23476615854a8eef2757ca,2026-06-27 19:42:15,N/A,N/A,N/A,N/A
Mobile Plant Operators - Brand New Gold Mine - Up To $70 Per Hour,Listed ten days ago,Perth WA,WA,2/1 Roster | Days + Nights | ASAP Start | Up To $70 Per Hour,Casual,https://www.seek.com.au/job/92777781?type=standard&ref=search-standalone#sol=309e0dd5b4fd770eb3d722558fba45aaf9e1642e,2026-06-27 19:42:15,N/A,N/A,N/A,N/A
Plant Operator | FIFO/DIDO | Multiple WA Sites | IMMEDIATE START,Listed two days ago,Perth WA,WA,N/A,Casual,https://www.seek.com.au/job/92935558?type=standard&ref=search-standalone#sol=b2999cb4ef32c0078c33d1d1c8e263d312fac5f7,2026-06-27 19:42:15,N/A,N/A,N/A,N/A
Goldfields WA- Dump Truck Operator,Listed three days ago,Perth WA,WA,N/A,Contract,https://www.seek.com.au/job/92910123?type=standard&ref=search-standalone#sol=cb07eed972c3ed1ceb3f6e1b97eccad190d1e4c4,2026-06-27 19:42:15,N/A,N/A,N/A,N/A
FIFO - Dump Truck Operator,Listed five days ago,Perth WA,WA,$55 – $60 per hour,Casual,https://www.seek.com.au/job/92861050?type=standard&ref=search-standalone#sol=d369674c686207093b73c956f3341327091db0db,2026-06-27 19:42:15,N/A,N/A,N/A,N/A
Entry Level Mining opportunities,Listed one day ago,"Kalgoorlie,Kalgoorlie, Goldfields & Esperance WA",WA,N/A,Casual,https://www.seek.com.au/job/92969281?type=standard&ref=search-standalone#sol=f3b8930cd0795bf0b5800a318b502b87fba2090f,2026-06-27 19:42:15,N/A,N/A,N/A,N/A
Dump Truck Operators | 2:1 Roster | Permanent Role,Listed two days ago,Perth WA,WA,$52–$59 ph. + super + hourly bonus + Benefits,FIFO,https://www.seek.com.au/job/92937554?type=standard&ref=search-standalone#sol=1b4b325b3586bd6476419ce3b74c9587260c3fe1,2026-06-27 19:42:15,N/A,N/A,N/A,N/A
FIFO Operators | Excavator | Dump Truck | Ancillary,Listed three days ago,Perth WA,WA,$55.00/hr - $75.00/hr pls super on all hours,Casual,https://www.seek.com.au/job/92916115?type=standard&ref=search-standalone#sol=c045ce6ceb18734bc852f7d3314cb497769df421,2026-06-27 19:42:15,N/A,N/A,N/A,N/A
All Round Operator,Listed one day ago,Perth WA,WA,Rates approx. $80/HR,Casual,https://www.seek.com.au/job/92974394?type=standard&ref=search-standalone#sol=66829ad9fe37a09025a65143100b77f4c30a2b8c,2026-06-27 19:42:15,N/A,N/A,N/A,N/A
Mobile Plant Operators,Listed eight days ago,"Port Hedland,Karratha & Pilbara WA",WA,Excellent long term opportunities on various mobile plant. Pays rates (depending on machines) range from $57ph to $75ph,Contract,https://www.seek.com.au/job/92822708?type=standard&ref=search-standalone#sol=40d4e39add1ddc4f60d8c703ffc6a34cd4b65775,2026-06-27 19:42:15,machinery_ticket,N/A,senior,"Our client is one of Australia's leading mining and civil contractors that hold multiple contracts with Australia's largest and most famous blue-chip mining companies.They require multipleMobile Plant Operatorsfor a long-term role on an iron ore mine in the central mid-west.To be considered you will have experience on one of more of:-Loader OperatorsCat and Komatsu-GradersCats 14, 16, 24-ExcavatorsCat and Hitachi up to 100t- ExcavatorsFace Shovels 120t or bigger (Cat 6060, Hitachi 1200/1900/3600/5600)- DozersD10, D11- All RoundersExperience on all of the aboveIn addition to these machines, experience on other plant would also be favourably consideredRosters are 2 and 1's and offer long term opportunity.Pay rates are highly competitive and you will be paid a minimum 11.50 hour day.These roles are for an immediate start!APPLY NOW!!"
Plant Operator - All Rounder,Listed five days ago,"Barrow Island,Port Hedland, Karratha & Pilbara WA",WA,N/A,FIFO,https://www.seek.com.au/job/92848971?type=standard&ref=search-standalone#sol=072c63ab4828ab3a7a3589efec1f8463199b47cc,2026-06-27 19:42:15,white_card|bobcat_ticket,N/A,mid_level,"Ertech is seeking experienced CivilAll-Round Operatorsto join our team on Barrow Island, on acivil infrastructure project.12 Hour days on a FIFO 2:2 roster, FulltimeCompetitive hourly rates + penaltiesSafely every dayABOUT USErtechis an Australian, employee-owned engineering construction group delivering civil, electrical, and specialist infrastructure solutions across the transport, resources, defence, and building sectors. Operating nationwide since 1981, the Group invests in growing Australian capability and capacity, taking pride in the quality of its work and the enduring relationships built with clients and communities.ABOUT THE ROLEErtech is currently seeking highly experienced Civil All-Round Operators to join our project delivery team on Barrow Island.Reporting to the Civil Supervisor, you will be involved in a variety of civil construction activities within an operational gas plant environment. This role is ideally suited to operators who are highly skilled on small mobile plant and have extensive experience performing precise excavation and construction works in confined areas around live infrastructure and underground services.Detailed excavation work around existing underground and above-ground infrastructure and servicesCivil Excavation worksInstallation of underground services and associated civil worksFormwork and ConcretingBackfilling and reinstatement worksPaving and finishing worksOperating a range of small and medium civil plant safely and efficientlyWorki"
All Rounder Operator - $2500 SIGN ON BONUS!,Listed four days ago,Perth WA,WA,Sign on Bonus of $2500!,FIFO,https://www.seek.com.au/job/92895182?type=standard&ref=search-standalone#sol=d683fcf60b916c403d336729773bd85c878392fa,2026-06-27 19:42:15,N/A,N/A,N/A,N/A
30 x Mobile Plant Operators - Iron Ore Mine - Up To $76 Per Hour,Listed eight days ago,Perth WA,WA,$55 - $76 Per Hour | Casual OR Full Time Time Roles,Casual,https://www.seek.com.au/job/92825948?type=standard&ref=search-standalone#sol=25520eb4c6ec3dda8cff1b06ff4d2762968b083f,2026-06-27 19:42:15,N/A,N/A,N/A,N/A
Expression Of Interest - Civil Excavator Operators Required,Listed four days ago,"Kalgoorlie,Kalgoorlie, Goldfields & Esperance WA",WA,N/A,FIFO,https://www.seek.com.au/job/92899637?type=standard&ref=search-standalone#sol=468add5ff9ff4d9548f0b6efc330210b138a730a,2026-06-27 19:42:15,N/A,N/A,N/A,N/A
Dump Truck Operator,Listed six days ago,Perth WA,WA,$50 – $55 per hour,Casual,https://www.seek.com.au/job/92845609?type=standard&ref=search-standalone#sol=8736f6604366a9a4edc129158e84869c650ba376,2026-06-27 19:42:15,N/A,N/A,N/A,N/A
All Rounder Operators,Listed one day ago,Perth WA,WA,N/A,Contract,https://www.seek.com.au/job/92972679?type=standard&ref=search-standalone#sol=40796a7850846814f8a192ec0e91a44fcc174845,2026-06-27 19:42:15,N/A,N/A,N/A,N/A
Mobile Plant Operators,Listed nineteen days ago,Perth WA,WA,$6K+ Referral Bonuses | Full PPE Supplied | Salary Sacrifice Options,N/A,https://www.seek.com.au/job/92569337?type=standard&ref=search-standalone#sol=a6cea6276a151399f0e0d2d05cd932e9b299e539,2026-06-27 19:42:15,N/A,N/A,N/A,N/A
All Round Machine Operators required for multiple sites,Listed three days ago,Perth WA,WA,$60 – $72 per hour,Casual,https://www.seek.com.au/job/92902448?type=standard&ref=search-standalone#sol=2f55d6057125d10415ad22fae24bfc1eac6e3a88,2026-06-27 19:42:15,drug_alcohol_test,N/A,mid_level,"All Round Machine Operators required for multiple sitesDon’t like the food or the camp, the people or the machines at your current site?? Apply now for a change of sceneryWe are looking for experienced all-rounder ops with open pit mining production experience for an immediate start (not today but after the medical, paperwork and stuff) Then pack your bags (but don’t forget your boots & ya jumper, it’s cold out there) — we want YOU!You’ll work in a team that values safety, efficiency, and a bit of humour thrown in — because let’s be honest, mining life requires employees to be safety conscious, get the job done and enjoy what they are doingMUSThave open pit mining experienceMUST be willing to drive a dumpy if requiredPrevious experience in the mining industry is a must have on 2 or more of the following machinesDozers: CAT D10 & D11Wheel dozers – CAT 854Graders: CAT 16 & 18 MLoaders: CAT 992/994Trucks – MT4400 | 830E | 785 | 789 | 793Not a must have but would be highly regarded Excavators: CAT 6040/6060, Hitachi 5600/2600The important bits:Money – $60 - $72 per hourdepending on client & experienceWeekly paysRoster – 2/1 onlyFly in/Fly Out (Kal flights for one site)Temp to Perm – Test the waters before you commit, if you like it, stay on and enjoy the perks that come with permanent employmentMust HaveRequirements:National Police Clearance within 3, 6, 12 months (depending on site)Current valid Australian driver’s licenseApplicants to undergo and pass a pre-employment medicalDr"
All Rounder Operators - 2/2 Roster - $70 Per Hour,Listed five days ago,Perth WA,WA,Up To $70 Per Hour + Super | Weekly Pay | 12.5 Hour Days,Casual,https://www.seek.com.au/job/92866178?type=standard&ref=search-standalone#sol=372fbf25429f07d65d9d3b490780833ce2ff2770,2026-06-27 19:42:15,N/A,N/A,N/A,N/A
Production Mining Operators - FIFO,Listed sixteen days ago,Perth WA,WA,N/A,FIFO,https://www.seek.com.au/job/92647067?type=standard&ref=search-standalone#sol=37d4b6c01547d2165154e07dc67805328252da30,2026-06-27 19:42:15,N/A,N/A,N/A,N/A
FIFO Dump Truck Operator - Mining,Listed seventeen days ago,Perth WA,WA,N/A,FIFO,https://www.seek.com.au/job/92624774?type=standard&ref=search-standalone#sol=a69b2e1c063112728ab2d6d4d045bdd2f52effa0,2026-06-27 19:42:15,N/A,N/A,N/A,N/A
Ancillary Operators,Listed four days ago,Perth WA,WA,$62 -$78/hr + superannuation paid on all hours,FIFO,https://www.seek.com.au/job/92894627?type=standard&ref=search-standalone#sol=dd9896d3b6f19bd661f5564f4d72419dc9895b0a,2026-06-27 19:42:15,N/A,N/A,N/A,N/A
Dump Truck Operators - FIFO,Listed eleven days ago,Perth WA,WA,N/A,FIFO,https://www.seek.com.au/job/92743900?type=standard&ref=search-standalone#sol=f466e24b20fa7bd22d98bdcc97565f292ec0ace4,2026-06-27 19:42:15,N/A,N/A,N/A,N/A
Process Operator,Listed one day ago,Perth WA,WA,N/A,FIFO,https://www.seek.com.au/job/92972402?type=standard&ref=search-standalone#sol=545a0cb23bf23b4f5fe723040e9d3e43f92667b5,2026-06-27 19:42:15,N/A,N/A,N/A,N/A
Dump Truck Operators,Listed eight days ago,Perth WA,WA,$55/hr + Super on all hours worked,FIFO,https://www.seek.com.au/job/92828607?type=standard&ref=search-standalone#sol=190ae49c24e074900d81efba9fd79dbd612c6e7e,2026-06-27 19:42:15,N/A,N/A,N/A,N/A
Underground Mining Vacancies,Underground Mining Vacancies,Perth WA,WA,N/A,N/A,https://www.seek.com.au/job/92882516?type=promoted&ref=search-standalone#sol=ad62ac5efcf696457ee8992de6b00faa2c9855f6,2026-06-29 04:29:43,N/A,N/A,N/A,N/A
Underground Mining Vacancies,Underground Mining Vacancies,Perth WA,WA,N/A,N/A,https://www.seek.com.au/job/92570305?type=promoted&ref=search-standalone#sol=2bb957bf9b4142ec4bcdf568da5ef003dbb46975,2026-06-29 04:29:43,N/A,N/A,N/A,N/A
Experienced Underground Operators for Cutting a Brand New Portal,Listed three hours ago,Perth WA,WA,N/A,N/A,https://www.seek.com.au/job/92992677?type=standard&ref=search-standalone#sol=2529d983c75c3995d37a636d9400ae085acf11cc,2026-06-29 04:29:43,N/A,N/A,N/A,N/A
Underground Operators,Listed nineteen days ago,Perth WA,WA,N/A,Contract,https://www.seek.com.au/job/92600497?type=standard&ref=search-standalone#sol=bda9b6e0e38d20fde2a1da3f2b5c6507b0789974,2026-06-29 04:29:43,N/A,N/A,N/A,N/A
Projects Crew,Listed one hour ago,Perth WA,WA,Up to $75 per hour,Contract,https://www.seek.com.au/job/92997073?type=standard&ref=search-standalone#sol=e0480d4b21ea0c720d65e647761ff0f667e1e9b9,2026-06-29 04:29:43,N/A,N/A,N/A,N/A
Underground Operators - Service Crew,Listed fourteen days ago,Perth WA,WA,$90 – $100 per hour,Contract,https://www.seek.com.au/job/92706649?type=standard&ref=search-standalone#sol=3e74626187a796f308de5f76878fd3a99d51fe85,2026-06-29 04:29:43,N/A,N/A,N/A,N/A
Underground Mining Vacancies,Listed six days ago,Perth WA,WA,N/A,N/A,https://www.seek.com.au/job/92882516?type=standard&ref=search-standalone#sol=5317e270502419a74934cc81d514f9c0acf9fb14,2026-06-29 04:29:43,N/A,N/A,N/A,N/A
Underground Agitator Operator,Listed five days ago,Perth WA,WA,$50 - $60 p.h. + Super on all hours + Flights,N/A,https://www.seek.com.au/job/92910496?type=standard&ref=search-standalone#sol=0e0fb9e16cf24598fe3c92d3b636a3e21979b2c7,2026-06-29 04:29:43,drug_alcohol_test,N/A,mid_level,"We're seeking experiencedNormet Agitator Operatorsto join an underground operation in the Mid West or Pilbera Region of WA. This is a great opportunity to secure consistent FIFO work with an established mining contractors with multuple ongoing projects.What you'll be doing:Safely operateNormet Agitator trucksfor underground concrete transport and deliveryConduct pre-start checks and maintain equipment to a high standardSupport shotcrete operations and general underground service activitiesCollaborate with charge-up, service, and paste crews to meet production targetsMaintain a strong focus on safety, efficiency, and teamwork in all tasksWhat we're looking for:Proven experience operatingNormet Agitatorsor similar underground concrete transport unitsReal drive and motivation to learn and developValidC-Class Manual Driver's Licence(HR preferred)National Police Clearance(within 6 months)Ability to pass apre-employment medical and drug & alcohol screeningAustralian Citizenship or Permanent ResidencySolid understanding of underground safety and operational standardsWhat's on offer:FIFO rosters available - 2:1 or 8:6 / 7:7Competitive hourly rates + super on all hoursFlights from Perth, camp accommodation, and meals providedWork with industry-leading underground mining crews across WAPathways to upskillinginconcrete spraying, training, supervision,andsafety rolesReady to get behind the wheel?Apply now to express your interest or reach out for a confidential chat about underground opp"
Underground Mining Vacancies,Listed twenty one days ago,Perth WA,WA,N/A,N/A,https://www.seek.com.au/job/92570305?type=standard&ref=search-standalone#sol=2a1db402739fc69a4a3b16dd161c8f1584a89523,2026-06-29 04:29:43,N/A,N/A,N/A,N/A
Underground Operators - Charge Up,Listed ten days ago,Perth WA,WA,"$150,000 – $170,000 per year",FIFO,https://www.seek.com.au/job/92797737?type=standard&ref=search-standalone#sol=205ef0eb5d7f572ebeefc0fe1c13b59d78d3bbec,2026-06-29 04:29:43,N/A,N/A,N/A,N/A
Paste Fill Operator,Listed twenty five days ago,Perth WA,WA,N/A,FIFO,https://www.seek.com.au/job/92488078?type=standard&ref=search-standalone#sol=0a0f4009258a2798cbd173a392fb2e1b96ab82a3,2026-06-29 04:29:43,N/A,N/A,N/A,N/A
All-Rounder Operators - WA,Listed two hours ago,Perth WA,WA,N/A,Contract,https://www.seek.com.au/job/92995223?type=standard&ref=search-standalone#sol=beaaa0a1eabcdfef14c89d6953f9560e7c66da3e,2026-06-29 04:29:43,N/A,N/A,N/A,N/A
Operator Underground Truck - Bellevue,Listed seventeen days ago,Perth WA,WA,"Access Barminco's Employee Referral Program - earn up to $10,000 per referral",FIFO,https://www.seek.com.au/job/92667370?type=standard&ref=search-standalone#sol=88fdc603db9cfbc2fc2e40f6e025ab8489d8da44,2026-06-29 04:29:43,N/A,N/A,N/A,N/A
Service Crew Operator,Listed five days ago,Perth WA,WA,N/A,N/A,https://www.seek.com.au/job/92904170?type=standard&ref=search-standalone#sol=b65660af6d8ce3a49a7cae5d6004710b26c459fe,2026-06-29 04:29:43,N/A,N/A,N/A,N/A
Service Crew,Listed seventeen days ago,Perth WA,WA,N/A,N/A,https://www.seek.com.au/job/92662835?type=standard&ref=search-standalone#sol=9abc276a70c622220e6b2bc58b63cef7c2949b55,2026-06-29 04:29:43,N/A,N/A,N/A,N/A
Underground Bogger Operator,Listed four days ago,Perth WA,WA,$100/hr (casual),N/A,https://www.seek.com.au/job/92922303?type=standard&ref=search-standalone#sol=179c5bfd72cb1d98807dd9cc95a6c296c21d7ad0,2026-06-29 04:29:43,N/A,N/A,N/A,N/A
Charge Up Operator - Scotia,Listed five days ago,Perth WA,WA,N/A,FIFO,https://www.seek.com.au/job/92887014?type=standard&ref=search-standalone#sol=a636178de45989a8dc1117dad25406c7291c55b8,2026-06-29 04:29:43,N/A,N/A,N/A,N/A
Underground Shift Boss,Listed five days ago,Perth WA,WA,$200k - $220k p.a. + Super + Bonus,N/A,https://www.seek.com.au/job/92910546?type=standard&ref=search-standalone#sol=73b11841fa53dc9a372878d520a08e100707b0d5,2026-06-29 04:29:43,N/A,N/A,N/A,N/A
Underground Service Crew -  8/6 & 7/7 rosters,Listed three days ago,Perth WA,WA,Casual rate $65 p/hr plus super,Casual,https://www.seek.com.au/job/92942896?type=standard&ref=search-standalone#sol=52344b2dfebf82a85d9c2526d0f7ed486857fee0,2026-06-29 04:29:43,N/A,N/A,N/A,N/A
Leading Hand Service Crew,Listed three days ago,Perth WA,WA,N/A,FIFO,https://www.seek.com.au/job/92963432?type=standard&ref=search-standalone#sol=d95c0b7e515efef1092b755859fad4f1d369cba6,2026-06-29 04:29:43,N/A,N/A,N/A,N/A
Paste Crew,Listed seventeen days ago,Perth WA,WA,$60+ Fulltime- $75 Casual + Super on all hours wor,Casual,https://www.seek.com.au/job/92681871?type=standard&ref=search-standalone#sol=bf98bd708aa6930eb143aca2f66a94f990fe94d1,2026-06-29 04:29:43,N/A,N/A,N/A,N/A
Underground Agitator Operator,Listed six days ago,Perth WA,WA,$55 - $60 p.h. + Super on all hours,Contract,https://www.seek.com.au/job/92881062?type=standard&ref=search-standalone#sol=5ac9884456b1c0c936eb490c399d97bb752725bf,2026-06-29 04:29:43,N/A,N/A,N/A,N/A
Underground Mining Vacancies,Listed twelve days ago,"Kalgoorlie,Goldfields & Esperance WA",WA,"$100,000 - $350,000 Depending on role and roster.",N/A,https://www.seek.com.au/job/92750034?type=standard&ref=search-standalone#sol=a0d99cbde9b9102b39c5efac079365549e685bc1,2026-06-29 04:29:43,N/A,N/A,N/A,N/A
Underground Shift Supervisor - Pogo Operation,Listed five hours ago,Perth WA,WA,N/A,FIFO,https://www.seek.com.au/job/92990284?type=standard&ref=search-standalone#sol=65a58929803fdea8f91d9ee5aa32f3eae9f0e45d,2026-06-29 04:29:43,N/A,N/A,N/A,N/A
Shotcrete Sprayer - WA,Listed five days ago,Perth WA,WA,$70 - $74 p.h. + Super on all hours,N/A,https://www.seek.com.au/job/92910984?type=standard&ref=search-standalone#sol=703978681c3532da6a9ec577ceb5b097114fe17d,2026-06-29 04:29:43,N/A,N/A,N/A,N/A
Underground Operators - Charge Up,Listed seventeen days ago,"Kalgoorlie,Kalgoorlie, Goldfields & Esperance WA",WA,"$130,000 – $160,000 per year",FIFO,https://www.seek.com.au/job/92665266?type=standard&ref=search-standalone#sol=b034bc99fd5468f4d04c1fb5bf25fda32fa77b0f,2026-06-29 04:29:43,N/A,N/A,N/A,N/A
Charge Up Operator,Listed sixteen days ago,Perth WA,WA,N/A,FIFO,https://www.seek.com.au/job/92688444?type=standard&ref=search-standalone#sol=3ba4be3587164f647adc7099313663ab01c5423e,2026-06-29 04:29:43,N/A,N/A,N/A,N/A
Service Crew,Listed twelve days ago,"Cue,Geraldton, Gascoyne & Midwest WA",WA,N/A,FIFO,https://www.seek.com.au/job/92755720?type=standard&ref=search-standalone#sol=60e6e183973911f2669dbb0679444cc07ff4eefd,2026-06-29 04:29:43,N/A,N/A,N/A,N/A
Paste Crew,Listed twenty one days ago,Perth WA,WA,"$3,000 Sign on Bonus | up to $10,000 employee referral program!",FIFO,https://www.seek.com.au/job/92570649?type=standard&ref=search-standalone#sol=7565961ed027de5380392609e02ba2da76b0bd60,2026-06-29 04:29:43,N/A,N/A,N/A,N/A
Underground Shift Supervisor,Listed four days ago,"Kalgoorlie,Goldfields & Esperance WA",WA,$1500/day rate + Super (paid on all hours),Contract,https://www.seek.com.au/job/92933751?type=standard&ref=search-standalone#sol=b6ab155fd0721e96ab7a3387665413ece4ebfab0,2026-06-29 04:29:43,N/A,N/A,N/A,N/A
Underground Mining Operators - FIFO WA Gold Mines,Listed six days ago,Perth WA,WA,$65 – $98 per hour,FIFO,https://www.seek.com.au/job/92863297?type=standard&ref=search-standalone#sol=98308f6e31a81a99d7ffd46186c94bc70cb22450,2026-06-29 04:29:43,N/A,N/A,N/A,N/A
Underground Production Supervisor,Listed three days ago,Perth WA,WA,N/A,FIFO,https://www.seek.com.au/job/92948310?type=standard&ref=search-standalone#sol=83e9ce7798870932ab539940a403bb12d0fecc75,2026-06-29 04:29:43,N/A,N/A,N/A,N/A
Production Machine Operator/Factoryhand,Production Machine Operator/Factoryhand,"Northern Suburbs & Joondalup,Perth WA",WA,N/A,Casual,https://www.seek.com.au/job/92878195?type=promoted&ref=search-standalone#sol=5b4baf550ef6d6507b154c496a7c812aacbd9003,2026-06-29 04:31:00,N/A,N/A,N/A,N/A
Production assistant,Production assistant,"Neerabup,Perth WA",WA,N/A,N/A,https://www.seek.com.au/job/92995507?type=promoted&ref=search-standalone#sol=23904ef9e4ea3c776eb829918bde5ac6820cb728,2026-06-29 04:31:00,N/A,N/A,N/A,N/A
Process Operator,Listed fifty eight minutes ago,Perth WA,WA,N/A,N/A,https://www.seek.com.au/job/92997585?type=standard&ref=search-standalone#sol=daf0b37238baa8a87f564621fc47af5517739ade,2026-06-29 04:31:00,N/A,N/A,N/A,N/A
Production Operator,Listed six days ago,"Harvey,Bunbury & South West WA",WA,$30.4677 per hour plus superannuation,N/A,https://www.seek.com.au/job/92881881?type=standard&ref=search-standalone#sol=9b5ff8a659bf96113ad6b107c8ef88960981a9fe,2026-06-29 04:31:00,N/A,N/A,N/A,N/A
Fixed Plant Process Operator,Listed three days ago,"Bunbury,Bunbury & South West WA",WA,N/A,FIFO,https://www.seek.com.au/job/92965659?type=standard&ref=search-standalone#sol=eb696ed8aefb27452b025077bf8ce0831446636a,2026-06-29 04:31:00,N/A,N/A,N/A,N/A
Process Operator,Listed three days ago,"Port Hedland,Karratha & Pilbara WA",WA,N/A,Contract,https://www.seek.com.au/job/92944607?type=standard&ref=search-standalone#sol=0fd1d1d86a144e635c649014aa7aa444cf6fcc83,2026-06-29 04:31:00,N/A,N/A,N/A,N/A
Production & Packing Operator,Listed four days ago,"Nambeelup,Mandurah & Peel WA",WA,N/A,N/A,https://www.seek.com.au/job/92933793?type=standard&ref=search-standalone#sol=4650234c4c9a44248069ca1548af403da447c0ab,2026-06-29 04:31:00,N/A,N/A,N/A,N/A
Process Operator,Listed two days ago,Perth WA,WA,N/A,FIFO,https://www.seek.com.au/job/92972402?type=standard&ref=search-standalone#sol=e2e8cd45ce4fbc85f5f60f83c1f5f9831d664fe1,2026-06-29 04:31:00,N/A,N/A,N/A,N/A
Process Operator – Chemical Plant,Listed twelve days ago,"Kwinana Beach,Perth WA",WA,N/A,FIFO,https://www.seek.com.au/job/92769567?type=standard&ref=search-standalone#sol=f14388a137d5ee54296a5a91aef701f311d14a52,2026-06-29 04:31:00,N/A,N/A,N/A,N/A
Production assistant,Listed one hour ago,"Neerabup,Perth WA",WA,N/A,N/A,https://www.seek.com.au/job/92995507?type=standard&ref=search-standalone#sol=cb46b5506e79946219e5ad01d5e79d7165bf37c8,2026-06-29 04:31:00,N/A,N/A,N/A,N/A
Production Operator,Listed ten days ago,"Welshpool,Perth WA",WA,$31.19 per hour plus super,Casual,https://www.seek.com.au/job/92804548?type=standard&ref=search-standalone#sol=8d68a4a77d9c343410e43e918705bc211ce2ad43,2026-06-29 04:31:00,N/A,N/A,N/A,N/A
Production Machine Operator/Factoryhand,Listed six days ago,"Northern Suburbs & Joondalup,Perth WA",WA,N/A,Casual,https://www.seek.com.au/job/92878195?type=standard&ref=search-standalone#sol=7822d670ae00050f98598f857b420a8b5fffa82c,2026-06-29 04:31:00,N/A,N/A,N/A,"We currently have an opportunity for animmediate startwithin our Warehouse and Production team.This is a hands-on role involving a variety of duties across both the production floor and warehouse, including machine operation, packing, dispatch, and general warehouse tasks.Key Requirements:Good technical aptitude and ability to learn machinery operationWillingness to assist in all areas of productionFlexible with working hours and shift workCurrent Manual Driver's LicencePositive attitude, strong work ethic, and reliable attendanceAbility to work effectively as part of a teamCandidates who are energetic, proactive, and mechanically minded will be highly regarded.What We Offer:Immediate start availableVaried and interesting workSupportive team environmentOpportunity to develop new skills and gain experience across multiple areas of the businessIf this sounds like you, we'd love to hear from you."
Machine Operator,Listed three days ago,"Welshpool,Perth WA",WA,N/A,N/A,https://www.seek.com.au/job/92946278?type=standard&ref=search-standalone#sol=aebae2e738c73767cb3d8edd3cfc239c0d17b1c3,2026-06-29 04:31:00,N/A,N/A,N/A,N/A
Production Operator,Listed twenty one days ago,"Karratha,Port Hedland, Karratha & Pilbara WA",WA,Up to $56.00 p.h. + Plus Super & Penalty Rates,Contract,https://www.seek.com.au/job/92567042?type=standard&ref=search-standalone#sol=9877ce25d9af2b70ddd05e46cfff80a4ad722abc,2026-06-29 04:31:00,N/A,N/A,N/A,N/A
Production Operator,Listed nine days ago,"Canning Vale,Perth WA",WA,$33 – $37 per hour,Casual,https://www.seek.com.au/job/92826112?type=standard&ref=search-standalone#sol=f12031d7b98e065179d90b70fc06509212187c16,2026-06-29 04:31:00,N/A,N/A,N/A,N/A
Process/ Paste Plant Operator,Listed nine days ago,Perth WA,WA,N/A,FIFO,https://www.seek.com.au/job/92831326?type=standard&ref=search-standalone#sol=c23d88c5efa0a70533cab2941b5ca18e021497c8,2026-06-29 04:31:00,N/A,N/A,N/A,N/A
Production Operator - Manufacturing,Listed thirteen days ago,"Hazelmere,Perth WA",WA,N/A,N/A,https://www.seek.com.au/job/92741487?type=standard&ref=search-standalone#sol=46cc9aab1c638a2a1d59a2deb33c64e266a216fc,2026-06-29 04:31:00,N/A,N/A,N/A,N/A
Process Technician,Listed three days ago,Perth WA,WA,$62 - $70 per hour based on experience,FIFO,https://www.seek.com.au/job/92961238?type=standard&ref=search-standalone#sol=d26987bd99da4165742c95c3fcea217fea8d7c7a,2026-06-29 04:31:00,N/A,N/A,N/A,N/A
Production Operator,Listed twenty six days ago,"Collie,Bunbury & South West WA",WA,N/A,N/A,https://www.seek.com.au/job/92482331?type=standard&ref=search-standalone#sol=eba4cdac6e9f270b30a3993d148b4c4560841d23,2026-06-29 04:31:00,N/A,N/A,N/A,N/A
Process Operator,Listed five days ago,"Kwinana Town Centre,Perth WA",WA,N/A,N/A,https://www.seek.com.au/job/92904953?type=standard&ref=search-standalone#sol=8c5c96716782ff7b18037e7895dcb64a9c8f3b0e,2026-06-29 04:31:00,N/A,N/A,N/A,N/A
"Operations Crew - PM shift, food pick packing, warehouse & food production",Listed one hour ago,"Bayswater,Perth WA",WA,$33.19 p/hr casual adult (21+) + free food + perks,Casual,https://www.seek.com.au/job/92996422?type=standard&ref=search-standalone#sol=931577b7ff999b35dca1c0b4e10ee02f21256d9f,2026-06-29 04:31:00,N/A,N/A,N/A,N/A
Operations Technician - Process Plant,Listed seven days ago,"Wiluna,Kalgoorlie, Goldfields & Esperance WA",WA,N/A,FIFO,https://www.seek.com.au/job/92851182?type=standard&ref=search-standalone#sol=78f22702071b7c55d68abb20fee4acee7c24e008,2026-06-29 04:31:00,N/A,N/A,N/A,N/A
Plant/machinery operator,Listed two hours ago,"Woottating,Northam & Wheatbelt WA",WA,$35 – $45 per hour,N/A,https://www.seek.com.au/job/92994289?type=standard&ref=search-standalone#sol=424bc320c384c124a493b4ddcb244b7ea6293335,2026-06-29 04:31:00,N/A,N/A,N/A,N/A
Production Operator,Listed nineteen days ago,"Canning Vale,Perth WA",WA,Up to $35 p.h.,Contract,https://www.seek.com.au/job/92626332?type=standard&ref=search-standalone#sol=0a196ee75b20dbe242fde14901f521c4716a37cc,2026-06-29 04:31:00,N/A,N/A,N/A,N/A
Production Worker,Listed four hours ago,"Kewdale,Perth WA",WA,$33 – $35 per hour,Casual,https://www.seek.com.au/job/92990617?type=standard&ref=search-standalone#sol=cefbbfae1c3503d353549a79c192d50dc0e265a4,2026-06-29 04:31:00,N/A,N/A,N/A,N/A
Production Operator - Casual,Listed twenty three days ago,"Osborne Park,Perth WA",WA,N/A,Casual,https://www.seek.com.au/job/92550775?type=standard&ref=search-standalone#sol=655282ea2f89f303fde551a273ca93c54cbafba8,2026-06-29 04:31:00,N/A,N/A,N/A,N/A
Production & Packing Hand,Listed two hours ago,"Malaga,Perth WA",WA,$27 – $32 per hour,N/A,https://www.seek.com.au/job/92994345?type=standard&ref=search-standalone#sol=752c6a15246e4750cc2f12c93bcd9ce302ef665f,2026-06-29 04:31:00,N/A,N/A,N/A,N/A
Process Technician,Listed four days ago,Perth WA,WA,$62 / $70 + Super - Depending on experience,Contract,https://www.seek.com.au/job/92913560?type=standard&ref=search-standalone#sol=c6915736835c1eafc9893b6e22df58ede490024b,2026-06-29 04:31:00,N/A,N/A,N/A,N/A
Process Shift Operator,Listed eleven days ago,Perth WA,WA,N/A,N/A,https://www.seek.com.au/job/92775891?type=standard&ref=search-standalone#sol=beb025b2779f2c7d9fc0d16254c0c89b9c63067b,2026-06-29 04:31:00,drivers_license|drug_alcohol_test,N/A,mid_level,"About usImage Resources is a growing mineral sands producer and is currently operating a highly successful mine and processing facility at its 100%-owned, high-grade, zircon-rich flagship Atlas mineral sands project, located approximately 2.5 hours north of Perth near the picturesque towns of Jurien Bay and Cervantes in Western Australia.The RoleAn exciting opportunity is available at our Atlas Operation for an experienced Process Shift Operator.  You will be responsible for operating the Wet Concentrator Plant and screening process, control rooms and operational coordination in the field to meet budget and schedule targets.Responsible for:Following instruction from the Process Shift Coordinator to ensure all daily activities are carried out to meet operational, environmental and safety targets.Ensure the safe and efficient operation of the plant within parameters to ensure integrity of the plant and that continuity is not compromised.Follow plant operation procedures, monitoring plant conditions and throughput to ensure production goals are met.Operate sectional areas in line with prescribed key parameters and targets detailed in the schedules and plans.Carry out sampling, preparation and testing of process streams.Prevent contamination of product streams by regular inspections and maintenance of equipment.Perform minor repairs on equipment within the scope of the role.Establish and maintain a high standard of housekeeping and cleanliness in individual work areas and through"
Production Operator,Listed twenty four days ago,"Bibra Lake,Perth WA",WA,N/A,Full-time,https://www.seek.com.au/job/92514174?type=standard&ref=search-standalone#sol=ae2c4cda76daae998fd39e2e3b053d5c5b1b6ff8,2026-06-29 04:31:00,N/A,N/A,N/A,N/A
Process Operator,Listed twenty four days ago,Perth WA,WA,$60 - $65,Contract,https://www.seek.com.au/job/92534531?type=standard&ref=search-standalone#sol=9bfe208b87b4ecb9bf56d4dfe7e1293436e37f0a,2026-06-29 04:31:00,N/A,N/A,N/A,N/A
Package Plant Operator 2026,Listed ten days ago,"Kalgoorlie,Kalgoorlie, Goldfields & Esperance WA",WA,N/A,Contract,https://www.seek.com.au/job/92816366?type=standard&ref=search-standalone#sol=e9ea78baf4185ed7041f8bd09a8e89831bcdc9c6,2026-06-29 04:31:00,N/A,N/A,N/A,N/A
MC (Multi Combination) Driver,MC (Multi Combination) Driver,"Wiluna,Kalgoorlie, Goldfields & Esperance WA",WA,N/A,N/A,https://www.seek.com.au/job/92934566?type=promoted&ref=search-standalone#sol=04c45458d9df73ef823bf7fa6efe294489e77242,2026-06-29 11:13:49,N/A,N/A,N/A,N/A
Experienced MC Road Ranger Truck driver and farm labourer,atWE & NJ Bailey,"Waddington,Northam & Wheatbelt WA",WA,"$90,000 – $95,000 per year",N/A,https://www.seek.com.au/job/92994123?type=promoted&ref=search-standalone#sol=6082264198f77108b1448cf2f3f102be17ca40c0,2026-06-29 11:13:49,N/A,N/A,N/A,N/A
Trainee Heavy Rigid (HR) Truck Driver,Listed four hours ago,"Geraldton,Geraldton, Gascoyne & Midwest WA",WA,$35 per hour,N/A,https://www.seek.com.au/job/93004070?type=standard&ref=search-standalone#sol=2944dba5ede7604783b9246fcacfe89d900c017e,2026-06-29 11:13:49,N/A,N/A,N/A,N/A
Dump truck operator,Listed four hours ago,"Perenjori,Geraldton, Gascoyne & Midwest WA",WA,N/A,Casual,https://www.seek.com.au/job/93005042?type=standard&ref=search-standalone#sol=cbef7c3c95f03f0a7cf0ec5719c0184e580c71e4,2026-06-29 11:13:49,N/A,N/A,N/A,N/A
Entry Level - Dump Truck / Loader Operator - Mine Site,Listed five days ago,"Kalgoorlie,Kalgoorlie, Goldfields & Esperance WA",WA,$40 – $50 per hour,N/A,https://www.seek.com.au/job/92921796?type=standard&ref=search-standalone#sol=528f10d674ecaf54b0d35295e8d1e6f1eab75ed7,2026-06-29 11:13:49,N/A,N/A,N/A,N/A
MC Drivers – Road Train / Sideloader | Jandakot Airport WA | Start Now,Listed six hours ago,"Jandakot,Perth WA",WA,$42 – $54.60 per hour,Casual,https://www.seek.com.au/job/92999760?type=standard&ref=search-standalone#sol=fec298f433f65d81fa29091e1124fc1875286d2b,2026-06-29 11:13:49,N/A,N/A,N/A,N/A
Truck Driver,Listed nine hours ago,"Orange Grove,Perth WA",WA,N/A,N/A,https://www.seek.com.au/job/92993769?type=standard&ref=search-standalone#sol=d349fc7b9f86343266649a107f4dd51d88722de6,2026-06-29 11:13:49,white_card,N/A,senior,"Your next opportunityAs a Boral Driver, you will play a key role in building our community every day. From driveways to stadiums, you will provide high quality service to our customers and leave your mark on a variety of infrastructure projects across WA!Your day will involve:Delivery of quarry materials which includes responsibility for compliance with axle weights tolerances and using smart track system to capture dataConducting daily checks on the vehicle and reporting maintenance as requiredCompleting basic documentation associated with the collection and delivery of materialsCommunicating effectively with production and allocation staff regarding customer and project experiencesWhat are we looking for?HC or MC LicenceProven experience driving heavy combination (HC) trucks. Tipper experience preferable.OH&S induction for construction industry (white Card)Demonstrated knowledge of the relevant transport laws and regulationsWhat’s on offer?Permanent, full-time opportunity offering overtimeEarn a competitive wage with a transparent pay structure – hourly rate + overtime + super + allowancesMonthly Rostered Day Off – 13 additional, paid days off!Access to a variety of support networks including Boral Employee Assistance ProgramAbout Boral QuarriesBoral is Australia’s leading quarry operator, with 76 quarries, sand pits and gravel operations, supplying about 30 million tonnes of product annually. Our raw materials of stone, gravel and sand are used to build our homes, workplac"
HC Truck Driver (semi tipper),Listed nine hours ago,"Neerabup,Perth WA",WA,$35 – $50 per hour,Casual,https://www.seek.com.au/job/92994224?type=standard&ref=search-standalone#sol=538f13e5b9f450ff896db0907f61b2eb0588d23b,2026-06-29 11:13:49,N/A,N/A,N/A,N/A
Road & Site Sweeper OPERATORS,Listed four days ago,"Maddington,Perth WA",WA,N/A,Casual,https://www.seek.com.au/job/92930990?type=standard&ref=search-standalone#sol=ab97e7080fcaad0c137f0f5911c20003fb27caa8,2026-06-29 11:13:49,N/A,N/A,N/A,N/A
Entry Level Underground Truck Operator - Residential Kalgoorlie,Listed six days ago,"Kalgoorlie,Kalgoorlie, Goldfields & Esperance WA",WA,N/A,N/A,https://www.seek.com.au/job/92881371?type=standard&ref=search-standalone#sol=5a2dee6783307aca886130a1e18e25f3636b5140,2026-06-29 11:13:49,N/A,N/A,N/A,N/A
"MC Driver - Side Tipper & Road Train | FIFO, Weekly Pay",Listed five days ago,Perth WA(Remote),WA,$55.00 - $68.00/h,Contract,https://www.seek.com.au/job/92919109?type=standard&ref=search-standalone#sol=ff2b3ab73bbbef876252cb5db6506a3f2263c679,2026-06-29 11:13:49,N/A,N/A,N/A,N/A
30x Dump Truck Operators $55 - $58 Per Hour,Listed three days ago,Perth WA,WA,$55 - $58 PER HOUR + SUPER | 12.5 HOUR DAYS | WEEKLY PAY,Casual,https://www.seek.com.au/job/92968038?type=standard&ref=search-standalone#sol=d3da1ae7272d3380f809d411782b5577aefd22e1,2026-06-29 11:13:49,N/A,N/A,N/A,N/A
MC Drivers - Onslow FIFO,Listed eleven days ago,"Onslow,Port Hedland, Karratha & Pilbara WA",WA,Up to $172k package inc super + bonuses + benefits,Full-time,https://www.seek.com.au/job/92796576?type=standard&ref=search-standalone#sol=086d7a29bb69a26ca7b23683c4ff739138520b42,2026-06-29 11:13:49,N/A,N/A,N/A,N/A
Vacuum Truck Operator - Attractive Family Friendly FIFO Roster,Listed three days ago,"Leonora,Kalgoorlie, Goldfields & Esperance WA",WA,N/A,FIFO,https://www.seek.com.au/job/92958467?type=standard&ref=search-standalone#sol=b8b3618280b4b2daa5104303ae1ff9a70426fbb2,2026-06-29 11:13:49,N/A,N/A,N/A,N/A
Road Train Operator,Listed four days ago,Perth WA,WA,$High Package + 10% Bonus + GU Health + Allowances,N/A,https://www.seek.com.au/job/92949737?type=standard&ref=search-standalone#sol=b85de0d8aba9014e532dacd05a9df4524ffa4791,2026-06-29 11:13:49,N/A,N/A,mid_level,"Norton Gold Fields is seeking applications from experienced and safety-focused operators interested in joining our Crushing and Haulage team as aRoad Train Operator.This role plays an important part in supporting the overall performance of mining operations by ensuring thesafe, efficient and productive operation of road train equipmentacross the site.Roster:2:1 - 12 hrs(Dayshift/Nightshift) (ResidentialorFIFOex.Perth)Residential Location:KalgoorlieWhat you will be doing:Reporting to the Haulage Shift Supervisor, the Road Train Operator is responsible for operating equipment safely and efficiently while supporting production targets and maintaining high safety standards. The role works closely with Maintenance, Technical Services and other site support teams to ensure smooth and effective operations.Conducting pre-start checks on equipment prior to operationOperating road train equipment safely and efficiently in line with site proceduresFollowing mine plan instructions to support production targetsParticipating in equipment handovers with supervisors and cross-shift operatorsCompleting post-shift checks, cleaning and refuelling equipmentReporting hazards, incidents or changes in ground conditionsContributing to a safe and productive team environmentMaintaining strong housekeeping standards and operational efficiencyWhat we are looking for:To be successful in this role, candidates should demonstrate:Acurrent MC Class Western Australian Driver’s Licence - requiredCommercial Veh"
MC Driver - Dangerous Goods - Kalgoorlie,Listed three hours ago,"Kalgoorlie,Kalgoorlie, Goldfields & Esperance WA",WA,Up to $51.88 p.h. + penalty rates and allowances,N/A,https://www.seek.com.au/job/93006536?type=standard&ref=search-standalone#sol=d674140e4e5cbf79ab77b5f7c5188ff9cc967994,2026-06-29 11:13:49,N/A,N/A,N/A,N/A
Waste Truck Driver/Labourer,Listed seventeen days ago,"Rockingham,Perth WA",WA,"$1,669 per week which incorporates all allowance",N/A,https://www.seek.com.au/job/92684478?type=standard&ref=search-standalone#sol=0d621b3d2d46439c8b753b877b88c273b209b5cd,2026-06-29 11:13:49,N/A,N/A,N/A,N/A
HR Driver | Truck Driver | Waste Management,Listed nine hours ago,"Kwinana Beach,Perth WA",WA,N/A,Casual,https://www.seek.com.au/job/92993001?type=standard&ref=search-standalone#sol=4366566915d6a97078e33e84364c1f12eedc4661,2026-06-29 11:13:49,N/A,N/A,N/A,N/A
(DIDO or BIBO/RESIDENTIAL KALGOORLIE) Dump Truck Operators $55 Per Hour,Listed three days ago,"Kalgoorlie,Kalgoorlie, Goldfields & Esperance WA",WA,$55 PER HOUR + SUPER | 12.5 HOUR DAYS | WEEKLY PAY,Casual,https://www.seek.com.au/job/92968357?type=standard&ref=search-standalone#sol=5c097b632fc6367d4ef05a87c055138d862dc2d5,2026-06-29 11:13:49,N/A,N/A,N/A,N/A
Truck Driver/Trainee Truck Driver,Listed fourteen days ago,"Kalgoorlie,Kalgoorlie, Goldfields & Esperance WA",WA,N/A,N/A,https://www.seek.com.au/job/92709304?type=standard&ref=search-standalone#sol=bdd071dda37880108807262033dedae9a9b45fe9,2026-06-29 11:13:49,N/A,N/A,N/A,N/A
Experienced MC Road Ranger Truck driver and farm labourer,Listed eight hours ago,"Waddington,Northam & Wheatbelt WA",WA,"$90,000 – $95,000 per year",N/A,https://www.seek.com.au/job/92994123?type=standard&ref=search-standalone#sol=da34f55e6a08c1a362c4040701b40d1148525c17,2026-06-29 11:13:49,N/A,N/A,N/A,N/A
Truck Driver,Listed eight hours ago,"South Guildford,Perth WA",WA,N/A,N/A,https://www.seek.com.au/job/92996905?type=standard&ref=search-standalone#sol=dc496965dc0d69133dea290e9ecd76cfa0fc8e23,2026-06-29 11:13:49,N/A,N/A,N/A,N/A
HR Driver,Listed seven hours ago,"Hazelmere,Perth WA",WA,$42.58 + overtime + 15% Superannaution,N/A,https://www.seek.com.au/job/92997317?type=standard&ref=search-standalone#sol=898895f6f30ab2452a7f8f60871463483b9132df,2026-06-29 11:13:49,N/A,N/A,N/A,N/A
Truck driver/operator,Listed five days ago,"Bayswater,Perth WA(Remote)",WA,$35 per hour,N/A,https://www.seek.com.au/job/92911060?type=standard&ref=search-standalone#sol=da9704c3fddd41de5facc01e6d5947c4658910e3,2026-06-29 11:13:49,N/A,N/A,N/A,N/A
MC (Multi Combination) Driver,Listed four days ago,"Wiluna,Kalgoorlie, Goldfields & Esperance WA",WA,N/A,N/A,https://www.seek.com.au/job/92934566?type=standard&ref=search-standalone#sol=c09a8ebeeccf50001f4cd19f3ef846a558538429,2026-06-29 11:13:49,N/A,N/A,N/A,N/A
HC & MC Drivers - PM shift,Listed three days ago,"Fremantle,Perth WA",WA,"Grade 6 $34.17, Grade 8 $35.76 and Grade 10 $38.23 + 13% Super PLUS O/T",N/A,https://www.seek.com.au/job/92967209?type=standard&ref=search-standalone#sol=01bb6029b7dbb4e3d6062464de9d5be696412c8c,2026-06-29 11:13:49,N/A,N/A,N/A,N/A
"Entry Level Roles: Truck Driver, Geology Technician & Process Technician",Listed eleven days ago,"Kalgoorlie,Kalgoorlie, Goldfields & Esperance WA",WA,N/A,N/A,https://www.seek.com.au/job/92794125?type=standard&ref=search-standalone#sol=3e448c97f76c318880fb9de67ed363e153268144,2026-06-29 11:13:49,N/A,N/A,N/A,N/A
Dump Truck Operator,Listed seven days ago,Perth WA,WA,$50 – $55 per hour,Casual,https://www.seek.com.au/job/92845609?type=standard&ref=search-standalone#sol=258667fc4ea7d9b66566cc34e9a58f43be7827fa,2026-06-29 11:13:49,N/A,N/A,N/A,N/A
"Casual HR Concrete Truck Driver | Harvey, WA",Listed three days ago,"Harvey,Bunbury & South West WA",WA,Up to $46.24 p.h. + (includes casual loading),Casual,https://www.seek.com.au/job/92972497?type=standard&ref=search-standalone#sol=fa3a74b66519883fbd124bcf130ad179f083195d,2026-06-29 11:13:49,N/A,N/A,N/A,N/A
Dump Truck Operator,Listed twenty one days ago,Perth WA,WA,N/A,N/A,https://www.seek.com.au/job/92574321?type=standard&ref=search-standalone#sol=8585470ecfec895cdfcd113738fabb3a0b1b7905,2026-06-29 11:13:49,N/A,N/A,N/A,N/A
MC Local & Interstate Driver,Listed thirteen days ago,"Hazelmere,Perth WA",WA,$50 – $55 per hour,N/A,https://www.seek.com.au/job/92750168?type=standard&ref=search-standalone#sol=da46098b51de0cf83bd1652a8518398e31f7396a,2026-06-29 11:13:49,N/A,N/A,N/A,N/A
MC Side Tipper Operators – FIFO from Perth,Listed eight hours ago,Perth WA,WA,$60 per hour,Contract,https://www.seek.com.au/job/92985542?type=standard&ref=search-standalone#sol=5659c1aa1ee29dd00aad11dead66e22767d526f5,2026-06-29 11:13:49,N/A,N/A,N/A,N/A
Underground Mining Vacancies,Underground Mining Vacancies,Perth WA,WA,N/A,N/A,https://www.seek.com.au/job/92882516?type=promoted&ref=search-standalone#sol=085a33d4406ebf5e70837ed3935fa13b9a60c0d0,2026-06-29 15:59:46,N/A,N/A,N/A,N/A
Underground Mining Vacancies,Underground Mining Vacancies,Perth WA,WA,N/A,N/A,https://www.seek.com.au/job/92570305?type=promoted&ref=search-standalone#sol=97a2ce2622c3007ac88723d7f59267f35b1dd55c,2026-06-29 15:59:46,N/A,N/A,N/A,N/A
Experienced Underground Operators for Cutting a Brand New Portal,Listed fourteen hours ago,Perth WA,WA,N/A,N/A,https://www.seek.com.au/job/92992677?type=standard&ref=search-standalone#sol=bf03385430040c493d3c962aa86ece3cb7e21859,2026-06-29 15:59:46,N/A,N/A,N/A,N/A
Underground Operators,Listed twenty days ago,Perth WA,WA,N/A,Contract,https://www.seek.com.au/job/92600497?type=standard&ref=search-standalone#sol=d1114d266bc296cb963fec818b4dec9dd05ca48c,2026-06-29 15:59:46,N/A,N/A,N/A,N/A
Underground Bogger Operator,Listed five days ago,Perth WA,WA,$100/hr (casual),N/A,https://www.seek.com.au/job/92922303?type=standard&ref=search-standalone#sol=a22b0cef399cd0cdbcf4e20b764260d5cec672c4,2026-06-29 15:59:46,N/A,N/A,N/A,N/A
Underground Mining Vacancies,Listed six days ago,Perth WA,WA,N/A,N/A,https://www.seek.com.au/job/92882516?type=standard&ref=search-standalone#sol=15162b246f87791621091df82020d227ad1be4ba,2026-06-29 15:59:46,N/A,N/A,N/A,N/A
Underground Mining Vacancies,Listed twenty one days ago,Perth WA,WA,N/A,N/A,https://www.seek.com.au/job/92570305?type=standard&ref=search-standalone#sol=d6bbd7a577baa7b0941a8f59d3fecab12f19ada1,2026-06-29 15:59:46,N/A,N/A,mid_level,"Pryce Mining Services is a leading underground labour hire provider throughout Australia. Through our extensive contacts within the industry, we can place personnel into their desired role quickly and efficiently.We areurgentlyseeking experienced Underground personnel for the below positions and we are offering excellent shift pay rates.We still have multiple vacancies for all of the roles advertised both with the Major Underground Contractors & Owner Operators.Our clients are offering career development within each role due to the number of vacancies availableIf you are an experienced underground miner and wish to work with a team that understands your day-to-day role, please apply for the positions below:Note: (Available rosters in brackets)Underground Mine Superintendent - 6 Month Contract(8/6)(WA Supervisor Certificate required)Underground Supervisors(WA Supervisors Certificate required) (14/14) (7/7) (8/6, 7/7) -(Industry Leading Salary Offered)Jumbo Operators(Sandvik 421 & 422 experience preferred) (8/6,7/7)Longhole Drillers(14/14) (8/6, 7/7) (7/7)Cablebolt Operators(14/14)Remote/Automine Bogger Operators(14/14) (8/6, 7/7) (7/7)Development Bogger Operators(14/14) (7/7) (8/6, 7/7)Charge Up Operators- Development & Production (WA Shotfirers License) - (8/6,7/7) (14/14) (7/7) (14/7)Shotcrete Nozzleman(14/14) (8/6,7/7) (14/7)Service Crew Leading Hand- (8/6,7/7) (14/14) (7/7) (14/7)Service Crew- (8/6,7/7) (14/14) (7/7) (14/7)Paste Crew Leading Hand(14/14)Projects Crew(14/14)"
AUMS Loader Operator Senegal,Listed fourteen days ago,Perth WA,WA,N/A,FIFO,https://www.seek.com.au/job/92728997?type=standard&ref=search-standalone#sol=b52ff99e8ec3ecac1e35d905d0791ab1443124a6,2026-06-29 15:59:46,N/A,N/A,N/A,N/A
Bogger Operator,Listed seven hours ago,Perth WA,WA,N/A,N/A,https://www.seek.com.au/job/93007545?type=standard&ref=search-standalone#sol=5a6668fa67698a7e5bc18e556cc989489d3fb47e,2026-06-29 15:59:46,N/A,N/A,N/A,N/A
Bogger Operator - Bellevue,Listed eighteen days ago,Perth WA,WA,"$3,000 Sign on bonus",N/A,https://www.seek.com.au/job/92653021?type=standard&ref=search-standalone#sol=c60ed5a6eeef4f9949efc14f7a813a597b7c6de8,2026-06-29 15:59:46,N/A,N/A,N/A,N/A
Underground Mining Operators - FIFO WA Gold Mines,Listed seven days ago,Perth WA,WA,$65 – $98 per hour,FIFO,https://www.seek.com.au/job/92863297?type=standard&ref=search-standalone#sol=b144a9a765ab329fbe2d4fefda068701c3a62133,2026-06-29 15:59:46,N/A,N/A,N/A,N/A
Projects Crew,Listed twelve hours ago,Perth WA,WA,Up to $75 per hour,Contract,https://www.seek.com.au/job/92997073?type=standard&ref=search-standalone#sol=d93f8b401c4e097f99dd108874a4956bc2a2324c,2026-06-29 15:59:46,N/A,N/A,N/A,N/A
Bogger Operator,Listed thirteen days ago,Perth WA(Remote),WA,N/A,Contract,https://www.seek.com.au/job/92755556?type=standard&ref=search-standalone#sol=1eddf1cf4784eb9d41b986a983cb45292b0f0727,2026-06-29 15:59:46,N/A,N/A,N/A,N/A
Underground Bogger Operator,Listed thirteen days ago,Perth WA,WA,$85-100p/h,Contract,https://www.seek.com.au/job/92742712?type=standard&ref=search-standalone#sol=32411ed262efb2d1974c52139366ced4e1a47317,2026-06-29 15:59:46,N/A,N/A,N/A,N/A
Underground Decline Crew,Listed eleven days ago,Perth WA,WA,N/A,N/A,https://www.seek.com.au/job/92799961?type=standard&ref=search-standalone#sol=ea6d920b8617fcc80bef83faede9342401938eec,2026-06-29 15:59:46,N/A,N/A,N/A,N/A
Bogger Operators | Production & Development,Listed six days ago,Perth WA,WA,N/A,Contract,https://www.seek.com.au/job/92889935?type=standard&ref=search-standalone#sol=c17ddc70afec333aec3372dde1c0d20184fd3e01,2026-06-29 15:59:46,N/A,N/A,N/A,N/A
Bogger Operator,Listed thirteen days ago,Perth WA,WA,N/A,N/A,https://www.seek.com.au/job/92740124?type=standard&ref=search-standalone#sol=4921192d756bb406ce9bec50e3b2bf8500280c7e,2026-06-29 15:59:46,N/A,N/A,N/A,N/A
Underground Operators - Charge Up,Listed eleven days ago,Perth WA,WA,"$150,000 – $170,000 per year",FIFO,https://www.seek.com.au/job/92797737?type=standard&ref=search-standalone#sol=4280147af0c3365a7a8239084153026c5741ff7c,2026-06-29 15:59:46,N/A,N/A,N/A,N/A
Underground Operator Trainer - Relief,Listed nineteen days ago,Perth WA,WA,N/A,FIFO,https://www.seek.com.au/job/92616697?type=standard&ref=search-standalone#sol=bc6c0fb066c3798bd46a4476ef59aa44f26fd3c5,2026-06-29 15:59:46,N/A,N/A,N/A,N/A
Underground Mining Operators,Listed fourteen days ago,Perth WA,WA,$60 – $79 per hour PLUS Super,Contract,https://www.seek.com.au/job/92714011?type=standard&ref=search-standalone#sol=024bc50d1433ba63a91076e45d591fdc50640918,2026-06-29 15:59:46,N/A,N/A,N/A,N/A
Bogger Operator - Norseman,Listed twenty five days ago,Perth WA,WA,N/A,N/A,https://www.seek.com.au/job/92502813?type=standard&ref=search-standalone#sol=571f2b60b801ef81ae7b90836e129264d372df18,2026-06-29 15:59:46,N/A,N/A,N/A,N/A
Bogger Operator,Listed twenty four days ago,Perth WA,WA,$925 - $1050/day,Contract,https://www.seek.com.au/job/92539034?type=standard&ref=search-standalone#sol=2b87fc3e124227ee9370598892e55862ff571919,2026-06-29 15:59:46,N/A,N/A,N/A,N/A
Underground Loader Operators,Listed twelve days ago,Perth WA,WA,N/A,FIFO,https://www.seek.com.au/job/92777310?type=standard&ref=search-standalone#sol=8d7f05a2ba731ca89f2fa6e5e211c50ae6842f30,2026-06-29 15:59:46,N/A,N/A,N/A,N/A
Service Crew Operator,Listed five days ago,Perth WA,WA,N/A,N/A,https://www.seek.com.au/job/92904170?type=standard&ref=search-standalone#sol=d0e6ce419200a9fdcc673cdac9f0f846f7a91bb0,2026-06-29 15:59:46,N/A,N/A,N/A,N/A
Bogger Operator,Listed six days ago,Perth WA,WA,N/A,FIFO,https://www.seek.com.au/job/92888178?type=standard&ref=search-standalone#sol=94fe1f7d1e4c130f7865d35387eeebc784cd879c,2026-06-29 15:59:46,N/A,N/A,N/A,N/A
Service Crew,Listed eighteen days ago,Perth WA,WA,N/A,N/A,https://www.seek.com.au/job/92662835?type=standard&ref=search-standalone#sol=db9ac2def46d888d20dd61ae718244fdba36c285,2026-06-29 15:59:46,N/A,N/A,N/A,N/A
Projects Crew,Listed eighteen days ago,Perth WA,WA,N/A,N/A,https://www.seek.com.au/job/92654731?type=standard&ref=search-standalone#sol=a1b80540d352912ac1dc033e6c5b1e6d02b7991a,2026-06-29 15:59:46,drivers_license|drug_alcohol_test,N/A,senior,"Vault Minerals Limitedis a  leading intermediate gold producer listed on the ASX, with a diversified  portfolio of operating assets across Western Australia and Canada. Formerly  known as Red 5 Limited, the company rebranded to Vault Minerals in September  2024 to reflect its scale, strength, and growth ambitions.With over a century  of mining history,Darlotis a cornerstone operation of Vault Minerals Limited  producing high-grade gold production. With a strong legacy, Darlot is focused  on the future, optimising production and driving exploration programs to extend  the mine’s lifespan and uncover new resources. The Darlot mine is located about  900 km northeast of Perth and 121 km north of Leonora, in the Goldfields Region  of Western Australia.Reporting to the Shift Supervisor the Projects Crew operator is  responsible for the safe and efficient construction and maintenance of  underground infrastructure, including ventilation controls, concrete works,  service installations, and civil mining projects. The role supports operational  continuity and development targets, working in alignment with Vault Minerals’  safety protocols, procedures, and performance standards.What we  offer:This position will be offered on       an8:6FIFO roster from PerthAn hour flight time from Perth to       Leonora and Virgin Velocity Frequent flyer pointsCompetitive Salary on       a fortnightly pay cycleReferral program allowing you to       earn up to $6,000 for referring new employeesCareer d"
Underground Nipper,Listed seven hours ago,Perth WA,WA,N/A,N/A,https://www.seek.com.au/job/93007252?type=standard&ref=search-standalone#sol=5794273ec167f6daf2661cb378ea863812670fc1,2026-06-29 15:59:46,N/A,N/A,N/A,N/A
Underground Agitator Operator,Listed six days ago,Perth WA,WA,$55 - $60 p.h. + Super on all hours,Contract,https://www.seek.com.au/job/92881062?type=standard&ref=search-standalone#sol=243dfb900c6b823a081f9fab941a29222d12faed,2026-06-29 15:59:46,N/A,N/A,N/A,N/A
Paste Crew,Listed twenty five days ago,Perth WA,WA,Up to $65 per hour,Contract,https://www.seek.com.au/job/92517759?type=standard&ref=search-standalone#sol=e5b952129afb1afd2cf22a177842893e2d59e1fd,2026-06-29 15:59:46,N/A,N/A,mid_level,"A Paste Crew role with long-term stability and genuine progression?Leading WA gold producers seeking experiencedUnderground Paste Crewoperators like you for long-term opportunities.These roles are offered on an ongoing basis, with the majority converting from temp to permanent after 3–6 months. You’ll be working with established owner-operators on consistent rosters with strong earning potential.If you’re experienced in underground paste operations and looking for your next move, apply now and we’ll be in touch with available opportunities.What’s on offer:Ongoing temp-to-perm positions across WA8/6 – 7/7 FIFO roster from PerthUp to $65 per hour + super paid on all hours (experience dependent)Immediate starts and fast mobilisationLong-term progression within underground operations.To be considered, you will have:Previous underground paste crew/ plant experienceValid manual C Class driver’s licenceAbility to complete a pre-employment medicalFull Australian working rights and currently residing in Australia.These roles are available immediately so if you are interested click 'apply', or giveAlannaha call(08) •••• •557for a confidential discussion. Alternatively flick me an emailala••••••••••@mpirecruitment.auUnfortunately, MPI is only able to consider people with appropriate and relevant experience, and who are either Australian Permanent Residents or have the necessary permits to work in Australia and whom are currently in Australia."
Underground Agitator Operator,Listed five days ago,Perth WA,WA,$50 - $60 p.h. + Super on all hours + Flights,N/A,https://www.seek.com.au/job/92910496?type=standard&ref=search-standalone#sol=b3014ae910474b247395eb1aa85b358588a8e65d,2026-06-29 15:59:46,N/A,N/A,N/A,N/A
Paste Crew,Listed twenty one days ago,Perth WA,WA,"$3,000 Sign on Bonus | up to $10,000 employee referral program!",FIFO,https://www.seek.com.au/job/92570649?type=standard&ref=search-standalone#sol=46332dd2d28bdfefcf0f271a6068621a769fbbc2,2026-06-29 15:59:46,N/A,N/A,N/A,N/A
General Expressions of Interest - Dump Truck Operators,atCITIC Pacific Mining Management Pty Ltd,Perth WA,WA,N/A,FIFO,https://www.seek.com.au/job/92850179?type=promoted&ref=search-standalone#sol=c5016da72ab6e05de295e650efe7a46fdc63cc97,2026-06-29 20:12:30,N/A,N/A,N/A,N/A
Dump Truck Operators | 2:1 Roster | Permanent Role,atPrivate Advertiser,Perth WA,WA,$52–$59 ph. + super + hourly bonus + Benefits,FIFO,https://www.seek.com.au/job/92937554?type=promoted&ref=search-standalone#sol=ccbe2b4fc25a25adab652af0745a69648f94d557,2026-06-29 20:12:30,N/A,N/A,N/A,N/A
Dump truck operator,Listed thirteen hours ago,"Perenjori,Geraldton, Gascoyne & Midwest WA",WA,N/A,Casual,https://www.seek.com.au/job/93005042?type=standard&ref=search-standalone#sol=6c2c202086060ccde350d0ae1d97e582aa8ae0c6,2026-06-29 20:12:30,N/A,N/A,N/A,N/A
Dump Truck Operators,Listed six days ago,Perth WA,WA,$56/hr + Superannuation paid on all hours,FIFO,https://www.seek.com.au/job/92893107?type=standard&ref=search-standalone#sol=c1232f59c69144237c4dd4250d96d68d01b04124,2026-06-29 20:12:30,N/A,N/A,N/A,N/A
30x Dump Truck Operators $55 - $58 Per Hour,Listed three days ago,Perth WA,WA,$55 - $58 PER HOUR + SUPER | 12.5 HOUR DAYS | WEEKLY PAY,Casual,https://www.seek.com.au/job/92968038?type=standard&ref=search-standalone#sol=34f2f76819e4753a43a6dcac6118585a969e7bd9,2026-06-29 20:12:30,N/A,N/A,N/A,N/A
(DIDO or BIBO/RESIDENTIAL KALGOORLIE) Dump Truck Operators $55 Per Hour,Listed three days ago,"Kalgoorlie,Kalgoorlie, Goldfields & Esperance WA",WA,$55 PER HOUR + SUPER | 12.5 HOUR DAYS | WEEKLY PAY,Casual,https://www.seek.com.au/job/92968357?type=standard&ref=search-standalone#sol=5a2126502314fe171ab7c1d0f23ef107ee4b1c4f,2026-06-29 20:12:30,N/A,N/A,N/A,N/A
General Expressions of Interest - Dump Truck Operators,Listed seven days ago,Perth WA,WA,N/A,FIFO,https://www.seek.com.au/job/92850179?type=standard&ref=search-standalone#sol=432573ea44bdc0a29fa68f227eb4cc6f1f7f8d96,2026-06-29 20:12:30,N/A,N/A,N/A,N/A
Entry Level - Dump Truck / Loader Operator - Mine Site,Listed five days ago,"Kalgoorlie,Kalgoorlie, Goldfields & Esperance WA",WA,$40 – $50 per hour,N/A,https://www.seek.com.au/job/92921796?type=standard&ref=search-standalone#sol=2560037384184f5b992f0e58317b8d3161b38ff9,2026-06-29 20:12:30,N/A,N/A,N/A,N/A
Dump Truck Operators,Listed thirteen days ago,"Boddington,Mandurah & Peel WA",WA,N/A,Casual,https://www.seek.com.au/job/92742590?type=standard&ref=search-standalone#sol=39d8086b539d76d78b9e69e62b2960490cbf2a63,2026-06-29 20:12:30,N/A,N/A,N/A,N/A
Dump Truck Operators,Listed twenty four days ago,"Perth Airport,Perth WA",WA,$56-$63 p/h,Contract,https://www.seek.com.au/job/92536495?type=standard&ref=search-standalone#sol=9e9a275eb914ffebfe77b5f1a91fe0504e9a9a69,2026-06-29 20:12:30,N/A,N/A,N/A,N/A
Dump Truck Operator,Listed ten days ago,Perth WA,WA,$57 - $63 p.h. + Super on all hours + Weekly Pay,Contract,https://www.seek.com.au/job/92825951?type=standard&ref=search-standalone#sol=932dd9d5c30235899f8fcfc997647d15ba97c574,2026-06-29 20:12:30,N/A,N/A,N/A,N/A
Dump Truck Operators | 2:1 Roster | Permanent Role,Listed four days ago,Perth WA,WA,$52–$59 ph. + super + hourly bonus + Benefits,FIFO,https://www.seek.com.au/job/92937554?type=standard&ref=search-standalone#sol=7668547f466daa7a11e18d5fdd99a2dec26d1180,2026-06-29 20:12:30,N/A,N/A,N/A,N/A
FIFO - Indigenous - Trainee - Mobile plant operator,Listed fourteen days ago,Perth WA,WA,$38 per hour,FIFO,https://www.seek.com.au/job/92717877?type=standard&ref=search-standalone#sol=486367577207e2a290541ed3eeefb9be2e1b60ea,2026-06-29 20:12:30,N/A,N/A,N/A,N/A
Dump Truck Operator,Listed thirteen days ago,Perth WA,WA,"$55/hr, immediate start",Contract,https://www.seek.com.au/job/92751243?type=standard&ref=search-standalone#sol=7dfff8b0bf3bdd5cdf37a176a8c5d565466cd58d,2026-06-29 20:12:30,N/A,N/A,N/A,N/A
Dump Truck Operator,Listed twenty one days ago,Perth WA,WA,N/A,N/A,https://www.seek.com.au/job/92578572?type=standard&ref=search-standalone#sol=c941a6cca1ac3180221c5b0e34144311277e591b,2026-06-29 20:12:30,N/A,N/A,N/A,N/A
Mobile Plant Operators - Surface Mining,Listed thirteen hours ago,"Port Hedland,Port Hedland, Karratha & Pilbara WA",WA,N/A,Contract,https://www.seek.com.au/job/93004946?type=standard&ref=search-standalone#sol=5c37ee399a0da410d8c4f94d92d7ef06763b9093,2026-06-29 20:12:30,N/A,N/A,N/A,N/A
Dump Truck Operators,Listed ten days ago,Perth WA,WA,$55/hr + Super on all hours worked,FIFO,https://www.seek.com.au/job/92828607?type=standard&ref=search-standalone#sol=214f1481a3e10052537bdd7a15f7f1064aad859b,2026-06-29 20:12:30,N/A,N/A,N/A,N/A
$55 - $58 Per Hour Dump Truck Operators,Listed ten days ago,Perth WA,WA,$55+ Per Hour + Super | Weekly Pay,Casual,https://www.seek.com.au/job/92826709?type=standard&ref=search-standalone#sol=f08744e7101dcd79eb46c3a06ee0c9aa8edd00eb,2026-06-29 20:12:30,N/A,N/A,N/A,N/A
Dump Truck Operator - Iron Bridge,Listed five days ago,Perth WA,WA,N/A,N/A,https://www.seek.com.au/job/92914122?type=standard&ref=search-standalone#sol=50f40c0767b794539bdb6263cbecffb0d6363ac0,2026-06-29 20:12:30,N/A,N/A,N/A,N/A
Electric Dump Truck Operators,Listed thirteen days ago,Perth WA,WA,$57.75 - $61.00 per hour,Contract,https://www.seek.com.au/job/92740381?type=standard&ref=search-standalone#sol=8eec9920dbc5b76ec317bc920f534230bda8a711,2026-06-29 20:12:30,N/A,N/A,N/A,N/A
MULTIPLE ROLES - Dozer / Grader / Loader / Dump Truck / Water Cart,Listed seven days ago,"Wiluna,Kalgoorlie, Goldfields & Esperance WA",WA,N/A,FIFO,https://www.seek.com.au/job/92849549?type=standard&ref=search-standalone#sol=dd184916ecb1c3f0d6ac7f87faab4d21ad401eb3,2026-06-29 20:12:30,N/A,N/A,N/A,N/A
FIFO - Dump Truck Operator,Listed seven days ago,Perth WA,WA,$55 – $60 per hour,Casual,https://www.seek.com.au/job/92861050?type=standard&ref=search-standalone#sol=a613f11b18644afa462634ac6368e3a31012ea7b,2026-06-29 20:12:30,N/A,N/A,N/A,N/A
Dump Truck Operator,Listed eight days ago,Perth WA,WA,$50 – $55 per hour,Casual,https://www.seek.com.au/job/92845609?type=standard&ref=search-standalone#sol=763ed0406aa341e64ad90fa28036e867bafb61d9,2026-06-29 20:12:30,N/A,N/A,N/A,N/A
Dump Truck Operator,Listed twenty seven days ago,Perth WA,WA,N/A,N/A,https://www.seek.com.au/job/92452881?type=standard&ref=search-standalone#sol=cef515aa348af7537846c966c2b1e158631342a2,2026-06-29 20:12:30,N/A,N/A,N/A,N/A
Production Dump Truck Operator,Listed ten days ago,Perth WA,WA,N/A,Casual,https://www.seek.com.au/job/92830495?type=standard&ref=search-standalone#sol=34e3dce5fa80df926bef0db29ee97dc95acc0266,2026-06-29 20:12:30,N/A,N/A,N/A,N/A
Dump Truck Operator,Listed nine days ago,Perth WA,WA,N/A,N/A,https://www.seek.com.au/job/92839456?type=standard&ref=search-standalone#sol=acbfe46bac612a5be2b1fd0a821919f7f5ef74ce,2026-06-29 20:12:30,N/A,N/A,N/A,N/A
Dump Truck Operator - Northern Star Surface Mining,Listed seven days ago,Perth WA,WA,N/A,FIFO,https://www.seek.com.au/job/92858740?type=standard&ref=search-standalone#sol=1070e0269984c0b07df171633011192c469eac36,2026-06-29 20:12:30,N/A,N/A,N/A,N/A
Dump Truck Operators - FIFO 2:1,Listed ten days ago,Perth WA,WA,$58.00 - $60.00p/hr,Casual,https://www.seek.com.au/job/92815750?type=standard&ref=search-standalone#sol=cda3a659f8bdef9541676c3db6ab8e812aa64dbf,2026-06-29 20:12:30,N/A,N/A,N/A,N/A
FIFO Dump Truck Operator - Mining,Listed nineteen days ago,Perth WA,WA,N/A,FIFO,https://www.seek.com.au/job/92624774?type=standard&ref=search-standalone#sol=9eee41b061cf89d67c539066d19eaa51a1a7dc21,2026-06-29 20:12:30,N/A,N/A,N/A,N/A
50 x Dump Truck Operators - $55 - $58 Per Hour,Listed twenty three days ago,Perth WA,WA,$55 - $58 Per Hour + Super | Fast Mobilisation,Casual,https://www.seek.com.au/job/92557290?type=standard&ref=search-standalone#sol=08ad7b3f8ab5883c5bd931e619e1cbaf1346b0e4,2026-06-29 20:12:30,N/A,N/A,N/A,N/A
Goldfields WA- Dump Truck Operator,Listed five days ago,Perth WA,WA,N/A,Contract,https://www.seek.com.au/job/92910123?type=standard&ref=search-standalone#sol=0cbf543a3961984e5f5c387c4f9be896d53fd9fb,2026-06-29 20:12:30,N/A,N/A,N/A,N/A
"Dump Truck Operator - Pilbara, WA",Listed six days ago,Perth WA,WA,N/A,Contract,https://www.seek.com.au/job/92879354?type=standard&ref=search-standalone#sol=88fa8cb956f102786e18960a9384cc70d3c8e16e,2026-06-29 20:12:30,N/A,N/A,N/A,N/A
ROM Loader Operator - Goldfields - 2/1 Roster,atMerkanooka Haulage,Perth WA,WA,N/A,N/A,https://www.seek.com.au/job/92887534?type=promoted&ref=search-standalone#sol=a68534d2d280ac4a5a4e60c76d6b92f88457031a,2026-06-30 04:11:17,N/A,N/A,N/A,N/A
Loader Operator,atCampbell Transport,Perth WA,WA,N/A,FIFO,https://www.seek.com.au/job/92620719?type=promoted&ref=search-standalone#sol=a1a7dd3723b77d3de7696e2af69a9677d1a3e57f,2026-06-30 04:11:17,N/A,N/A,N/A,N/A
Loader Operators - NOR,Listed one hour ago,Perth WA,WA,$41.50 - $46 P/Hour + Penalties | Meal and travel allowance,Casual,https://www.seek.com.au/job/93021937?type=standard&ref=search-standalone#sol=9410eedf88f590f44d1726f489b8b3e8848eb332,2026-06-30 04:11:17,N/A,N/A,N/A,N/A
Loader Operator,Listed three days ago,Perth WA,WA,N/A,Contract,https://www.seek.com.au/job/92966758?type=standard&ref=search-standalone#sol=bdc65df65e4e2119f37c6db8758594faa4f53c18,2026-06-30 04:11:17,white_card|heavy_vehicle_license,N/A,mid_level,"Join Our TeamiContracting Group has emerged as a major player in the civil contracting landscape, delivering quality services to the Australian mining resources sector.Our specialist teams carry out highly efficient civil earthworks across maintenance, construction, rehabilitation and mining projects.  Our key partners include Roy Hill, FMG, Rio Tinto, and BHP.Being traditionally owned and operated First Nations business, iContracting Group provides genuine career opportunities for all Australians.About the OpportunityWe have an exciting new Load & Haul project kicking off and are looking for experienced Production Loader Operators to join our team. If you’re committed to safe, efficient production and take pride in your work, we’d love to hear from you.2/1 Roster including one week of Nightshift and one week of DayshiftLocated at YandiRio TintoMining production working environment.About YouExperience operating 988 Production LoaderPass pre-employment medical.Nationally accredited tickets - EssentialHR License- PreferableWhite Card - EssentialHave Australian working rights - EssentialExcellent time management skills and flexibility to adapt to changing priorities.Benefits & RewardsBe part of team first environmentExcellent pay rates with project incentiveSupportive training and developmentVisit our website at:www.icontracting.com.auiContracting is an equal opportunity employer who encourages applicants from diverse backgrounds to apply."
Loader (1:1) & Moxy (2:1) Operators - FIFO,Listed five days ago,"Jandakot,Perth WA(Remote)",WA,N/A,Casual,https://www.seek.com.au/job/92925855?type=standard&ref=search-standalone#sol=051fd29042f07d0440fa5321e5f7b79d6be5a497,2026-06-30 04:11:17,N/A,N/A,N/A,N/A
Loader Operator,Listed three days ago,"Wangara,Perth WA",WA,N/A,N/A,https://www.seek.com.au/job/92965592?type=standard&ref=search-standalone#sol=e4caccf281e78c4558d4b43415a6a78c01b443ff,2026-06-30 04:11:17,N/A,N/A,N/A,N/A
Entry Level - Dump Truck / Loader Operator - Mine Site,Listed five days ago,"Kalgoorlie,Kalgoorlie, Goldfields & Esperance WA",WA,$40 – $50 per hour,N/A,https://www.seek.com.au/job/92921796?type=standard&ref=search-standalone#sol=334ab5b4155c817c928e52fa5676c568a54bde60,2026-06-30 04:11:17,N/A,N/A,N/A,N/A
Loader Operator,Listed seven days ago,"Kalgoorlie,Kalgoorlie, Goldfields & Esperance WA",WA,$65 Per hour + super on all hours,Contract,https://www.seek.com.au/job/92862626?type=standard&ref=search-standalone#sol=ae86609ba6def98f38af1b2b52d1a676c16af6b5,2026-06-30 04:11:17,N/A,N/A,N/A,N/A
ROM Loader Operators,Listed three days ago,Perth WA,WA,$60 / $65 + super - depending on experience,Contract,https://www.seek.com.au/job/92973361?type=standard&ref=search-standalone#sol=9c7c32fd3f44af3cc042b7e837b14054e05afd8b,2026-06-30 04:11:17,N/A,N/A,N/A,N/A
MULTIPLE ROLES - Dozer / Grader / Loader / Dump Truck / Water Cart,Listed eight days ago,"Wiluna,Kalgoorlie, Goldfields & Esperance WA",WA,N/A,FIFO,https://www.seek.com.au/job/92849549?type=standard&ref=search-standalone#sol=1607b316f09002a9b044b8d4d686fe31b8471f32,2026-06-30 04:11:17,N/A,N/A,N/A,N/A
CIVIL Loader Operator,Listed fourteen days ago,"Pinjarra,Mandurah & Peel WA",WA,$45 - $50 p.h. + penalties and allowances where ap,Contract,https://www.seek.com.au/job/92742555?type=standard&ref=search-standalone#sol=65eed2c03134b566980ceed2fe6e296049a8d072,2026-06-30 04:11:17,N/A,N/A,N/A,N/A
Crusher / Loader Operator,Listed three days ago,Perth WA,WA,N/A,Contract,https://www.seek.com.au/job/92972351?type=standard&ref=search-standalone#sol=79fddcc9fcaca93ea2910dc40423f11d008499bb,2026-06-30 04:11:17,white_card|heavy_vehicle_license,N/A,N/A,"Join Our TeamiContracting Group has emerged as a major player in the civil contracting landscape, delivering quality services to the Australian mining resources sector.Our specialist teams carry out highly efficient civil earthworks across maintenance, construction, rehabilitation and mining projects.  Our key partners include Roy Hill, FMG, Rio Tinto, and BHP.Being traditionally owned and operated First Nations business, iContracting Group provides genuine career opportunities for all Australians.About The OpportunityWe are looking for a motivated and driven individual with a strong work ethic to join our team as a Crushing and Loader Operator. Experience in crushing feeding stockpile and tailing from plant. Must be able to operate CAT 980 Loader and assist with crusher prestart checks and maintenance.2/2 rosterDay shift onlyNew equipmentAbout YouMust have experience feeding and operating mobile crushing plantsPrepared and competent to assist with maintenance and plant prestart activities in mobile crushing environmentStrong communication skills and ability to work collaboratively in a team environmentExcellent time management skills and flexibility to adapt to changing prioritiesMinimum 3 years operator experienceMust have relevant licenses and tickets essentialHR license essentialWhite Card essentialAustralian working rights essentialBenefits & RewardsBe part of team first environmentExcellent rates and rewards offeredSupportive training and developmentVisit our website at"
Loader Operators,Listed fourteen days ago,"Karratha,Port Hedland, Karratha & Pilbara WA",WA,N/A,Casual,https://www.seek.com.au/job/92745471?type=standard&ref=search-standalone#sol=8bb418fa3162d64ad453649bdb4929f387dcfccb,2026-06-30 04:11:17,N/A,N/A,N/A,N/A
Wheel Loader Operator,Listed eleven days ago,"Welshpool,Perth WA",WA,N/A,N/A,https://www.seek.com.au/job/92815623?type=standard&ref=search-standalone#sol=55af131cca83454af2380f10f11b1135486e3369,2026-06-30 04:11:17,N/A,N/A,N/A,N/A
ROM Loader Operator - Goldfields - 2/1 Roster,Listed six days ago,Perth WA,WA,N/A,N/A,https://www.seek.com.au/job/92887534?type=standard&ref=search-standalone#sol=cbf52ecd49f3f006010498cc6f5e7ced12a65850,2026-06-30 04:11:17,N/A,N/A,N/A,N/A
Expression Of Interest - Civil Multi Skilled Operators,Listed six days ago,"Kalgoorlie,Kalgoorlie, Goldfields & Esperance WA",WA,N/A,FIFO,https://www.seek.com.au/job/92899749?type=standard&ref=search-standalone#sol=0e907d4d7a135067172b1ddf5892a1aed9a8ff04,2026-06-30 04:11:17,N/A,N/A,N/A,N/A
Loader Operator,Listed twenty days ago,Perth WA,WA,N/A,FIFO,https://www.seek.com.au/job/92620719?type=standard&ref=search-standalone#sol=c98e03391fc43a9e34803f51b432d7fe4ff4a289,2026-06-30 04:11:17,N/A,N/A,N/A,N/A
Loader Operator - Day & Afternoon Shift,Listed three days ago,"Canning Vale,Perth WA",WA,N/A,N/A,https://www.seek.com.au/job/92966442?type=standard&ref=search-standalone#sol=e3695802ad3be00e9040fdfce1fcb01f84d8fc8e,2026-06-30 04:11:17,drivers_license|forklift_license,forklift_license,mid_level,"Re.Groupis an Australian owned company, focused on providing solutions for recycling and recovery of resources from waste. Our vision is to create a wasteless society; where all resources that become waste are reused and are not disposed.At the heart of Re.Group is our focus on positive community impact. We collaborate with charities, private organisations, and the Government to benefit local communities.We are looking for experienced Loader Drivers on a permanent basis who is able to work from Monday to Friday from 6am - 2pm on the Day shift or 2pm-10pm on the Afternoon shift. We have vacancies on both shifts.About the role:Operate front-end loaders to move, load, transport commingled materials inside the plantConduct daily pre-start checks (tyres, hydraulics, lights, fluids, attachments).Able to safely operate the equipment plant with the ability to effectively communicate on the UHF radio.Always adhere to health & safety procedures and policies at all times and report any near misses and fault findingsFollow site traffic management plans, speed limits, and safe operating procedures.Keep the machine clean and ensure safe shutdown procedures daily.Assist with general labouring or yard duties when required.About you:Previous relevant experience in recycling/waste, heavy industrial, manufacturing, FOGO, or similar industryPrevious relevant experience as a front end loaderFront end Loader ticket is essentialForklift license is desirableSkilled and safe use of relevant plant and"
Excavator /Front End Loader Operator All Rounder,Listed eleven days ago,"Malaga,Perth WA",WA,N/A,N/A,https://www.seek.com.au/job/92799768?type=standard&ref=search-standalone#sol=d292e7daafa9ff2b174949c93078afaaa08c4002,2026-06-30 04:11:17,N/A,N/A,N/A,N/A
Plant Operator,Listed one day ago,Perth WA,WA,$50 – $55 per hour,N/A,https://www.seek.com.au/job/92998320?type=standard&ref=search-standalone#sol=9d34948b8998d6ecae6a1d8ac3fe6a1d4e4a235a,2026-06-30 04:11:17,N/A,N/A,N/A,N/A
Mobile Plant Operators - Exploration,Listed four days ago,Perth WA,WA,N/A,Casual,https://www.seek.com.au/job/92957111?type=standard&ref=search-standalone#sol=7fba6458b6386a2068e4b8b9cf3318f8331e24b1,2026-06-30 04:11:17,N/A,N/A,N/A,N/A
Loader Operator - FIFO,Listed twenty one days ago,"Port Hedland,Port Hedland, Karratha & Pilbara WA",WA,$57.81 per hour + Superannuation,FIFO,https://www.seek.com.au/job/92592719?type=standard&ref=search-standalone#sol=1fe3217062378982601e562f8118ff98e430727d,2026-06-30 04:11:17,N/A,N/A,N/A,N/A
Labourers and Mobile Plant All-Rounders,Listed three days ago,"Bedfordale,Perth WA",WA,$38.50 - $45 p.h. + Penalties and Allowances,N/A,https://www.seek.com.au/job/92971969?type=standard&ref=search-standalone#sol=b67ac58398d9934365cc5ebfc2610350e651b068,2026-06-30 04:11:17,white_card|drivers_license|drug_alcohol_test,N/A,mid_level,"FT Workforce is a leading Australian owned and operated Recruitment and Labour Hire business with headquarters in Perth, specialising in Construction, Mining, Civils, Rail and Trades Recruitment.What we are looking for:We are seeking Roller, Moxy, Watercart, Loader and Excavator operators who are happy to perform labouring duties as well as operate on a Civil Construction project in Bedfordale WA 6112.We are happy to pay ABOVE MARKET RATES for experienced operators.Operators with experience doing any of the below are highly sought after:Experience driving Rollers, Watercarts or Articulated Haul TrucksExperience working on a civil siteExperience working on Main Roads projectsWhat you need:To be considered for this role you must obtain/have the following:White CardValid HR Drivers licenseReliable vehicleRelevant mobile plant operating ticketMust be happy to perform labouring duties when not operating the machineAble to pass regular drug and alcohol testingWhat you will get in return:Ongoing work with established clientsOpportunity to go Full Time with the Client after 3 monthsAttractive rates with penaltiesTravel allowance (where applicable)Meal allowance (where applicable)Rewards programs for safe and hardworking employeesTo register your interest please click apply and submit your up-to-date resume.Only candidates with updated resumes will be considered."
FIFO Mobile Plant Operator,Listed thirteen days ago,Perth WA,WA,"$160,000 – $180,000 per year",FIFO,https://www.seek.com.au/job/91860287?type=standard&ref=search-standalone#sol=ecbf671990334d75ffae19c55a92ca9a13e25eca,2026-06-30 04:11:17,N/A,N/A,N/A,N/A
Mobile Plant Operators,Listed twenty seven minutes ago,"Mandurah,Mandurah & Peel WA",WA,Up to $40.20 p.h. + Penalties and allowances,Contract,https://www.seek.com.au/job/93023787?type=standard&ref=search-standalone#sol=999daef590b77e3993230e68ce1f25bb316a4e92,2026-06-30 04:11:17,N/A,N/A,N/A,N/A
Plant Operator,Listed fourteen days ago,"Broome,Broome & Kimberley WA",WA,N/A,FIFO,https://www.seek.com.au/job/92740506?type=standard&ref=search-standalone#sol=6eab371d8b41b57230653696b19df18ce24da3c8,2026-06-30 04:11:17,N/A,N/A,N/A,N/A
Excavator & Loader - Civil Construction,Listed one day ago,Perth WA,WA,$42 - $47 + Penalties + Travel + Meal,Casual,https://www.seek.com.au/job/92995313?type=standard&ref=search-standalone#sol=89047597d6bc399564b98fffacdd57ec238b278d,2026-06-30 04:11:17,N/A,N/A,N/A,N/A
Loader/Dozer Operator - Kwinana BCT,Listed six days ago,"Kwinana Beach,Perth WA",WA,$41.25-$42.59/hr + penalties & allowances,N/A,https://www.seek.com.au/job/92887174?type=standard&ref=search-standalone#sol=7b4c8392d86b4b22cecc5f23f36771bab87e5678,2026-06-30 04:11:17,N/A,N/A,N/A,N/A
Plant/machinery operator,Listed one day ago,"Woottating,Northam & Wheatbelt WA",WA,$35 – $45 per hour,N/A,https://www.seek.com.au/job/92994289?type=standard&ref=search-standalone#sol=0eb97ac8159555f29e3a41b1a693a7c643249803,2026-06-30 04:11:17,N/A,N/A,N/A,N/A
Front end Loader operator,Listed twenty eight days ago,"Fremantle,Perth WA",WA,$45 – $50 per hour,Casual,https://www.seek.com.au/job/92455025?type=standard&ref=search-standalone#sol=83f5075311845560f0b0ef7cc136017aa4427503,2026-06-30 04:11:17,N/A,N/A,N/A,N/A
Plant Operator | FIFO/DIDO | Multiple WA Sites | IMMEDIATE START,Listed five days ago,Perth WA,WA,N/A,Casual,https://www.seek.com.au/job/92935558?type=standard&ref=search-standalone#sol=204842df625a9770e807e864e3b30401dbafe877,2026-06-30 04:11:17,N/A,N/A,N/A,N/A
30 x Mobile Plant Operators - Iron Ore Mine - Up To $76 Per Hour,Listed ten days ago,Perth WA,WA,$55 - $76 Per Hour | Casual OR Full Time Time Roles,Casual,https://www.seek.com.au/job/92825948?type=standard&ref=search-standalone#sol=b30727924120e3b72cee9f2c5774f4a30c15e7bc,2026-06-30 04:11:17,N/A,N/A,N/A,N/A
Process Operator,Process Operator,"Wiluna,Kalgoorlie, Goldfields & Esperance WA",WA,N/A,N/A,https://www.seek.com.au/job/93034695?type=promoted&ref=search-standalone#sol=1241bef234ffab29b768f6a42b6c3e0b66186c0f,2026-06-30 09:55:06,N/A,N/A,N/A,N/A
Production Machine Operator/Factoryhand,Production Machine Operator/Factoryhand,"Northern Suburbs & Joondalup,Perth WA",WA,N/A,Casual,https://www.seek.com.au/job/92878195?type=promoted&ref=search-standalone#sol=f83ac228124a8ec3110e69efb8cda7e3d43bceb4,2026-06-30 09:55:06,N/A,N/A,N/A,N/A
Process Operator,Listed one hour ago,"Wiluna,Kalgoorlie, Goldfields & Esperance WA",WA,N/A,N/A,https://www.seek.com.au/job/93034695?type=standard&ref=search-standalone#sol=3f1bbc049138ee4902b6f47fe1d70de47d506b10,2026-06-30 09:55:06,N/A,N/A,N/A,N/A
Production Operator,Listed seven days ago,"Harvey,Bunbury & South West WA",WA,$30.4677 per hour plus superannuation,N/A,https://www.seek.com.au/job/92881881?type=standard&ref=search-standalone#sol=d5031df6c5e2edc617f3e8936f79f847c15db57e,2026-06-30 09:55:06,N/A,N/A,N/A,N/A
Production Operator - Manufacturing,Listed fourteen days ago,"Hazelmere,Perth WA",WA,N/A,N/A,https://www.seek.com.au/job/92741487?type=standard&ref=search-standalone#sol=84eab9405f5a3b2a8753ffae9f7df709adb32cbf,2026-06-30 09:55:06,N/A,N/A,N/A,N/A
Process Operator,Listed seven hours ago,Perth WA,WA,N/A,FIFO,https://www.seek.com.au/job/93020172?type=standard&ref=search-standalone#sol=50b15ec0c71846633c9c60d77eef168cd1acb84d,2026-06-30 09:55:06,N/A,N/A,N/A,N/A
Machine Operator,Listed five days ago,"Welshpool,Perth WA",WA,N/A,N/A,https://www.seek.com.au/job/92946278?type=standard&ref=search-standalone#sol=bed4b276610d34c00ea87b9ff56f3ca239a1e390,2026-06-30 09:55:06,N/A,N/A,N/A,N/A
Production Operator,Listed twelve days ago,"Welshpool,Perth WA",WA,$31.19 per hour plus super,Casual,https://www.seek.com.au/job/92804548?type=standard&ref=search-standalone#sol=5d882baeb2f5dd5f46f1fe99d9c0bdcd710bfa84,2026-06-30 09:55:06,N/A,N/A,N/A,N/A
Production Operator,Listed eleven days ago,"Canning Vale,Perth WA",WA,$33 – $37 per hour,Casual,https://www.seek.com.au/job/92826112?type=standard&ref=search-standalone#sol=31387957ec65ce7f698f6629362782d6d537da9b,2026-06-30 09:55:06,N/A,N/A,N/A,N/A
Production Operator,Listed twenty seven days ago,"Collie,Bunbury & South West WA",WA,N/A,N/A,https://www.seek.com.au/job/92482331?type=standard&ref=search-standalone#sol=0d07374c837f121b4ca3f0513a4fd4c85c1fe086,2026-06-30 09:55:06,N/A,N/A,N/A,N/A
Production Operator X 2Roles,Listed nineteen days ago,Perth WA,WA,N/A,N/A,https://www.seek.com.au/job/92647949?type=standard&ref=search-standalone#sol=44c5e8da059c08adf89bb80d4f629f4ac0d9c541,2026-06-30 09:55:06,N/A,N/A,N/A,N/A
Process Operator – Chemical Plant,Listed thirteen days ago,"Kwinana Beach,Perth WA",WA,N/A,FIFO,https://www.seek.com.au/job/92769567?type=standard&ref=search-standalone#sol=cb4a73e40f4d317fe3492fc9eaf145bfb2c86035,2026-06-30 09:55:06,N/A,N/A,N/A,N/A
Process Technician,Listed one hour ago,"Kwinana Beach,Perth WA",WA,N/A,N/A,https://www.seek.com.au/job/93033763?type=standard&ref=search-standalone#sol=1726b93e185e51c7398c9877a974e87a2f014a5a,2026-06-30 09:55:06,N/A,N/A,N/A,N/A
Fixed Plant Process Operator,Listed four days ago,"Bunbury,Bunbury & South West WA",WA,N/A,FIFO,https://www.seek.com.au/job/92965659?type=standard&ref=search-standalone#sol=654344d06671bb66c6d1a178c37cf50302f758a9,2026-06-30 09:55:06,N/A,N/A,N/A,N/A
Process Operator,Listed six days ago,"Kwinana Town Centre,Perth WA",WA,N/A,N/A,https://www.seek.com.au/job/92904953?type=standard&ref=search-standalone#sol=d8018027ab404718de8a3ca11fca247401bea00b,2026-06-30 09:55:06,N/A,N/A,N/A,N/A
Process Operator,Listed one day ago,Perth WA,WA,N/A,N/A,https://www.seek.com.au/job/92997585?type=standard&ref=search-standalone#sol=a910ef8afa0a2cfb6e4db2f56a495e9124d4e355,2026-06-30 09:55:06,N/A,N/A,N/A,N/A
Process Operator,Listed twenty five days ago,Perth WA,WA,$60 - $65,Contract,https://www.seek.com.au/job/92534531?type=standard&ref=search-standalone#sol=8292b765cd2b3f43673ab83fd4aadccffdd00b5e,2026-06-30 09:55:06,N/A,N/A,N/A,N/A
Process Operator,Listed five days ago,"Port Hedland,Karratha & Pilbara WA",WA,N/A,Contract,https://www.seek.com.au/job/92944607?type=standard&ref=search-standalone#sol=361731aec65ab8048f72d606c0fee7611c53bb72,2026-06-30 09:55:06,N/A,N/A,N/A,N/A
Production Machine Operator/Factoryhand,Listed seven days ago,"Northern Suburbs & Joondalup,Perth WA",WA,N/A,Casual,https://www.seek.com.au/job/92878195?type=standard&ref=search-standalone#sol=d096a84635c89d9288d684260d8f8b9063abfff1,2026-06-30 09:55:06,N/A,N/A,N/A,N/A
Food Production Machine Operators,Listed fifteen days ago,"Bunbury,Bunbury & South West WA",WA,N/A,Contract,https://www.seek.com.au/job/92712269?type=standard&ref=search-standalone#sol=967a13a2e8f050e331a4eb516d17519f3aae398a,2026-06-30 09:55:06,N/A,N/A,N/A,N/A
Process/ Paste Plant Operator,Listed eleven days ago,Perth WA,WA,N/A,FIFO,https://www.seek.com.au/job/92831326?type=standard&ref=search-standalone#sol=1024d1c178f92682f8b45192c3fd39bb5434d90b,2026-06-30 09:55:06,N/A,N/A,N/A,N/A
Plant/machinery operator,Listed one day ago,"Woottating,Northam & Wheatbelt WA",WA,$35 – $45 per hour,N/A,https://www.seek.com.au/job/92994289?type=standard&ref=search-standalone#sol=229585dcceb2d53817cce361cf7d48b8c702150d,2026-06-30 09:55:06,N/A,N/A,N/A,N/A
Production & Packing Operator,Listed five days ago,"Nambeelup,Mandurah & Peel WA",WA,N/A,N/A,https://www.seek.com.au/job/92933793?type=standard&ref=search-standalone#sol=7aafaf76c55611b7517ccd87b35ec90a2166423c,2026-06-30 09:55:06,N/A,N/A,N/A,N/A
Bogger Operators | Production & Development,Listed seven days ago,Perth WA,WA,N/A,Contract,https://www.seek.com.au/job/92889935?type=standard&ref=search-standalone#sol=c3380473b250f491c7092a1c1416eadba5395c26,2026-06-30 09:55:06,N/A,N/A,N/A,N/A
Casual Process Assistant,Listed eleven days ago,atWestern Australian Specialty Alloys Pty. Ltd.,WA,$34 – $38 per hour,Casual,https://www.seek.com.au/job/92822555?type=standard&ref=search-standalone#sol=2e962b731b1570ce45130260cd2569d681451f42,2026-06-30 09:55:06,N/A,N/A,N/A,N/A
Lead Process Operator Maintainer,Listed one day ago,"Wellesley,Bunbury & South West WA",WA,N/A,N/A,https://www.seek.com.au/job/93001121?type=standard&ref=search-standalone#sol=dce3be409ded2feb8a6725e9179ac9538f647af8,2026-06-30 09:55:06,N/A,N/A,N/A,N/A
PRODUCTION EXCAVATOR OPERATOR,Listed eight days ago,Perth WA,WA,Rates: $68 - $80,Contract,https://www.seek.com.au/job/92847906?type=standard&ref=search-standalone#sol=5a248c9f69d620758afad824a8678a753b12bd5a,2026-06-30 09:55:06,N/A,N/A,N/A,N/A
Production assistant,Listed one day ago,"Neerabup,Perth WA",WA,N/A,N/A,https://www.seek.com.au/job/92995507?type=standard&ref=search-standalone#sol=a6fa476aad2f4432cc24642cfe7594ef77d7cf01,2026-06-30 09:55:06,N/A,N/A,N/A,N/A
Operator Maintainer,Listed one day ago,"Wellesley,Bunbury & South West WA",WA,N/A,N/A,https://www.seek.com.au/job/93000970?type=standard&ref=search-standalone#sol=26dede4f8d352d4db4ead3b6810d5ce644b53ac3,2026-06-30 09:55:06,N/A,N/A,N/A,N/A
Process Technician,Listed six days ago,Perth WA,WA,$62 / $70 + Super - Depending on experience,Contract,https://www.seek.com.au/job/92913560?type=standard&ref=search-standalone#sol=2230b562c2231e034cf588ab939fba71a0f05bfa,2026-06-30 09:55:06,N/A,N/A,N/A,N/A
Production Operator (Shotfirer),Listed eight hours ago,"Collie,Bunbury & South West WA",WA,N/A,N/A,https://www.seek.com.au/job/93018415?type=standard&ref=search-standalone#sol=d0e2855d457bdc73aca61875309b8724f5747a67,2026-06-30 09:55:06,N/A,N/A,N/A,N/A
Experienced Production Operators – GMP Pharmaceutical Manufacturing,Listed nine days ago,"Malaga,Perth WA",WA,N/A,N/A,https://www.seek.com.au/job/92843791?type=standard&ref=search-standalone#sol=6b289cf7dbe1d7578c2bd53751a0290097568429,2026-06-30 09:55:06,N/A,N/A,N/A,N/A
FIFO Mobile Plant Operator,FIFO Mobile Plant Operator,Perth WA,WA,"$160,000 – $180,000 per year",FIFO,https://www.seek.com.au/job/91860287?type=promoted&ref=search-standalone#sol=30fb705ec21b902e627da5ee85ea4740fa5f5dd1,2026-06-30 09:56:10,N/A,N/A,N/A,N/A
Mobile Plant Operators - Brand New Gold Mine - Up To $70 Per Hour,Mobile Plant Operators - Brand New Gold Mine - Up To $70 Per Hour,Perth WA,WA,2/1 Roster | Days + Nights | ASAP Start | Up To $70 Per Hour,Casual,https://www.seek.com.au/job/92777781?type=promoted&ref=search-standalone#sol=ab145e24efecc2e0667f8dc846d7c3431e0662e6,2026-06-30 09:56:10,N/A,N/A,N/A,N/A
All Round Operator,Listed four hours ago,"Kalgoorlie,Goldfields & Esperance WA",WA,$65 – $68 per hour + super,Casual,https://www.seek.com.au/job/92452228?type=standard&ref=search-standalone#sol=17df54d23d2fa05c9ba8bcfe0600819de73f67ac,2026-06-30 09:56:10,N/A,N/A,N/A,N/A
Dump Truck Operators - 2/2 Roster - $55 Per Hour,Listed seven hours ago,Perth WA,WA,$55+ Per Hour + Super | Weekly Pay | 12 Hour Days,Casual,https://www.seek.com.au/job/93022277?type=standard&ref=search-standalone#sol=9939f59c0d6fb0f042c1ccfddb1246d2de21ba8a,2026-06-30 09:56:10,N/A,N/A,N/A,N/A
Shovel and Dozer Operators,Listed one day ago,"Port Hedland,Port Hedland, Karratha & Pilbara WA",WA,N/A,Contract,https://www.seek.com.au/job/93004946?type=standard&ref=search-standalone#sol=e1cfa574f1ee0b906de8389a34395cec7f68407a,2026-06-30 09:56:10,N/A,N/A,N/A,N/A
MULTIPLE ROLES - Dozer / Grader / Loader / Dump Truck / Water Cart,Listed eight days ago,"Wiluna,Kalgoorlie, Goldfields & Esperance WA",WA,N/A,FIFO,https://www.seek.com.au/job/92849549?type=standard&ref=search-standalone#sol=556e3f24f081aae4cd4483d98ac7a301b8d26191,2026-06-30 09:56:10,N/A,N/A,N/A,N/A
30x Dump Truck Operators $55 - $58 Per Hour,Listed four days ago,Perth WA,WA,$55 - $58 PER HOUR + SUPER | 12.5 HOUR DAYS | WEEKLY PAY,Casual,https://www.seek.com.au/job/92968038?type=standard&ref=search-standalone#sol=a2862ed385225241d4a36a7f4ca971d73e0a302e,2026-06-30 09:56:10,N/A,N/A,N/A,N/A
Entry Level - Dump Truck / Loader Operator - Mine Site,Listed six days ago,"Kalgoorlie,Kalgoorlie, Goldfields & Esperance WA",WA,$40 – $50 per hour,N/A,https://www.seek.com.au/job/92921796?type=standard&ref=search-standalone#sol=fcd6adf83b623defb0663d193ef8ccbd93ca010d,2026-06-30 09:56:10,N/A,N/A,N/A,N/A
FIFO Mobile Plant Operator,Listed thirteen days ago,Perth WA,WA,"$160,000 – $180,000 per year",FIFO,https://www.seek.com.au/job/91860287?type=standard&ref=search-standalone#sol=6a48afb2060e8e08121a94f660083af88ecd72fb,2026-06-30 09:56:10,N/A,N/A,N/A,N/A
Expression Of Interest - Civil Multi Skilled Operators,Listed six days ago,"Kalgoorlie,Kalgoorlie, Goldfields & Esperance WA",WA,N/A,FIFO,https://www.seek.com.au/job/92899749?type=standard&ref=search-standalone#sol=cc6331e2e387332dc6cbeda46fbaf1c65955be4e,2026-06-30 09:56:10,N/A,N/A,N/A,N/A
All-Rounder Operators - WA,Listed one day ago,Perth WA,WA,N/A,Contract,https://www.seek.com.au/job/92995223?type=standard&ref=search-standalone#sol=96ac262e7b7d02f39c8d7ac715159f6d2fe4ce86,2026-06-30 09:56:10,N/A,N/A,N/A,N/A
Mobile Plant Operators - Brand New Gold Mine - Up To $70 Per Hour,Listed thirteen days ago,Perth WA,WA,2/1 Roster | Days + Nights | ASAP Start | Up To $70 Per Hour,Casual,https://www.seek.com.au/job/92777781?type=standard&ref=search-standalone#sol=0b7a7cf03b41ec5f4413c0da1aa29ea6e1e25757,2026-06-30 09:56:10,N/A,N/A,N/A,N/A
All Rounder Operator - 2/2 Roster - $70+ Per Hour,Listed four hours ago,Perth WA,WA,Up To $70 Per Hour + Super | Weekly Pay,Casual,https://www.seek.com.au/job/93028078?type=standard&ref=search-standalone#sol=09c87d3da7e04002d28345508aa9821a486e2e0f,2026-06-30 09:56:10,N/A,N/A,N/A,N/A
Plant Operator | FIFO/DIDO | Multiple WA Sites | IMMEDIATE START,Listed five days ago,Perth WA,WA,N/A,Casual,https://www.seek.com.au/job/92935558?type=standard&ref=search-standalone#sol=a33954c29e968abf44d68103a96de07677aed98f,2026-06-30 09:56:10,N/A,N/A,N/A,N/A
Dump Truck Operator,Listed eight days ago,Perth WA,WA,$50 – $55 per hour,Casual,https://www.seek.com.au/job/92845609?type=standard&ref=search-standalone#sol=dbec8be18968f63f2efcee0ed758eba88002897a,2026-06-30 09:56:10,N/A,N/A,N/A,N/A
All Round Operator,Listed one day ago,"Perenjori,Geraldton, Gascoyne & Midwest WA",WA,N/A,FIFO,https://www.seek.com.au/job/93004186?type=standard&ref=search-standalone#sol=f08a57653ea2f8c77f75b1f47ee6ab5fd24775df,2026-06-30 09:56:10,N/A,N/A,N/A,N/A
***MULTI SKILLED PLANT OPERATORS-FIFO TO NT DIRECT (TEMP TO PERM;2:1 ROSTERS)***,Listed four hours ago,Perth WA,WA,N/A,FIFO,https://www.seek.com.au/job/93027523?type=standard&ref=search-standalone#sol=06bdb8db913104a8eb28f64efe6f7e9bc7f8fb3f,2026-06-30 09:56:10,N/A,N/A,N/A,N/A
30 x Mobile Plant Operators - Iron Ore Mine - Up To $76 Per Hour,Listed eleven days ago,Perth WA,WA,$55 - $76 Per Hour | Casual OR Full Time Time Roles,Casual,https://www.seek.com.au/job/92825948?type=standard&ref=search-standalone#sol=38a2e013752ae1a9b8d8c92b070906ff203a5b2f,2026-06-30 09:56:10,N/A,N/A,N/A,N/A
Dump Truck Operators | 2:1 Roster | Permanent Role,Listed five days ago,Perth WA,WA,$52–$59 ph. + super + hourly bonus + Benefits,FIFO,https://www.seek.com.au/job/92937554?type=standard&ref=search-standalone#sol=98eef1284eb8f21dd503b8768514c9360df89c46,2026-06-30 09:56:10,drug_alcohol_test,N/A,mid_level,"Dump Truck Operators – 2:1 Roster | Immediate Start + Excellent Rates + Permanent ContractLocation:FIFO Perth - GoldfieldsRoster: 2:1 (Days & Nights)Pay Rate: $52–$59 per hour + super + hourly bonus + BenefitsEmployment Type: Ongoing Full-Time OpportunitiesAbout the RoleWe are seeking experienced Production Mining Dump Truck Operators to join a productive open pit mining team. You will be operating a modern fleet ofmechanical dump trucksin a safe and efficient manner to meet production targets.This role offers long-term career growth, stability, competitive rates, and the opportunity to work with a high-performing team on large-scale mining projects.What We OfferExcellent hourly rates, plus superannuation on all hours, and fortnightly bonuses5 weeks of annual leaveTop health benefitsAnnual and sick leave paid on all hours2:1 FIFO roster from Perth, 12.5-hour shiftsAccommodation, meals, and flights providedRequirementsExperience operating electric and mechanical haul trucksMinimum 1-2 years of dump truck operating experience requiredValid Australian Driver's LicenceNational Police Clearance (or ability to obtain)Ability to pass pre-employment medical and drug & alcohol screeningAustralian permanent residency or citizenship requiredHow to ApplyIf you're an experienced operator looking for stable ongoing work, clickApply Nowand submit your current resume."
FIFO - Dump Truck Operator,Listed eight days ago,Perth WA,WA,$55 – $60 per hour,Casual,https://www.seek.com.au/job/92861050?type=standard&ref=search-standalone#sol=7a095174ff0b2dd4196bd015061d0cc9e4953ffd,2026-06-30 09:56:10,N/A,N/A,N/A,N/A
Mobile Plant Operators,Listed eleven days ago,"Port Hedland,Karratha & Pilbara WA",WA,Excellent long term opportunities on various mobile plant. Pays rates (depending on machines) range from $57ph to $75ph,Contract,https://www.seek.com.au/job/92822708?type=standard&ref=search-standalone#sol=73bdc613d545058daa744dc0f0177fb897aa5ee5,2026-06-30 09:56:10,N/A,N/A,N/A,N/A
Mobile Plant Operators - Exploration,Listed four days ago,Perth WA,WA,N/A,Casual,https://www.seek.com.au/job/92957111?type=standard&ref=search-standalone#sol=aff2d8d61423322bc25cd6eaa3f3218d394336c6,2026-06-30 09:56:10,N/A,N/A,N/A,N/A
Goldfields WA- Dump Truck Operator,Listed six days ago,Perth WA,WA,N/A,Contract,https://www.seek.com.au/job/92910123?type=standard&ref=search-standalone#sol=edce8d3d8b8afa96793bac42ded368a7d0c3e294,2026-06-30 09:56:10,N/A,N/A,N/A,N/A
Expression Of Interest - Civil Excavator Operators Required,Listed six days ago,"Kalgoorlie,Kalgoorlie, Goldfields & Esperance WA",WA,N/A,FIFO,https://www.seek.com.au/job/92899637?type=standard&ref=search-standalone#sol=5ff06caa559f7070bab96ff4e81bbd7c963b0c2f,2026-06-30 09:56:10,N/A,N/A,N/A,N/A
FIFO Operators | Excavator | Dump Truck | Ancillary,Listed six days ago,Perth WA,WA,$55.00/hr - $75.00/hr pls super on all hours,Casual,https://www.seek.com.au/job/92916115?type=standard&ref=search-standalone#sol=0a1c1e3837f36c252d0333b0091a631220e1b137,2026-06-30 09:56:10,N/A,N/A,N/A,N/A
Dump Truck Operator,Listed eight hours ago,"Kalgoorlie,Goldfields & Esperance WA",WA,N/A,Contract,https://www.seek.com.au/job/93018941?type=standard&ref=search-standalone#sol=5f306850f38bd213a1d15caba64b3114330c00e5,2026-06-30 09:56:10,N/A,N/A,N/A,N/A
All Round Operator,Listed four days ago,Perth WA,WA,Rates approx. $80/HR,Casual,https://www.seek.com.au/job/92974394?type=standard&ref=search-standalone#sol=153232528e109fe4bcf17e5a27ca0815374246b2,2026-06-30 09:56:10,N/A,N/A,N/A,N/A
Mobile Plant Operators,Listed twenty two days ago,Perth WA,WA,$6K+ Referral Bonuses | Full PPE Supplied | Salary Sacrifice Options,N/A,https://www.seek.com.au/job/92569337?type=standard&ref=search-standalone#sol=74c21d8ea31b4b754a354e0e047d019ea26b87ce,2026-06-30 09:56:10,N/A,N/A,N/A,N/A
EXPERIENCED DOZER & MOBILE PLANT OPERATORS - FIFO WA,Listed one day ago,Perth WA,WA,$61.22 - $64.57 p.h.,Contract,https://www.seek.com.au/job/93003195?type=standard&ref=search-standalone#sol=3bc4cfd142132a23173059233c509bbfb553bab4,2026-06-30 09:56:10,N/A,N/A,N/A,N/A
All Rounder Operator - $2500 SIGN ON BONUS!,Listed seven days ago,Perth WA,WA,Sign on Bonus of $2500!,FIFO,https://www.seek.com.au/job/92895182?type=standard&ref=search-standalone#sol=aaa0a25be8927b89e2a0f8db1b5eb7f18b8e7bb7,2026-06-30 09:56:10,N/A,N/A,N/A,N/A
Dump truck operator,Listed one day ago,"Perenjori,Geraldton, Gascoyne & Midwest WA",WA,N/A,Casual,https://www.seek.com.au/job/93005042?type=standard&ref=search-standalone#sol=b1baf7b3442ab528b215c755491e65676fb2849a,2026-06-30 09:56:10,N/A,N/A,N/A,N/A
Crusher Loader Operator,Listed one hour ago,Perth WA,WA,2&1 FIFO roster ex Perth | Pilbara location | Temp-perm opportunity | $65/hr,Contract,https://www.seek.com.au/job/93034883?type=standard&ref=search-standalone#sol=7fa237986e2db2f83cccefc4f7faeab81cb25107,2026-06-30 09:56:10,N/A,N/A,N/A,N/A
FIFO - Dump Truck Operator,FIFO - Dump Truck OperatoratDrive Personnel,Perth WA,WA,$55 – $60 per hour,Casual,https://www.seek.com.au/job/92861050?type=promoted&ref=search-standalone#sol=3bd3ac9c04dacf9272e15e0c3115df2cd962c6ab,2026-07-01 04:26:15,N/A,N/A,N/A,N/A
Truck driver/operator,Truck driver/operatoratWaste equipment solutions,"Bayswater,Perth WA(Remote)",WA,$35 per hour,N/A,https://www.seek.com.au/job/92911060?type=promoted&ref=search-standalone#sol=2772dbec9af5aa498924609bc987121c9cac7871,2026-07-01 04:26:15,N/A,N/A,N/A,N/A
HC/MC/Class 5 Driver – Hope Valley - Home Every Night - Full-Time,Listed seven days ago,"Hope Valley,Perth WA",WA,N/A,N/A,https://www.seek.com.au/job/84746741?type=standard&ref=search-standalone#sol=9b2d7c26713990df4b3bb894b0b95b59a31a32b4,2026-07-01 04:26:15,N/A,N/A,N/A,N/A
FIFO - Dump Truck Operator,Listed eight days ago,Perth WA,WA,$55 – $60 per hour,Casual,https://www.seek.com.au/job/92861050?type=standard&ref=search-standalone#sol=1b9d1fac065973b74fe27701dc2595b4f46d2380,2026-07-01 04:26:15,N/A,N/A,N/A,N/A
Truck driver/operator,Listed seven days ago,"Bayswater,Perth WA(Remote)",WA,$35 per hour,N/A,https://www.seek.com.au/job/92911060?type=standard&ref=search-standalone#sol=d31ee5fa16ea4712bf5e670554b1c5a5ca19527f,2026-07-01 04:26:15,N/A,N/A,N/A,N/A
"MR, HR & Tipper Drivers",Listed twenty one hours ago,"Canning Vale,Perth WA",WA,N/A,Contract,https://www.seek.com.au/job/93032682?type=standard&ref=search-standalone#sol=7edb8a001c56e4c2887fcf02a20fde0fdf70e2b2,2026-07-01 04:26:15,N/A,N/A,N/A,N/A
Truck Driver,Listed two days ago,"Orange Grove,Perth WA",WA,N/A,N/A,https://www.seek.com.au/job/92993769?type=standard&ref=search-standalone#sol=47ecfde04f7b848ebafbbb94287867739ddee6c8,2026-07-01 04:26:15,N/A,N/A,N/A,N/A
Dump Truck Operators | 2:1 Roster | Permanent Role,Listed six days ago,Perth WA,WA,$52–$59 ph. + super + hourly bonus + Benefits,FIFO,https://www.seek.com.au/job/92937554?type=standard&ref=search-standalone#sol=97946b35aaaa5f92389575c4f0361d941af746b8,2026-07-01 04:26:15,N/A,N/A,N/A,N/A
Fuel Tanker Driver - HR/HC,Listed four days ago,"Hope Valley,Perth WA",WA,N/A,N/A,https://www.seek.com.au/job/92969839?type=standard&ref=search-standalone#sol=7e20d627bc4df1bfc34191b302cbef66f4cd9b1d,2026-07-01 04:26:15,N/A,N/A,N/A,N/A
HR Truck Driver,Listed one day ago,"Hope Valley,Perth WA",WA,N/A,N/A,https://www.seek.com.au/job/93015423?type=standard&ref=search-standalone#sol=1d84af456776a9a6658c8be32b3253015b5c1eb6,2026-07-01 04:26:15,N/A,N/A,N/A,N/A
HC/MC Truck Driver,Listed one day ago,"Kewdale,Perth WA",WA,$38 – $43 per hour,N/A,https://www.seek.com.au/job/93015006?type=standard&ref=search-standalone#sol=8fa0988d4b68c3cc84de0763ba78db1fa90d9405,2026-07-01 04:26:15,N/A,N/A,N/A,N/A
Dump Truck Operator,Listed eleven days ago,Perth WA,WA,N/A,N/A,https://www.seek.com.au/job/92839456?type=standard&ref=search-standalone#sol=e9f3169b983dcf5a74420834f22588a66adf8de2,2026-07-01 04:26:15,N/A,N/A,N/A,N/A
Tilt Tray Driver Towing & Recovery,Listed eighteen hours ago,"Midvale,Perth WA",WA,$37 – $50 per hour + weekend on call fee,N/A,https://www.seek.com.au/job/93037112?type=standard&ref=search-standalone#sol=6770d5d7492d171ec569e95f8d2bb8d15517193d,2026-07-01 04:26:15,N/A,N/A,N/A,N/A
Truck Driver/Trainee Truck Driver,Listed sixteen days ago,"Kalgoorlie,Kalgoorlie, Goldfields & Esperance WA",WA,N/A,N/A,https://www.seek.com.au/job/92709304?type=standard&ref=search-standalone#sol=bd259489ca57493402fbe7d6bb0f0c315c75f0c1,2026-07-01 04:26:15,N/A,N/A,N/A,N/A
MC / Truck Driver,Listed nine days ago,Perth WA,WA,$49 – $55 per hour,Contract,https://www.seek.com.au/job/92362934?type=standard&ref=search-standalone#sol=17605decf393efece5146b0585915723958e32bb,2026-07-01 04:26:15,N/A,N/A,N/A,N/A
Tanker driver,Listed eight days ago,"Wattleup,Perth WA",WA,$45 per hour + Penalties,N/A,https://www.seek.com.au/job/92873864?type=standard&ref=search-standalone#sol=be5241bc625ebbc091c3a30e1ab0ec5789e6d868,2026-07-01 04:26:15,N/A,N/A,N/A,N/A
Multi Combination Truck Drivers,Listed nine days ago,Perth WA,WA,N/A,Full-time,https://www.seek.com.au/job/92847153?type=standard&ref=search-standalone#sol=102f1c19f6e7ba9445fa407682c19ed9c4463758,2026-07-01 04:26:15,N/A,N/A,N/A,N/A
Bus Driver,Listed twenty three hours ago,Perth WA,WA,"$102,500 + super",FIFO,https://www.seek.com.au/job/93025847?type=standard&ref=search-standalone#sol=d9d30db39acc8c0132cf292771a4840f5ce7ac48,2026-07-01 04:26:15,N/A,N/A,N/A,N/A
HR/HC/MC Driver,Listed thirteen days ago,"Wattleup,Perth WA",WA,$35 – $50 per hour,N/A,https://www.seek.com.au/job/92776409?type=standard&ref=search-standalone#sol=97375acf1b2af32d1168cb34df40b0618d24eb4b,2026-07-01 04:26:15,N/A,N/A,N/A,N/A
MC Drivers - Onslow FIFO,Listed thirteen days ago,"Onslow,Port Hedland, Karratha & Pilbara WA",WA,Up to $172k package inc super + bonuses + benefits,Full-time,https://www.seek.com.au/job/92796577?type=standard&ref=search-standalone#sol=aa6727819a69c96028521567b04a3d28bdcdba11,2026-07-01 04:26:15,N/A,N/A,N/A,N/A
Transport Driver,Listed six days ago,"Wangara,Perth WA",WA,N/A,Casual,https://www.seek.com.au/job/92913907?type=standard&ref=search-standalone#sol=c9f15b925b9019dc13b138419c61aaa57e86624a,2026-07-01 04:26:15,N/A,N/A,N/A,N/A
HC Semi tipper driver,Listed three hours ago,"Hazelmere,Perth WA",WA,$38 – $45 per hour,N/A,https://www.seek.com.au/job/93045250?type=standard&ref=search-standalone#sol=bb9ac3157bb376155b5515847cdefb4e4895e40c,2026-07-01 04:26:15,N/A,N/A,N/A,N/A
MR/HR Truck Driver - Perth Immediate Start,Listed one day ago,"Forrestfield,Perth WA",WA,N/A,N/A,https://www.seek.com.au/job/93018890?type=standard&ref=search-standalone#sol=8a1b47de8ed44f5cc94543a68d30dd7f8fb41c19,2026-07-01 04:26:15,N/A,N/A,N/A,N/A
"Fuel Tanker Driver (Broome, WA)",Listed six days ago,"Broome,Broome & Kimberley WA",WA,N/A,N/A,https://www.seek.com.au/job/92462847?type=standard&ref=search-standalone#sol=e3ad09816df1a0b26a6cb39cd6f0ad23991d6c6f,2026-07-01 04:26:15,N/A,N/A,N/A,N/A
Truck Driver (CV),Listed eight days ago,"Wattleup,Perth WA",WA,$42 – $45 per hour,N/A,https://www.seek.com.au/job/92884474?type=standard&ref=search-standalone#sol=4e0b42b28cfa13ecf48914631ea33e9984fe59be,2026-07-01 04:26:15,N/A,N/A,N/A,N/A
FIFO MC Waste Driver,Listed fifteen days ago,Perth WA,WA,$57.50 per hour,FIFO,https://www.seek.com.au/job/92726691?type=standard&ref=search-standalone#sol=d295a46edc8e59c5f2a7524c661708922758fb2d,2026-07-01 04:26:15,N/A,N/A,N/A,N/A
FUEL TANKER DRIVER,Listed eight minutes ago,"Kwinana Beach,Perth WA",WA,N/A,N/A,https://www.seek.com.au/job/93052467?type=standard&ref=search-standalone#sol=1cf9c753a4f654913024ee5d74f5c7f4d76b539c,2026-07-01 04:26:15,N/A,N/A,N/A,N/A
Truck Driver / Yard Person,Listed four days ago,"Hope Valley,Perth WA",WA,N/A,N/A,https://www.seek.com.au/job/92975686?type=standard&ref=search-standalone#sol=6869d9425b408829b4e0dfcf7456d7dfbdba085e,2026-07-01 04:26:15,N/A,N/A,N/A,N/A
30x Dump Truck Operators $55 - $58 Per Hour,Listed four days ago,Perth WA,WA,$55 - $58 PER HOUR + SUPER | 12.5 HOUR DAYS | WEEKLY PAY,Casual,https://www.seek.com.au/job/92968038?type=standard&ref=search-standalone#sol=bcfd1cbe7e08106a1613cb080820c95b7a2f625e,2026-07-01 04:26:15,N/A,N/A,N/A,N/A
Tilt Tray Truck Driver,Listed one hour ago,Perth WA,WA,N/A,Full-time,https://www.seek.com.au/job/93048890?type=standard&ref=search-standalone#sol=254072ec9aacae479beaa1c10b5c764d3071336c,2026-07-01 04:26:15,N/A,N/A,N/A,N/A
HR Agitator Drivers,Listed six days ago,Perth WA,WA,$42.50 per hour plus penalties,N/A,https://www.seek.com.au/job/92935978?type=standard&ref=search-standalone#sol=ff5df14ad0767c0de8a6fa7de701b7cf45c89812,2026-07-01 04:26:15,N/A,N/A,N/A,N/A
Concrete Agitator Driver - DIDO,Listed eight days ago,Perth WA,WA,N/A,Contract,https://www.seek.com.au/job/92884035?type=standard&ref=search-standalone#sol=83a2d5687b40fc70e7c575e9b64441a597110ac3,2026-07-01 04:26:15,N/A,N/A,N/A,N/A
Haul Truck Operators - Sino Iron Mine,atNational Group,Perth WA,WA,N/A,N/A,https://www.seek.com.au/job/92617678?type=promoted&ref=search-standalone#sol=390748a6613b3016172b68ada15c25c49b4f39e8,2026-07-01 10:05:05,N/A,N/A,N/A,N/A
Dump Truck Operators | 2:1 Roster | Permanent Role,Dump Truck Operators | 2:1 Roster | Permanent RoleatPrivate Advertiser,Perth WA,WA,$52–$59 ph. + super + hourly bonus + Benefits,FIFO,https://www.seek.com.au/job/92937554?type=promoted&ref=search-standalone#sol=9368f6c2507ea0dc3c78b93456449adbcaaaaa81,2026-07-01 10:05:05,N/A,N/A,N/A,N/A
Haul Truck Operators - Sino Iron Mine,Listed twenty one days ago,Perth WA,WA,N/A,N/A,https://www.seek.com.au/job/92617678?type=standard&ref=search-standalone#sol=de1bcb0faf150ad71f1de213839463b1ccd697a1,2026-07-01 10:05:05,N/A,N/A,N/A,N/A
Dump Truck Operators | 2:1 Roster | Permanent Role,Listed six days ago,Perth WA,WA,$52–$59 ph. + super + hourly bonus + Benefits,FIFO,https://www.seek.com.au/job/92937554?type=standard&ref=search-standalone#sol=9c79af152806e20e288817076784f99f97d33342,2026-07-01 10:05:05,N/A,N/A,N/A,N/A
Dump Truck Operator,Listed one day ago,"Kalgoorlie,Goldfields & Esperance WA",WA,N/A,Contract,https://www.seek.com.au/job/93018941?type=standard&ref=search-standalone#sol=faa7b6fac723be5576c9268b1ff10c4d46038319,2026-07-01 10:05:05,N/A,N/A,N/A,N/A
Dump truck operator,Listed two days ago,"Perenjori,Geraldton, Gascoyne & Midwest WA",WA,N/A,Casual,https://www.seek.com.au/job/93005042?type=standard&ref=search-standalone#sol=a8074829801f371942981e2021fce945a50424e9,2026-07-01 10:05:05,N/A,N/A,N/A,N/A
Dump Truck Operators,Listed eight days ago,Perth WA,WA,$56/hr + Superannuation paid on all hours,FIFO,https://www.seek.com.au/job/92893107?type=standard&ref=search-standalone#sol=8555f0058c7c753bae1bc2a1528ec1a2f36e3ef8,2026-07-01 10:05:05,N/A,N/A,N/A,N/A
FIFO - Dump Truck Operator,Listed nine days ago,Perth WA,WA,$55 – $60 per hour,Casual,https://www.seek.com.au/job/92861050?type=standard&ref=search-standalone#sol=b5e1e427d1f636d3eb8dc060fddb6f3a61d18871,2026-07-01 10:05:05,N/A,N/A,N/A,N/A
FIFO Dump Truck Operators,Listed one day ago,Perth WA,WA,$54.00 - $63.00 p.h. + based on experience,FIFO,https://www.seek.com.au/job/93019891?type=standard&ref=search-standalone#sol=66389328830cb09608604da545f7aef6fef23164,2026-07-01 10:05:05,N/A,N/A,N/A,N/A
Dump Truck Operators - 2/2 Roster - $55 Per Hour,Listed one day ago,Perth WA,WA,$55+ Per Hour + Super | Weekly Pay | 12 Hour Days,Casual,https://www.seek.com.au/job/93022277?type=standard&ref=search-standalone#sol=2e3df3721d988855eb92eec454e479a49b505e0a,2026-07-01 10:05:05,N/A,N/A,N/A,N/A
Production Dump Truck Operator,Listed twelve days ago,Perth WA,WA,N/A,Casual,https://www.seek.com.au/job/92830495?type=standard&ref=search-standalone#sol=a8204a27207ddae6f98b539f470a74dd38cb201e,2026-07-01 10:05:05,N/A,N/A,N/A,N/A
Dump Truck Operator,Listed nine days ago,Perth WA,WA,$50 – $55 per hour,Casual,https://www.seek.com.au/job/92845609?type=standard&ref=search-standalone#sol=5b0536c456b86324aac64483daae569fe5e9cee6,2026-07-01 10:05:05,N/A,N/A,N/A,N/A
Rigid Haul Truck Operator,Listed twenty seven days ago,atWorkforce WA Labour Hire,WA,$47.40,Casual,https://www.seek.com.au/job/92515359?type=standard&ref=search-standalone#sol=7b544a1a756ea1c629b7b98624acd26de92cc183,2026-07-01 10:05:05,N/A,N/A,N/A,N/A
30x Dump Truck Operators $55 - $58 Per Hour,Listed five days ago,Perth WA,WA,$55 - $58 PER HOUR + SUPER | 12.5 HOUR DAYS | WEEKLY PAY,Casual,https://www.seek.com.au/job/92968038?type=standard&ref=search-standalone#sol=8d357660e1cb63830d23a7336f64ba923d485880,2026-07-01 10:05:05,N/A,N/A,N/A,N/A
Dump Truck Operator,Listed eleven days ago,Perth WA,WA,N/A,N/A,https://www.seek.com.au/job/92839456?type=standard&ref=search-standalone#sol=b5851fe884acb943f4b38dccf95a24edc83f1905,2026-07-01 10:05:05,N/A,N/A,N/A,N/A
Mobile Plant Operators - Dump Truck and Dozer,Listed one day ago,"Kalbarri,Geraldton, Gascoyne & Midwest WA(Remote)",WA,N/A,N/A,https://www.seek.com.au/job/93024572?type=standard&ref=search-standalone#sol=e1c6f2d1ff71d4f90f7b52eff66afd08ee5fc20b,2026-07-01 10:05:05,N/A,N/A,N/A,N/A
General Expressions of Interest - Dump Truck Operators,Listed nine days ago,Perth WA,WA,N/A,FIFO,https://www.seek.com.au/job/92850179?type=standard&ref=search-standalone#sol=911e9e52b67454fdbcec598aadd7ce870fc161a5,2026-07-01 10:05:05,N/A,N/A,N/A,N/A
Experienced Dump Truck Operator,Listed nineteen days ago,Perth WA,WA,N/A,Contract,https://www.seek.com.au/job/92678099?type=standard&ref=search-standalone#sol=32fe5264e124e2336084f355dca26a4940987b71,2026-07-01 10:05:05,N/A,N/A,N/A,N/A
Dump Truck Operators - FIFO 2:1,Listed twelve days ago,Perth WA,WA,$58.00 - $60.00p/hr,Casual,https://www.seek.com.au/job/92815750?type=standard&ref=search-standalone#sol=301e919ccbe27df0aeda4a42a3b5f92f88c1c907,2026-07-01 10:05:05,N/A,N/A,N/A,N/A
$55 - $58 Per Hour Dump Truck Operators,Listed twelve days ago,Perth WA,WA,$55+ Per Hour + Super | Weekly Pay,Casual,https://www.seek.com.au/job/92826709?type=standard&ref=search-standalone#sol=aa181e7a9b1a5ce1cacf610e42bfb659733969cd,2026-07-01 10:05:05,N/A,N/A,N/A,N/A
FIFO Dump Truck Operator - Mining,Listed twenty one days ago,Perth WA,WA,N/A,FIFO,https://www.seek.com.au/job/92624774?type=standard&ref=search-standalone#sol=473e54a6a16627817886665bc1f4ecebec9f6a41,2026-07-01 10:05:05,N/A,N/A,N/A,N/A
Mobile Plant Operators,Listed two hours ago,Perth WA(Remote),WA,N/A,N/A,https://www.seek.com.au/job/93058186?type=standard&ref=search-standalone#sol=e06570762cb047217e3ed7a22e73ea8111d913ea,2026-07-01 10:05:05,N/A,N/A,N/A,N/A
Miscellaneous Works Crew,Listed nine hours ago,"Perenjori,Geraldton, Gascoyne & Midwest WA",WA,"Earn employee referral bonuses up to $3,000 per referral at our Karara project - come join us, we offer plenty of benefits!",N/A,https://www.seek.com.au/job/93045393?type=standard&ref=search-standalone#sol=97b63d586c9120118e9af4b2748f32db2ba3ca11,2026-07-01 10:05:05,N/A,N/A,N/A,N/A
Underground Truck Operator,Listed six hours ago,Perth WA,WA,N/A,N/A,https://www.seek.com.au/job/93051314?type=standard&ref=search-standalone#sol=0bc30051a9f36fd036fb8dc6229d49fd1c606814,2026-07-01 10:05:05,N/A,N/A,N/A,N/A
MC Driver | Self-Loading Triple Side Tipper Operator,Listed two hours ago,Perth WA,WA,N/A,N/A,https://www.seek.com.au/job/93059528?type=standard&ref=search-standalone#sol=b21d89cd1a8476de34d625436f350ec5d6ce2761,2026-07-01 10:05:05,N/A,N/A,N/A,N/A
Underground Truck Operators & Nippers,Listed ten hours ago,"Laverton,Kalgoorlie, Goldfields & Esperance WA",WA,$50 – $55 per hour,Casual,https://www.seek.com.au/job/93043467?type=standard&ref=search-standalone#sol=be19e819cb8c8b2d868a7c2245c3d5041d5bcae0,2026-07-01 10:05:05,N/A,N/A,N/A,N/A
Ancillary Operators,Listed eight days ago,Perth WA,WA,$62 -$78/hr + superannuation paid on all hours,FIFO,https://www.seek.com.au/job/92894627?type=standard&ref=search-standalone#sol=3c10510ead50d93322c9c5813c64db8715bc21c7,2026-07-01 10:05:05,N/A,N/A,N/A,N/A
Dump Truck Operator - Northern Star Surface Mining,Listed nine days ago,Perth WA,WA,N/A,FIFO,https://www.seek.com.au/job/92858740?type=standard&ref=search-standalone#sol=5d2bc302212bd6d905504f72973123855bf62286,2026-07-01 10:05:05,N/A,N/A,N/A,N/A
Entry Level - Dump Truck / Loader Operator - Mine Site,Listed seven days ago,"Kalgoorlie,Kalgoorlie, Goldfields & Esperance WA",WA,$40 – $50 per hour,N/A,https://www.seek.com.au/job/92921796?type=standard&ref=search-standalone#sol=ff13bed63709ac18b237977053a4923a8af9178e,2026-07-01 10:05:05,N/A,N/A,N/A,N/A
FIFO - Articulated haul truck and Watercart Operators,Listed sixteen days ago,Perth WA,WA,$43.75 – $46 per hour,FIFO,https://www.seek.com.au/job/92717419?type=standard&ref=search-standalone#sol=542f76f3fac4a03d99e7f6a46690a2ad5412be38,2026-07-01 10:05:05,N/A,N/A,N/A,N/A
Experienced Underground Truck Operator,Listed six hours ago,"Kalgoorlie,Kalgoorlie, Goldfields & Esperance WA",WA,N/A,N/A,https://www.seek.com.au/job/93049810?type=standard&ref=search-standalone#sol=a5fbc7917a8d871acc7cf2443a559609dc493f09,2026-07-01 10:05:05,N/A,N/A,N/A,N/A
(DIDO or BIBO/RESIDENTIAL KALGOORLIE) Dump Truck Operators $55 Per Hour,Listed five days ago,"Kalgoorlie,Kalgoorlie, Goldfields & Esperance WA",WA,$55 PER HOUR + SUPER | 12.5 HOUR DAYS | WEEKLY PAY,Casual,https://www.seek.com.au/job/92968357?type=standard&ref=search-standalone#sol=9f94c631d8302705c67b669de278369444bd677d,2026-07-01 10:05:05,N/A,N/A,N/A,N/A
MC (Multi Combination) Driver,MC (Multi Combination) DriveratGoldvalley Brown Stone Pty Ltd,"Wiluna,Kalgoorlie, Goldfields & Esperance WA",WA,N/A,N/A,https://www.seek.com.au/job/92934566?type=promoted&ref=search-standalone#sol=0f37cbc36a683b5a1698d6894bc6debdc8787989,2026-07-02 14:18:26,N/A,N/A,N/A,N/A
MC Long Haul Truck Drivers,atAcu-Tech Piping Systems,"Maddington,Perth WA",WA,$46 per hour and $0.56 per km,N/A,https://www.seek.com.au/job/92771516?type=promoted&ref=search-standalone#sol=11d53097df518404e0c409b77bc98bcaa4ad5eb0,2026-07-02 14:18:26,N/A,N/A,N/A,N/A
Truck Driver,Listed three days ago,"Orange Grove,Perth WA",WA,N/A,N/A,https://www.seek.com.au/job/92993769?type=standard&ref=search-standalone#sol=42ab90b8d0639a341d5ff4d7ab25b9a43f6c0419,2026-07-02 14:18:26,N/A,N/A,N/A,N/A
Heavy Vehicle Operator - Residential,Listed fourteen hours ago,"Kalgoorlie,Kalgoorlie, Goldfields & Esperance WA",WA,N/A,Contract,https://www.seek.com.au/job/93069546?type=standard&ref=search-standalone#sol=46f40f996f363a22b4550cf5474c3d03380995c0,2026-07-02 14:18:26,drug_alcohol_test,N/A,mid_level,"Job descriptionABOUT SALTBUSH CONTRACTINGSaltbush Contracting is a privately owned contracting firm, providing a diverse range of civil services, haulage capabilities and plant and equipment hire to major industries and mining operations throughout Western Australia. We can provide the opportunity to escape the city and experience a calmer, family friendly lifestyle. We offer a safe work environment, job security and competitive wages.ABOUT THE ROLESaltbush Contracting is currently seeking Road Train Side Tipper Operators to fill full time, permanent positions working 6:6:6 rosters inKalgoorlie or KambaldaResidential.Kalgoorlie/Kambalda DIDO positions are not based in camp and are home every night!In this role you will be responsible for safe operating of Road trains, hauling ore from Minesite to Processing Facility on-road.ESSENTIAL CRITERIAMC license holder and able to drive Road Ranger gearboxAbility to operate a loader (Or willing to learn)Side tipping experienceDemonstrated commitment to safetyA positive and professional attitudeYou will be required to comply with WA Fatigue Laws and RegulationsDESIRABLEExperience in LoadRite weighing systemsMine site experience - Take 5's, JHA'sAll candidates must supply a recent National Police Clearance (less than 6-months old) and have the ability to pass pre-employment medicals and drug/alcohol screening.Please note due to the high volume of applicants, we will only contact shortlisted candidates for interview.To be part of a friend"
MC Long Haul Truck Drivers,Listed fifteen days ago,"Maddington,Perth WA",WA,$46 per hour and $0.56 per km,N/A,https://www.seek.com.au/job/92771516?type=standard&ref=search-standalone#sol=d59da7c7d63067bb8bbf1edc6856f90066cfd32e,2026-07-02 14:18:26,N/A,N/A,N/A,N/A
FIFO MC Driver - Family Friendly Roster,Listed six days ago,"Leonora,Kalgoorlie, Goldfields & Esperance WA",WA,N/A,FIFO,https://www.seek.com.au/job/92958552?type=standard&ref=search-standalone#sol=9f013dd21d49a3fe01109dccaee2afe15ca4fa30,2026-07-02 14:18:26,N/A,N/A,N/A,N/A
MC (Multi Combination) Driver,Listed seven days ago,"Wiluna,Kalgoorlie, Goldfields & Esperance WA",WA,N/A,N/A,https://www.seek.com.au/job/92934566?type=standard&ref=search-standalone#sol=eb7c7c605f2e56a2d8bf347ca270a9210555f682,2026-07-02 14:18:26,N/A,N/A,N/A,N/A
FIFO Fuel Driver,Listed eight hours ago,Perth WA,WA,$63/ hr,FIFO,https://www.seek.com.au/job/93082206?type=standard&ref=search-standalone#sol=f6d3fc0099bd3adac17134d8880ad143863c6e03,2026-07-02 14:18:26,drug_alcohol_test,N/A,mid_level,"Here at Linfox we believe together, anything is possible. Use sophisticated technology to deliver everyday essentials and natural resources for Australia’s biggest companies. Work with major customers in retail, healthcare, government and defence. Shape the future of logistics with industry leading innovations in safety, sustainability and efficiency. Create a career to be proud of. Expect all this and more when you join Linfox.What does the job look like?This role would suit professional and a highly experienced MC licensed driver experienced with moving bulk dangerous goods to provide coverage across our Pilbara network working an 8/6 FIFO roster from Perth, day and night shift swings will be required. Key areas:Participate and commit to Safety Standards and COR requirements at all timesOperate triple road trains to move bulk fuel, may be required to support with LNG movements and general freight when neededSafe work practices when loading and unloadingProvide excellent customer serviceAre you the one?To be successful in this role you are a competent triple road train operator with a flexible approach and willingness to help out where required. You can demonstrate:History of safe work practicesCurrent MC, DG & SLP licenses essentialExperience operating triple road trainsExperience working in the WA Pilbara regionA good attitude and customer focusA flexible approach to tasks and be willing to help out where requiredWhat's in it for me?12 weeks paid parental leave and return "
MC Tanker Driver,Listed sixteen days ago,"Port Hedland,Port Hedland, Karratha & Pilbara WA",WA,$53 per hour,N/A,https://www.seek.com.au/job/92738084?type=standard&ref=search-standalone#sol=e57d86e7db670ce52020eb147f68eb1a0745f58a,2026-07-02 14:18:26,N/A,N/A,N/A,N/A
Plant Operator / Waste Management Attendant,Listed two days ago,"Tamala Park,Perth WA",WA,"$84,000 – $91,000 per year",N/A,https://www.seek.com.au/job/93017290?type=standard&ref=search-standalone#sol=3bf9f015c0760977bf764b8f1d9f9a0b796b2b37,2026-07-02 14:18:26,N/A,N/A,N/A,N/A
Heavy Haulage Float Operator,Listed eight days ago,"Port Hedland,Port Hedland, Karratha & Pilbara WA",WA,N/A,FIFO,https://www.seek.com.au/job/92912533?type=standard&ref=search-standalone#sol=9f99ae245d19a7ffb545657fcf149f8559738f51,2026-07-02 14:18:26,N/A,N/A,N/A,N/A
Underground Truck Operator,Listed three hours ago,Perth WA,WA,N/A,N/A,https://www.seek.com.au/job/93090487?type=standard&ref=search-standalone#sol=d95a0dda880c21433a983015868a39f2a3795fc0,2026-07-02 14:18:26,N/A,N/A,N/A,N/A
HC & MC Truck Drivers,Listed two days ago,"Bunbury,Bunbury & South West WA",WA,$40 – $43 per hour,N/A,https://www.seek.com.au/job/93028320?type=standard&ref=search-standalone#sol=0446ad0f8262be8986272901a8fc54dc0f1c8c07,2026-07-02 14:18:26,N/A,N/A,N/A,N/A
MC Driver - IMMEDIATE START,Listed eight days ago,"Telfer,Port Hedland, Karratha & Pilbara WA",WA,N/A,Contract,https://www.seek.com.au/job/92916149?type=standard&ref=search-standalone#sol=28d2e62485f5836c9a63d797a69c50f0d03a765c,2026-07-02 14:18:26,N/A,N/A,N/A,N/A
Various Positions - Long-haul Goldmine Contract | Expression of Interest (EOI),Listed twenty days ago,"Kewdale,Perth WA",WA,Sign on bonus of $2500 available!* (T&Cs apply),Contract,https://www.seek.com.au/job/92678310?type=standard&ref=search-standalone#sol=2dc8efdcc54797277a96d4db72a6516fced488de,2026-07-02 14:18:26,N/A,N/A,N/A,N/A
Heavy Vehicle Truck Drivers,Listed ten days ago,"Bunbury,Bunbury & South West WA",WA,N/A,N/A,https://www.seek.com.au/job/92847956?type=standard&ref=search-standalone#sol=9a1087c9858222458a5bab8ba04e18689914d147,2026-07-02 14:18:26,N/A,N/A,N/A,N/A
Truck driver/operator,Listed eight days ago,"Bayswater,Perth WA(Remote)",WA,$35 per hour,N/A,https://www.seek.com.au/job/92911060?type=standard&ref=search-standalone#sol=594c7fa34d5d3a7fba8bef6eec6052b29bbb3978,2026-07-02 14:18:26,N/A,N/A,N/A,N/A
MC Drivers - Onslow FIFO,Listed fourteen days ago,"Onslow,Port Hedland, Karratha & Pilbara WA",WA,Up to $172k package inc super + bonuses + benefits,Full-time,https://www.seek.com.au/job/92796576?type=standard&ref=search-standalone#sol=7e8aefdbe72a088cf10a3a37d6471e39d344ae62,2026-07-02 14:18:26,N/A,N/A,senior,"The OpportunityFlights and accommodation provided fromPerth, Brisbane, Sydney, MelbourneandAdelaideJoin our Heavy Haulage Team at Onslow Iron andwork directly for the owner-operator mining company. This is a genuine opportunity to secure a permanent full-time role with MinRes, supporting one of Australia’s most exciting iron ore operations.You’ll operate a premium fleet of well-maintained Kenworth 509’s moving ore from pit to port in triple-trailer side-tipper configurations.Our Onslow operations are supported by state-of-the-art facilities, a dedicated sealed private haul road with no self-loading or tyre changing so you can focus on the job you do best!Permanent Full-time FIFO positions based on a fixed 4/2 roster with rotating day and night shifts.Flights and accommodation provided fromPerth, Brisbane, Sydney, MelbourneandAdelaideAbout YouAustralian MC LicenseProven experience in MC driving with a solid track recordHeavy haulage exposure within a mining or similar environmentExperience operating triple or quad combinationsA strong commitment to safety and quality of workSound communication and time management skillsUnlimited Australian Work RightsMinRes BenefitsFlights and accommodation provided fromPerth, Brisbane, Sydney, MelbourneandAdelaidePermanent full-time positions on a fixed 4/2 rosterStart from up to $172,000 package including super + up to $28,650 in bonuses!Owner operated ASX listed Company - A dynamic global leader with cutting edge innovationExclusive Employe"
FIFO - Dump Truck Operator,Listed ten days ago,Perth WA,WA,$55 – $60 per hour,Casual,https://www.seek.com.au/job/92861050?type=standard&ref=search-standalone#sol=2cdc7bb5c430b7b3488a491c28e1eb612d4301cf,2026-07-02 14:18:26,N/A,N/A,N/A,N/A
Heavy Vehicle Truck Drivers,Listed thirteen days ago,"Yornup,Bunbury & South West WA",WA,N/A,N/A,https://www.seek.com.au/job/92820716?type=standard&ref=search-standalone#sol=665aad49d35f559f48632738358e2215d83b207f,2026-07-02 14:18:26,N/A,N/A,N/A,N/A
MC Driver I Nova,Listed nine hours ago,Perth WA,WA,N/A,FIFO,https://www.seek.com.au/job/93080464?type=standard&ref=search-standalone#sol=b29aafacafc08fa824e8ab1c0560a85d77f2deaa,2026-07-02 14:18:26,N/A,N/A,N/A,N/A
Watercart Operators (MC License) - 2/1 - Opportunity to upskill to RTO,Listed twenty nine days ago,Perth WA,WA,"$133,952,super all hours + paid on R & R",N/A,https://www.seek.com.au/job/92474999?type=standard&ref=search-standalone#sol=cb57b2d30fdb99e29bad8473820b0018fc4f46c5,2026-07-02 14:18:26,N/A,N/A,N/A,N/A
MC Driver,Listed six hours ago,Perth WA(Hybrid),WA,N/A,Contract,https://www.seek.com.au/job/93086645?type=standard&ref=search-standalone#sol=856fe14369d4582178211a5cfec544e82c5a7270,2026-07-02 14:18:26,N/A,N/A,mid_level,"Category 5 Labour Managementis a locally owned and operated labour hire business, supplying trades and maintenance personnel to various industries throughout AustraliaOur client is a major global company that provides a full range of environmental services and has more than 150 years of experience.The Role:We are currently seeking an experiencedMC Driverto operate various recycling/waste collection vehicles delivering to recycling and disposal facilities in the Newman area. Previous experience in Side, Rear, Front or Hook trucks is highly desirable. You will also be operating flat bed and tanker trucks being responsible for loading and unloading within the region. This role is FIFO out of Perth and starts on a 2:1 roster.The Perks:Attractive hourly rateLAHA providedFriendly, close knit team environmentExperience with a respected global employer and ongoing career opportunitiesTo be considered applicants must be meet the following criteria:Previous experience driving MC TrucksStart ImmediatelyObtain Fit to Drive Certificate.Ability to pass pre-employment medical and D&AFIFO out of PerthIf you are looking for stable and reliable work with the opportunity to join a global company that offers opportunities for advancement for your career and also for the environment and community, then ‘Apply Now’."
HR/MC Driver with Hiab Ticket delivery Roofing Products,Listed six days ago,"Caversham,Perth WA",WA,$35 per hour,N/A,https://www.seek.com.au/job/92964783?type=standard&ref=search-standalone#sol=146303ffce6548504d98536eeec42079af85ff96,2026-07-02 14:18:26,N/A,N/A,N/A,N/A
MC Driver - Fly in Fly Out,Listed one day ago,Perth WA,WA,$54 – $55 ph plus super on all hours,N/A,https://www.seek.com.au/job/93056731?type=standard&ref=search-standalone#sol=75fabbb197cb7840ea1d719fcea94e5f1d0316de,2026-07-02 14:18:26,N/A,N/A,N/A,N/A
MC Driver | Quad Side Tipper Operator,Listed seventeen days ago,"Port Hedland,Port Hedland, Karratha & Pilbara WA",WA,N/A,FIFO,https://www.seek.com.au/job/92719770?type=standard&ref=search-standalone#sol=93ba57941ec7c88b7a517c6ecce2b2ff4167ca5e,2026-07-02 14:18:26,N/A,N/A,N/A,N/A
Operator / HR Truck Driver,Listed thirteen days ago,"Forrestdale,Perth WA(Hybrid)",WA,N/A,Full-time,https://www.seek.com.au/job/92824896?type=standard&ref=search-standalone#sol=1b04e35f29a81fc9a91e35a3dd962a7980cd7151,2026-07-02 14:18:26,N/A,N/A,N/A,N/A
Tilt Tray Driver Towing & Recovery,Listed two days ago,"Midvale,Perth WA",WA,$37 – $50 per hour + weekend on call fee,N/A,https://www.seek.com.au/job/93037112?type=standard&ref=search-standalone#sol=cbb7c555acd47ec5c3d434a17584f89388ba2d7d,2026-07-02 14:18:26,N/A,N/A,N/A,N/A
Fuel Tanker Driver - MOORA REGION,Listed seven hours ago,atFuel Distributors of Western Australia,WA,$45 – $55 per hour,N/A,https://www.seek.com.au/job/93083561?type=standard&ref=search-standalone#sol=6aaa2e445e1f1a0d9e75f70968d666031dd7bc54,2026-07-02 14:18:26,N/A,N/A,N/A,N/A
MC Driver - Port Hedland - FIFO,Listed eleven hours ago,"Port Hedland,Port Hedland, Karratha & Pilbara WA",WA,N/A,Full-time,https://www.seek.com.au/job/93076268?type=standard&ref=search-standalone#sol=df34912db7398529ccc5a91bc0e7f22b27da10dc,2026-07-02 14:18:26,N/A,N/A,N/A,N/A
FIFO MC RTO (Self Loading) On/Off Road -4/2 or 2/1 -Paid International flights,Listed seventeen days ago,Perth WA,WA,"$145,600 + super + Paid R & R + 12 hr standdown",FIFO,https://www.seek.com.au/job/92730824?type=standard&ref=search-standalone#sol=3127ad85b1d87cf034766ffc28912a6aec4bc00a,2026-07-02 14:18:26,N/A,N/A,N/A,N/A
Heavy Vehicle Operator- Mt Monger FIFO,Listed fourteen hours ago,Perth WA,WA,N/A,Contract,https://www.seek.com.au/job/93069521?type=standard&ref=search-standalone#sol=3d2943319a440d738b2870e906dfba8ac680b337,2026-07-02 14:18:26,N/A,N/A,N/A,N/A
General Expressions of Interest - Dump Truck Operators,atCITIC Pacific Mining Management Pty Ltd,Perth WA,WA,N/A,FIFO,https://www.seek.com.au/job/92850179?type=promoted&ref=search-standalone#sol=3bc20cab5ba720768feefced5377eaf9a7c7fd27,2026-07-03 09:33:19,N/A,N/A,N/A,N/A
30x Mobile Plant Operator Up To $75 Per Hour**,30x Mobile Plant Operator Up To $75 Per Hour**atFetch Recruitment,Perth WA,WA,30+ VACANCIES | ASAP STARTS | UP TO $75 PER HOUR,Casual,https://www.seek.com.au/job/93098382?type=promoted&ref=search-standalone#sol=5f21e389e638124cf78fb16bd68d2d4aba52d888,2026-07-03 09:33:19,drug_alcohol_test|machinery_ticket,N/A,entry_level,"Mobile Plant Operators (Production)FIFO Ex Perth | 2/1 Roster | Days & Nights$55 - $75 Per Hour + Super + Weekly Pay30+ Opportunities Available for Experienced OperatorsFetch Mining Services, a trusted provider of Blue Collar Operators and Mobile Maintenance personnel, has recently been awarded contracts to supply 30+ experienced mining professionals across multiple Gold, Iron Ore and Mineral Sands operations throughout Western Australia.These are long-term opportunities with established and expanding mining companies offering excellent career progression, job security, and the chance to work within supportive, close-knit crews where your skills and contribution are genuinely recognised.If you're an experienced Production Operator looking to secure your next role on a brand-new mining project, we'd like to hear from you.The Opportunity• Work on new Gold, Iron Ore and Mineral Sands mining projects across Western Australia• FIFO from Perth on a 2/1 roster• Days and nights roster available• Production mining positions• Join well-established mining companies on newly developed operations• Ongoing work with permanent opportunities available after 3 months• Immediate starts available• Modern camp facilities with quality accommodation and fully equipped gymnasiums• High-quality meals provided through in-house catering• Short, direct flights from Perth to site• Genuine career progression and development opportunitiesAvailable Positions:Dump Truck Operator – $55 - $63 Per Hour• Load a"
Dump Truck Operator,Listed three days ago,"Kalgoorlie,Goldfields & Esperance WA",WA,N/A,Contract,https://www.seek.com.au/job/93018941?type=standard&ref=search-standalone#sol=41f28d3338a6ac8bdc12cf1160c763eb86105331,2026-07-03 09:33:19,N/A,N/A,N/A,N/A
Entry Level - Dump Truck / Loader Operator - Mine Site,Listed nine days ago,"Kalgoorlie,Kalgoorlie, Goldfields & Esperance WA",WA,$40 – $50 per hour,N/A,https://www.seek.com.au/job/92921796?type=standard&ref=search-standalone#sol=4e75a9dfdad794018ef89058fd436fe88bf9c68f,2026-07-03 09:33:19,N/A,N/A,N/A,N/A
Dump Truck Operators - 2/2 Roster - $55 Per Hour,Listed three days ago,Perth WA,WA,$55+ Per Hour + Super | Weekly Pay | 12 Hour Days,Casual,https://www.seek.com.au/job/93022277?type=standard&ref=search-standalone#sol=52fbac09a8fd1c88e9f2c1b4e02a70bf4380e432,2026-07-03 09:33:19,N/A,N/A,N/A,N/A
MULTIPLE ROLES - Dozer / Grader / Loader / Dump Truck / Water Cart,Listed eleven days ago,"Wiluna,Kalgoorlie, Goldfields & Esperance WA",WA,N/A,FIFO,https://www.seek.com.au/job/92849549?type=standard&ref=search-standalone#sol=ad093484adf84187800c580a3718ddac6c80016c,2026-07-03 09:33:19,N/A,N/A,N/A,N/A
Dump Truck Operator - Yilgarn Region - Iron Ore,Listed two hours ago,Perth WA,WA,N/A,Contract,https://www.seek.com.au/job/93110264?type=standard&ref=search-standalone#sol=d96ae61e6d17ac886737aeabbed67e89910ec10c,2026-07-03 09:33:19,N/A,N/A,N/A,N/A
Dump Truck Operators,Listed ten days ago,Perth WA,WA,$56/hr + Superannuation paid on all hours,FIFO,https://www.seek.com.au/job/92893107?type=standard&ref=search-standalone#sol=732c75d073ae010266a4491be8acb9073c1fdec8,2026-07-03 09:33:19,N/A,N/A,N/A,N/A
Dump Truck Operator,Listed eight hours ago,Perth WA,WA,N/A,N/A,https://www.seek.com.au/job/93097893?type=standard&ref=search-standalone#sol=0db6b4868e61996888604ceac23799a0f5052594,2026-07-03 09:33:19,N/A,N/A,N/A,N/A
Dump Truck Operator - Multiple sites and rosters,Listed seven hours ago,Perth WA,WA,$55-$63 p/h,Contract,https://www.seek.com.au/job/93098553?type=standard&ref=search-standalone#sol=dfc66d535102d4223a9256985881f4289be30645,2026-07-03 09:33:19,N/A,N/A,N/A,N/A
"FIFO Loader, Moxy & Water Cart Operators",Listed four hours ago,Perth WA,WA,$55 – $80 per hour,Casual,https://www.seek.com.au/job/93106425?type=standard&ref=search-standalone#sol=7270668a79259247ed697334d36d4531b4d6f208,2026-07-03 09:33:19,N/A,N/A,N/A,N/A
Dump Truck Operator,Listed eleven days ago,Perth WA,WA,$50 – $55 per hour,Casual,https://www.seek.com.au/job/92845609?type=standard&ref=search-standalone#sol=58b52709c47d69e5b511b8c62028608933b6bcff,2026-07-03 09:33:19,N/A,N/A,N/A,N/A
FIFO Dump Truck Operators,Listed three days ago,Perth WA,WA,$54.00 - $63.00 p.h. + based on experience,FIFO,https://www.seek.com.au/job/93019891?type=standard&ref=search-standalone#sol=f9fc0bb884ec9f4f1e25771162fcfc92fd32659e,2026-07-03 09:33:19,N/A,N/A,N/A,"About the Job:* $54 - $63 per hour, based on experience* 2:1 roster - week of days, week of nights* ASAP start* Sites based in the Pilbara and Goldfields* Temp to perm opportunities* Meals and accommodation provided.* Weekly Pay - 12-hour days paid (including fly-in day)* FIFO from Perth only* Job scope: Operating Komatsu and CAT Dump Trucks in an open pit production mining environment.Requirements* Must have minimum 2 years experience operating Dump Trucks in open pit mining (Australia only)* Must have proven experience on CAT or Komatsu 777, 785 Dump trucks (or similar)* Must be able to provide 2x contactable references of your Dump Truck experience* Valid driver's licence - HR preferred* National Police Clearance (within 12 months)* Must be based in Western Australia (FIFO FROM PERTH ONLY)* Up-to-date resume clearly outlining Dump Truck operating experienceTO APPLY:If you meet all the requirements mentioned and would like to be considered, please hit the 'APPLY' button, and follow the prompts to submit your resume.***APPLICANTS WHO DO NOT MEET THE MINIMUM REQUIREMENTS WILL NOT BE CONTACTED***Please note, these roles are only open to applicants with full Australian work rights. We are unable to offer or arrange sponsorship at this time."
30x Dump Truck Operators $55 - $58 Per Hour,Listed seven days ago,Perth WA,WA,$55 - $58 PER HOUR + SUPER | 12.5 HOUR DAYS | WEEKLY PAY,Casual,https://www.seek.com.au/job/92968038?type=standard&ref=search-standalone#sol=2ea91231e076f48b55ae414403578a71a253f05c,2026-07-03 09:33:19,N/A,N/A,N/A,N/A
Mobile Plant Operator - Entry Level,Listed two days ago,Perth WA,WA,N/A,FIFO,https://www.seek.com.au/job/93057998?type=standard&ref=search-standalone#sol=32b6fb8d509d87ce24ad0ff6a7fff381f76681ef,2026-07-03 09:33:19,N/A,N/A,N/A,N/A
General Expressions of Interest - Dump Truck Operators,Listed eleven days ago,Perth WA,WA,N/A,FIFO,https://www.seek.com.au/job/92850179?type=standard&ref=search-standalone#sol=694bfad64219badf7d47937b90821433e6c63d60,2026-07-03 09:33:19,N/A,N/A,mid_level,"CITIC Pacific Mining is seeking Expressions of Interest from experienced Dump Truck Operators who would like to be considered for future opportunities within our Mine Production team at Sino Iron, located at Cape Preston in the Pilbara.Operating on a 2/1 FIFO roster from Perth, these positions offer the opportunity to work within a large-scale mining operation alongside a modern fleet of heavy mining equipment.We're interested in hearing from safety-focused operators with demonstrated open pit mining experience, particularly those with experience operating large electric-drive haul trucks.Right now we’re on the ground, expanding our mine pit and waste rock/tailings facilities, laying the foundations for our long-term future. Our mining team’s front and centre in this time-critical mission. Come join us.About YouTo be considered for future opportunities, you will ideally have:2+ years' experience operating large electric-drive haul trucks (240t+)Current Australian Driver's Licence (manual preferred)Sound understanding of surface mining operationsStrong communication and teamwork skillsA proactive approach to safety and continuous improvementWhy Join Us?As a CITIC Pacific Mining employee, you'll enjoy a range of benefits designed to support your career, wellbeing and lifestyle, including:Attractive EBA rates plus 12.5% superannuation paid on all hours workedCareer development and training opportunitiesCompany-funded salary continuance and life insuranceSalary packaging options "
Dump Truck Operators,Listed fourteen days ago,Perth WA,WA,$55/hr + Super on all hours worked,FIFO,https://www.seek.com.au/job/92828607?type=standard&ref=search-standalone#sol=39f3ce8925649c0ff4d5aee670b918ca59e8c8f4,2026-07-03 09:33:19,N/A,N/A,N/A,N/A
Dump Truck Operators,Listed twenty eight days ago,"Perth Airport,Perth WA",WA,$56-$63 p/h,Contract,https://www.seek.com.au/job/92536495?type=standard&ref=search-standalone#sol=3207acce51dc278756235c1913775c0a8830523d,2026-07-03 09:33:19,N/A,N/A,N/A,N/A
30x Mobile Plant Operator Up To $75 Per Hour**,Listed seven hours ago,Perth WA,WA,30+ VACANCIES | ASAP STARTS | UP TO $75 PER HOUR,Casual,https://www.seek.com.au/job/93098382?type=standard&ref=search-standalone#sol=7f1fb7f3ff5e5494071844fc5a5808fd81889491,2026-07-03 09:33:19,N/A,N/A,N/A,N/A
Goldfields WA- Dump Truck Operator,Listed nine days ago,Perth WA,WA,N/A,Contract,https://www.seek.com.au/job/92910123?type=standard&ref=search-standalone#sol=c961d16555daa99fd61f42f5ebcfbc08040bfaa5,2026-07-03 09:33:19,N/A,N/A,N/A,N/A
Dump Truck Operator,Listed twenty five days ago,Perth WA,WA,N/A,N/A,https://www.seek.com.au/job/92578572?type=standard&ref=search-standalone#sol=4d4a9fcb1e29ac38d978149153b97c23c509e9ae,2026-07-03 09:33:19,N/A,N/A,N/A,N/A
Underground Haul Truck Operator,Listed four hours ago,Perth WA,WA,$55 - $60 p.h. + Super on all hours,FIFO,https://www.seek.com.au/job/93106365?type=standard&ref=search-standalone#sol=43e3c9e5255d2011ff3039d200ac2a31eae5d257,2026-07-03 09:33:19,N/A,N/A,N/A,N/A
Production Dump Truck Operator,Listed fourteen days ago,Perth WA,WA,N/A,Casual,https://www.seek.com.au/job/92830495?type=standard&ref=search-standalone#sol=4bef268f297f9889139aba7633f7d98583d525ef,2026-07-03 09:33:19,N/A,N/A,N/A,N/A
Dump truck operator,Listed four days ago,"Perenjori,Geraldton, Gascoyne & Midwest WA",WA,N/A,Casual,https://www.seek.com.au/job/93005042?type=standard&ref=search-standalone#sol=a1914b58775a83dc9fe6d19e7ec70e60a90dfb24,2026-07-03 09:33:19,N/A,N/A,N/A,N/A
FIFO Operators | Excavator | Dump Truck | Ancillary,Listed nine days ago,Perth WA,WA,$55.00/hr - $75.00/hr pls super on all hours,Casual,https://www.seek.com.au/job/92916115?type=standard&ref=search-standalone#sol=a1145a180c32636d92de4a32f35664ee75e83556,2026-07-03 09:33:19,N/A,N/A,N/A,N/A
FIFO - Dump Truck Operator,Listed eleven days ago,Perth WA,WA,$55 – $60 per hour,Casual,https://www.seek.com.au/job/92861050?type=standard&ref=search-standalone#sol=e91f4d577659d0097a90c99243637782e6e3ad53,2026-07-03 09:33:19,N/A,N/A,N/A,N/A
Dump Truck Operator,Listed thirteen days ago,Perth WA,WA,N/A,N/A,https://www.seek.com.au/job/92839456?type=standard&ref=search-standalone#sol=dd5211f1e1079f38a5ac97d2802060e97b38a7db,2026-07-03 09:33:19,N/A,N/A,N/A,N/A
Mobile Plant Operators - Dump Truck and Dozer,Listed three days ago,"Kalbarri,Geraldton, Gascoyne & Midwest WA(Remote)",WA,N/A,N/A,https://www.seek.com.au/job/93024572?type=standard&ref=search-standalone#sol=bc9174911a2da9e0ce9adab18fe0c8d3d30e0efb,2026-07-03 09:33:19,drivers_license|drug_alcohol_test|machinery_ticket,N/A,mid_level,"Piacentini & Son - About UsPiacentini & Son is an earthmoving and mining contractor specialising in bulk earthworks, supply of mobile mining and earthmoving equipment, road haulage and mining rehabilitation services. We have over500 employeesaround Australia with a head office in Bunbury, Western Australia. Piacentini & Son has a rich80-year historyof operations throughout Australia, supporting the mining and resources sectors with mining and earthmoving services.About the OpportunityWe are seeking an experienced Mobile Plant Operators (Dump Truck and Dozer) for permanent full-time opportunities based at our Coburn Mineral Sands Project near Denham.  Opportunity can be FIFO or DIDO and experience operating the machinery is essential.About You2years of Operator ExperienceRelevant Machine Operator TicketsDisplay a clear commitment and focus on the health, safety and well-being of all employeesStrong interpersonal and communication skillsHold a valid Australian Drivers LicenceWillingness to undertake a Pre-Employment Medical & Drug / Alcohol ScreenPermanent Resident of AustraliaResponsibilitiesOperating machinery in an efficient manner, maximising productivity, without compromising on safetyComplete required prestart checks on machineryMaintaining a high quality of workWork well within a team environmentAbout the Offer2:1 Days and Nights Roster - 12 hour shiftsAttractive Salary/ Wage PackageGreat camp with meals and gymFIFO or DIDO options availableOpportunity to work for an ind"
30 x Mobile Plant Operators - Iron Ore Mine - Up To $76 Per Hour,Listed fourteen days ago,Perth WA,WA,$55 - $76 Per Hour | Casual OR Full Time Time Roles,Casual,https://www.seek.com.au/job/92825948?type=standard&ref=search-standalone#sol=e305a4c4974e3a317be732f1213b6d6438166f6d,2026-07-03 09:33:19,drivers_license|drug_alcohol_test|machinery_ticket,machinery_ticket|excavator_ticket,entry_level,"Mobile Plant Operators (Production)FIFO Ex Perth - 2/1 - Days + Nights$55 - $76 per Hour + Super + Weekly PayMultiple Roles Available For Experienced OperatorsFetch Mining Services - the leading supplier of blue collar Operators and Mobile Maintenance staff in WA are urgently seeking Mobile Plant Operators for 2 Iron ore sites in the Gascoyne / Goldfields area commencing ASAPWe have a number of roles from Dump Truck Operators to Senior Excavator Operators and leading Hands.We have 30+ Roles on these projects at the moment, casual OR full time permanent roles on offer with great rates on offer. Being Iron Ore mines a police clearance wont be required but 12 months experience, a current drivers licence and ability to pass a medical are required to be considered for these roles.Whats On Offer:Work on one of two exciting iron ore sites in the Goldfields and Midwest of WA30+ roles available on these projectsBoth sites with excellent camps and site facilities2/1 Rosters - Days + Nights$55 - $76 Per Hour + Super (weekly pay)Casual OR Full time permanent roles availableProduction Roles working towards production targetsASAP Starts - be on site as early as next weekOpportunities for professional development and progressionPerks Of Working For Fetch Mining:Long term secure work - you will be working on well established or brand new mines with a long mine lifeWork for  experienced and well respected on site leadership teams that support you and leads by exampleAutonomy on shift with tru"
Dump Truck Operator - Iron Bridge,Listed nine days ago,Perth WA,WA,N/A,N/A,https://www.seek.com.au/job/92914122?type=standard&ref=search-standalone#sol=85b5074479f57dbf7250718316749317a8fe7d98,2026-07-03 09:33:19,N/A,N/A,N/A,N/A
(DIDO or BIBO/RESIDENTIAL KALGOORLIE) Dump Truck Operators $55 Per Hour,Listed seven days ago,"Kalgoorlie,Kalgoorlie, Goldfields & Esperance WA",WA,$55 PER HOUR + SUPER | 12.5 HOUR DAYS | WEEKLY PAY,Casual,https://www.seek.com.au/job/92968357?type=standard&ref=search-standalone#sol=c3083fb9233370a3ad278142c06fc9719f18cffb,2026-07-03 09:33:19,N/A,N/A,N/A,N/A
Dump Truck Operator,Listed seventeen days ago,Perth WA,WA,"$55/hr, immediate start",Contract,https://www.seek.com.au/job/92751243?type=standard&ref=search-standalone#sol=98d051dc5011587e265e9733a69ba07bb09481ef,2026-07-03 09:33:19,N/A,N/A,N/A,N/A
Underground Mining Vacancies,Underground Mining VacanciesatPRYCE MINING SERVICES PTY LTD,Perth WA,WA,N/A,N/A,https://www.seek.com.au/job/92882516?type=promoted&ref=search-standalone#sol=62f9fdd7512dd9407fdc4503eeac81ebbb5c7bcf,2026-07-04 19:25:31,N/A,N/A,N/A,N/A
Underground Mining Vacancies,Underground Mining VacanciesatPRYCE MINING SERVICES PTY LTD,Perth WA,WA,N/A,N/A,https://www.seek.com.au/job/92570305?type=promoted&ref=search-standalone#sol=67f5b35deb24d9d64c52b32453f71a52ae1cba78,2026-07-04 19:25:31,N/A,N/A,N/A,N/A
Underground Mining Opportunities | Multiple Roles Available,Listed two days ago,"Kalgoorlie,Kalgoorlie, Goldfields & Esperance WA",WA,N/A,FIFO,https://www.seek.com.au/job/93084672?type=standard&ref=search-standalone#sol=0aaca8e30056650e31625e0ce1e9b5bf63ef5f44,2026-07-04 19:25:31,N/A,N/A,N/A,N/A
Underground Mining Vacancies,Listed eleven days ago,Perth WA,WA,N/A,N/A,https://www.seek.com.au/job/92882516?type=standard&ref=search-standalone#sol=256452e961d781581582f5ca42d71f1e70e61948,2026-07-04 19:25:31,N/A,N/A,N/A,N/A
Underground Mining Operators - FIFO WA Gold Mines,Listed twelve days ago,Perth WA,WA,$65 – $98 per hour,FIFO,https://www.seek.com.au/job/92863297?type=standard&ref=search-standalone#sol=0c8605e35f9e9f226d0def095e9c3a185cb0d5bc,2026-07-04 19:25:31,N/A,N/A,N/A,N/A
Underground Haul Truck Operator,Listed one day ago,Perth WA,WA,$55 - $60 p.h. + Super on all hours,FIFO,https://www.seek.com.au/job/93106365?type=standard&ref=search-standalone#sol=6c3f31f0385365de3ba62d0f6949635923a303d5,2026-07-04 19:25:31,N/A,N/A,N/A,N/A
Expression Of Interest - Underground Mining Positions,Listed four days ago,"Kalgoorlie,Kalgoorlie, Goldfields & Esperance WA",WA,$High $ + 10% -20% Bonus + GU Health + Allowances,FIFO,https://www.seek.com.au/job/93016833?type=standard&ref=search-standalone#sol=df93f8f691c011b047593708b7ae61fb4a06bba8,2026-07-04 19:25:31,N/A,N/A,N/A,N/A
Underground Operators,Listed twenty five days ago,Perth WA,WA,N/A,Contract,https://www.seek.com.au/job/92600497?type=standard&ref=search-standalone#sol=ae8b157b9f78a0c64321e653ebd9c10c280bf84c,2026-07-04 19:25:31,N/A,N/A,N/A,N/A
Underground Mining Vacancies,Listed eighteen days ago,"Kalgoorlie,Goldfields & Esperance WA",WA,"$100,000 - $350,000 Depending on role and roster.",N/A,https://www.seek.com.au/job/92750034?type=standard&ref=search-standalone#sol=5a3150718cccc713048e6a5b2f586cd616bcb78b,2026-07-04 19:25:31,N/A,N/A,N/A,N/A
Underground Bogger Operator,Listed four days ago,Perth WA,WA,$900 - $1k p.d. + Super on all hours,N/A,https://www.seek.com.au/job/93028679?type=standard&ref=search-standalone#sol=ef77bda526142433bafbd09676285dc5fcb394a5,2026-07-04 19:25:31,N/A,N/A,N/A,N/A
Underground Truck Operators & Nippers,Listed three days ago,"Laverton,Kalgoorlie, Goldfields & Esperance WA",WA,$50 – $55 per hour,Casual,https://www.seek.com.au/job/93043467?type=standard&ref=search-standalone#sol=a521878f272d7b0d09f3fec1b6b3af4d91c02abf,2026-07-04 19:25:31,N/A,N/A,N/A,N/A
Underground Operators - Service Crew,Listed twenty days ago,Perth WA,WA,$90 – $100 per hour,Contract,https://www.seek.com.au/job/92706649?type=standard&ref=search-standalone#sol=999f41c02685b1715e16ca27d6cf44d4d69e551b,2026-07-04 19:25:31,N/A,N/A,N/A,N/A
Underground Mining Vacancies,Listed twenty six days ago,Perth WA,WA,N/A,N/A,https://www.seek.com.au/job/92570305?type=standard&ref=search-standalone#sol=ee9ec88cd7acfeff642c2be595c35d43acacb078,2026-07-04 19:25:31,N/A,N/A,N/A,N/A
Experienced Underground Operators for Cutting a Brand New Portal,Listed five days ago,Perth WA,WA,N/A,N/A,https://www.seek.com.au/job/92992677?type=standard&ref=search-standalone#sol=a5a165ddbba10161b7451d14f271193291a881df,2026-07-04 19:25:31,N/A,N/A,N/A,N/A
Underground Mining Operators,Listed two days ago,"Kalgoorlie,Kalgoorlie, Goldfields & Esperance WA",WA,N/A,N/A,https://www.seek.com.au/job/93071338?type=standard&ref=search-standalone#sol=2deccef7246def1cc89ee37a7ee0a4a46ac21626,2026-07-04 19:25:31,N/A,N/A,N/A,N/A
Underground Mining Operators,Listed nineteen days ago,Perth WA,WA,$60 – $79 per hour PLUS Super,Contract,https://www.seek.com.au/job/92714011?type=standard&ref=search-standalone#sol=ffe8876a21468cca63b46c3a8c9223d5b75e67d9,2026-07-04 19:25:31,N/A,N/A,N/A,N/A
Underground Mining Operators,Listed three days ago,Perth WA,WA,N/A,N/A,https://www.seek.com.au/job/93057465?type=standard&ref=search-standalone#sol=00010b3369dcce2fd7008f22d2815b16d8bf82fe,2026-07-04 19:25:31,N/A,N/A,N/A,N/A
Underground Bogger Operator,Listed ten days ago,Perth WA,WA,$100/hr (casual),N/A,https://www.seek.com.au/job/92922303?type=standard&ref=search-standalone#sol=fe0366359fd1cb717e8dcd2d401a75ee9b365e06,2026-07-04 19:25:31,N/A,N/A,N/A,N/A
Expression of Interest – Underground Mining Opportunities,Listed four days ago,"Kalgoorlie,Kalgoorlie, Goldfields & Esperance WA",WA,N/A,FIFO,https://www.seek.com.au/job/93016361?type=standard&ref=search-standalone#sol=9b4700b76eb70d375bab7c22caa40f3a6c03d006,2026-07-04 19:25:31,N/A,N/A,N/A,N/A
Bogger Operator,Listed three days ago,Perth WA,WA,$70-$85/hr + Super,Contract,https://www.seek.com.au/job/93060799?type=standard&ref=search-standalone#sol=c509b24ff506f6516890fd7c96cfd6adf2e533d8,2026-07-04 19:25:31,N/A,N/A,N/A,N/A
Underground Loader Operators,Listed seventeen days ago,Perth WA,WA,N/A,FIFO,https://www.seek.com.au/job/92777310?type=standard&ref=search-standalone#sol=ef057b9d3b6e6db170b3c9e9431a4fabbb1994ce,2026-07-04 19:25:31,N/A,N/A,N/A,N/A
Underground Agitator Operator,Listed ten days ago,Perth WA,WA,$50 - $60 p.h. + Super on all hours + Flights,N/A,https://www.seek.com.au/job/92910496?type=standard&ref=search-standalone#sol=35c9bd7de9f24124134886cec8de2adcd437c519,2026-07-04 19:25:31,N/A,N/A,N/A,N/A
Operator Nipper,Listed eleven days ago,Perth WA,WA,"Access Barminco's Employee Referral Program - earn up to $10,000 per referral",FIFO,https://www.seek.com.au/job/92894882?type=standard&ref=search-standalone#sol=dd9e67170bb540adc18e85ba74608d8a70dc56af,2026-07-04 19:25:31,N/A,N/A,N/A,N/A
Underground Bogger Operator,Listed eighteen days ago,Perth WA,WA,$85-100p/h,Contract,https://www.seek.com.au/job/92742712?type=standard&ref=search-standalone#sol=cdbbaed98025766b506d7cc5d7f0d1328a630949,2026-07-04 19:25:31,N/A,N/A,N/A,N/A
Underground Truck Operator,Listed two days ago,Perth WA,WA,N/A,N/A,https://www.seek.com.au/job/93090487?type=standard&ref=search-standalone#sol=0645dd5922ca4527c2fbafa4878b90476a89d88a,2026-07-04 19:25:31,N/A,N/A,N/A,N/A
Operator Underground Truck - Bellevue,Listed twenty three days ago,Perth WA,WA,"Access Barminco's Employee Referral Program - earn up to $10,000 per referral",FIFO,https://www.seek.com.au/job/92667370?type=standard&ref=search-standalone#sol=0c01e47adbdad313c29d9b655f84c9bb3890d73d,2026-07-04 19:25:31,N/A,N/A,N/A,N/A
UNDERGROUND MINING ROLES,Listed twenty five days ago,Perth WA,WA,N/A,Casual,https://www.seek.com.au/job/92603658?type=standard&ref=search-standalone#sol=bae485c87945acb190d0a67fe3da1f5c1dcee086,2026-07-04 19:25:31,N/A,N/A,N/A,N/A
Underground Nipper,Listed three days ago,Perth WA,WA,N/A,N/A,https://www.seek.com.au/job/93050154?type=standard&ref=search-standalone#sol=b65cf2448f46e7d959460b288864cef667253b28,2026-07-04 19:25:31,N/A,N/A,N/A,N/A
Underground Decline Crew,Listed sixteen days ago,Perth WA,WA,N/A,N/A,https://www.seek.com.au/job/92799961?type=standard&ref=search-standalone#sol=799e7492ed28d316a3650825d95564421de11c23,2026-07-04 19:25:31,N/A,N/A,N/A,N/A
Underground Nippers & Service  Crew,Listed nineteen days ago,Perth WA,WA,$50-60p/h,Contract,https://www.seek.com.au/job/92717114?type=standard&ref=search-standalone#sol=7d14a577d3a8fcffe689d2e66d0f45c8596afcfb,2026-07-04 19:25:31,N/A,N/A,N/A,N/A
Underground Truck Operator,Listed twenty five days ago,Perth WA,WA,N/A,N/A,https://www.seek.com.au/job/92591811?type=standard&ref=search-standalone#sol=16d12412c256b80af96fa5422d8bafe0c284274f,2026-07-04 19:25:31,N/A,N/A,N/A,N/A
Underground Service Crew -  8/6 & 7/7 rosters,Listed nine days ago,Perth WA,WA,Casual rate $65 p/hr plus super,Casual,https://www.seek.com.au/job/92942896?type=standard&ref=search-standalone#sol=3b53bb578290d6de7eb41573bb5416deddc70260,2026-07-04 19:25:31,N/A,N/A,N/A,N/A
Mobile Plant Mechanics & Auto Electricians,atDynamic Diesel Mechanical Services Pty Ltd,Perth WA,WA,N/A,Casual,https://www.seek.com.au/job/92994122?type=promoted&ref=search-standalone#sol=26de1636934a5a7051a298f532b1b35b4c7ccaa5,2026-07-05 13:56:10,N/A,N/A,N/A,N/A
Heavy Plant Mechanic FIELD SERVICE,atMHM Contracting,Perth WA,WA,$80 – $88 per hour,Contract,https://www.seek.com.au/job/93047530?type=promoted&ref=search-standalone#sol=abf5c55a4dc2b93fd91f0ccd0ed5f53dae6c830b,2026-07-05 13:56:10,N/A,N/A,N/A,N/A
Mobile Plant Mechanics & Auto Electricians,Listed six days ago,Perth WA,WA,N/A,Casual,https://www.seek.com.au/job/92994122?type=standard&ref=search-standalone#sol=462b7851b9687df7d25b3eea8d93e8286c21dbc7,2026-07-05 13:56:10,N/A,N/A,N/A,N/A
Heavy Plant Mechanic FIELD SERVICE,Listed four days ago,Perth WA,WA,$80 – $88 per hour,Contract,https://www.seek.com.au/job/93047530?type=standard&ref=search-standalone#sol=336f12c6a992447ea109b6001f11028c050d9728,2026-07-05 13:56:10,N/A,N/A,N/A,N/A
Heavy Diesel Mechanic,Listed three days ago,"Port Hedland,Port Hedland, Karratha & Pilbara WA",WA,Up to $78.00 per hour,FIFO,https://www.seek.com.au/job/93069740?type=standard&ref=search-standalone#sol=1fabf23d622999e9c7ce67098c495f03a89faacf,2026-07-05 13:56:10,N/A,N/A,N/A,N/A
Technician - Workshop,Listed four days ago,"Welshpool,Perth WA",WA,N/A,N/A,https://www.seek.com.au/job/93060164?type=standard&ref=search-standalone#sol=84c6f8a1120876c4e8a666766387269f1353f74e,2026-07-05 13:56:10,N/A,N/A,N/A,N/A
HEAVY DIESEL MECHANIC – Earn up to 300k Immediate Start,Listed ten days ago,Perth WA,WA,"$200,000 – $300,000 per year",Casual,https://www.seek.com.au/job/92937114?type=standard&ref=search-standalone#sol=e54886171671d6d37a2b70dd2f886a22617bea2d,2026-07-05 13:56:10,N/A,N/A,N/A,N/A
Heavy Duty Field Mechanic,Listed three days ago,"Geraldton,Geraldton, Gascoyne & Midwest WA(Remote)",WA,$55 – $75 per hour,N/A,https://www.seek.com.au/job/93088007?type=standard&ref=search-standalone#sol=d24582159c6d3060116a3c90433b86d20da2ecc3,2026-07-05 13:56:10,N/A,N/A,N/A,N/A
Heavy Diesel Mechanic (Casual or Full Time) – FIFO,Listed fifteen days ago,Perth WA,WA,$70 – $90 per hour,Contract,https://www.seek.com.au/job/92841120?type=standard&ref=search-standalone#sol=9949e2eb90e08a5b9a59d01b113427eb19a745ad,2026-07-05 13:56:10,N/A,N/A,N/A,N/A
Heavy Diesel Mechanic,Listed two days ago,"Guildford,Perth WA",WA,"Up to $200,000 per year (Based on experience)",FIFO,https://www.seek.com.au/job/93107923?type=standard&ref=search-standalone#sol=1c484c90fe27e32945eb716df316067e11656d60,2026-07-05 13:56:10,N/A,N/A,N/A,N/A
Mobile Plant Mechanic / Drill,Listed eighteen days ago,"Forrestdale,Perth WA",WA,"$145,000 – $160,000 per year",FIFO,https://www.seek.com.au/job/92776780?type=standard&ref=search-standalone#sol=5bf9e0856b5832eb1673b1dd8e24b32f7d72ebae,2026-07-05 13:56:10,N/A,N/A,N/A,N/A
HD Mechanic - Component Rebuilds,Listed eleven days ago,"Welshpool,Perth WA",WA,N/A,Contract,https://www.seek.com.au/job/92911808?type=standard&ref=search-standalone#sol=391aedf4cb127c6d43af452b8c9687cb17ae706b,2026-07-05 13:56:10,N/A,N/A,N/A,N/A
Heavy Diesel Mechanic (FIELD SERVICE FLEXI ROSTER),Listed seven days ago,"Port Hedland,Karratha & Pilbara WA",WA,"$280,000 – $315,000 per year",N/A,https://www.seek.com.au/job/92987718?type=standard&ref=search-standalone#sol=dfb7c5bb2f1fb0328be4e92afc4e913034e60d18,2026-07-05 13:56:10,N/A,N/A,N/A,N/A
Mechanical Fitter (Fixed Plant),Listed nine days ago,"Picton East,Bunbury & South West WA",WA,$75.48 per hour,Casual,https://www.seek.com.au/job/92963328?type=standard&ref=search-standalone#sol=34685d6f782d361e0f4dda36df1435103c5ece6e,2026-07-05 13:56:10,N/A,N/A,N/A,N/A
Heavy Duty Diesel Mechanic | Kenworth | Cummins,Listed two days ago,"Maddington,Perth WA",WA,$55 – $70 per hour,Full-time,https://www.seek.com.au/job/93108785?type=standard&ref=search-standalone#sol=8e069b5b2a06f197bd13a1e4152d5ecc0b2a5a27,2026-07-05 13:56:10,N/A,N/A,N/A,N/A
Plant Mechanic,Listed twenty seven days ago,"Malaga,Perth WA",WA,N/A,N/A,https://www.seek.com.au/job/92565461?type=standard&ref=search-standalone#sol=31d61a54ea98c964b0f87d6770ee04a0cf1d30dd,2026-07-05 13:56:10,N/A,N/A,N/A,N/A
Mobile Plant Mechanic - Shutdowns,Listed eighteen days ago,Perth WA,WA,"$200,000 – $300,000 per year (Based on experience)",FIFO,https://www.seek.com.au/job/92777351?type=standard&ref=search-standalone#sol=0fa661cc0752e76008a05bd474f572f3f2bf34cb,2026-07-05 13:56:10,N/A,N/A,N/A,N/A
Heavy Diesel Mechanic,Listed six days ago,Perth WA,WA,$60 – $80 per hour,N/A,https://www.seek.com.au/job/92996186?type=standard&ref=search-standalone#sol=5654514a84620ea18602a3ea80564302080023b4,2026-07-05 13:56:10,N/A,N/A,N/A,N/A
Service Technician,Listed ten days ago,"Northam,Northam & Wheatbelt WA",WA,$45 – $60 per hour,N/A,https://www.seek.com.au/job/92947214?type=standard&ref=search-standalone#sol=7e2d6ff9f98950df1d76deaae54811dccbe77ff0,2026-07-05 13:56:10,N/A,N/A,N/A,N/A
Diesel Mechanic,Listed two days ago,Perth WA,WA,$100 per hour,Casual,https://www.seek.com.au/job/93095590?type=standard&ref=search-standalone#sol=b04e8bab64f26860fb88d4b4d21082a0ffde6370,2026-07-05 13:56:10,N/A,N/A,N/A,N/A
Fitter or Plant Mechanic | FIFO | 8:6,Listed twenty days ago,Perth WA,WA,N/A,FIFO,https://www.seek.com.au/job/92713205?type=standard&ref=search-standalone#sol=996bcd5fcc72275b4d5f5be2a2e30f689b92fbd7,2026-07-05 13:56:10,N/A,N/A,N/A,N/A
Heavy Diesel Mechanic / Field Technician,Listed four days ago,"Welshpool,Perth WA",WA,N/A,N/A,https://www.seek.com.au/job/93054540?type=standard&ref=search-standalone#sol=eef13970d536e183691ce5218fb790038d5777c5,2026-07-05 13:56:10,N/A,N/A,N/A,N/A
Heavy Duty Diesel Mechanic,Listed two days ago,"Perth Airport,Perth WA",WA,$70 – $105 per hour,Full-time,https://www.seek.com.au/job/93097188?type=standard&ref=search-standalone#sol=2e40c3603078c8b4e94305e87a06d67603ff31ab,2026-07-05 13:56:10,white_card|drivers_license,N/A,senior,"Come join adriven,high‑performingteam ofHeavy Duty Diesel Mechanicswhere your expertise truly shines. You’ll take the lead on major planned componentchange‑outs, fullmachine rebuilds, andcommissioningacross adiverse fleet of HME equipment— delivering work you can be proud of and enjoying the deep job satisfaction that comes with mastering every challenge.What's in it for you?Flexible Rosters:Build your own schedule to suit your lifestyleCompetitive Hourly Rates:Rewarding your individual skills and commitmentEmployee Benefits Program:Including discounted private health insurance and salary sacrificingContract Options:Full-time and casual roles availableSuper Paid on All Hours:Secure your financial future with superannuation paid on all hours workedFlights Included:FIFO flights provided from any Australian capital cityYour Own Ute:Hit the road and see the stunning sights of WACareer Development:Team Leader, Leading Hand, Supervision, and Technical Advisor rolesInternational Opportunities:Ability to work as a part of a global team with regular opportunities to work internationally including residential in USATraining:Further develop your skillset and receive ongoing OEM training course. Paid travel, standby, training and induction days.What we're looking for:Certificate III in Mobile Plant Technology (or equivalent)Valid C class drivers licenseAbility to pass a DAS and medicalSkilled mechanics dedicated to a high quality workCall Isabella Crellin on04•• ••• 431for a confidential"
Light Vehicle Plant Mechanic | Sino Iron,Listed ten days ago,Perth WA,WA,N/A,FIFO,https://www.seek.com.au/job/92948627?type=standard&ref=search-standalone#sol=62b06746a43ae0c0a3e13bc66e1cfa08ad37b28d,2026-07-05 13:56:10,N/A,N/A,N/A,N/A
Light Vehicle Mechanic –  (Mon - Fri) Perth based,Listed nine days ago,Perth WA,WA,$45 – $55 per hour,N/A,https://www.seek.com.au/job/92953763?type=standard&ref=search-standalone#sol=cfcfb72a2a5d328d28843dbd0d15cedb19fa8e75,2026-07-05 13:56:10,N/A,N/A,N/A,N/A
Expressions of Interest | HD Plant Mechanics,Listed fourteen days ago,Perth WA,WA,N/A,N/A,https://www.seek.com.au/job/92844997?type=standard&ref=search-standalone#sol=653e8b5198a6655721a8cf99dd33a8a7e2ca8e55,2026-07-05 13:56:10,N/A,N/A,N/A,N/A
HD Mechanic I Heavy Mobile Plant,Listed five days ago,Perth WA,WA,$70 – $85 per hour,Casual,https://www.seek.com.au/job/93025812?type=standard&ref=search-standalone#sol=f1f822a38392d101813bb3df64adc2a83d6fb7e8,2026-07-05 13:56:10,drivers_license,N/A,mid_level,"Titan Ind is partnering with one of our most valued long term mining clients to secure experienced Heavy Duty Mechanics for a standout opportunity in WA.What's on Offer:Career defining long term roles2/1 Roster for strong earning potentialSecure ongoing work with one of Titan’s premier mining clientsOEM-level exposure across large-scale mining equipmentAbout You:Australian Heavy Diesel Mechanic Trade - Cert 3 Mobile Plant Technology / Cert 3 Heavy Commercial Vehicle Mechanical Technology2+ years post trade experience on mobile plantProven diagnostics and breakdown / preventative maintenance experienceValid Australian Driver's License and National Police CheckWhy Titan Ind?At Titan Ind, we don’t just fill roles - we build careers. This opportunity has been designed for mechanics wanting to secure long-term stability, gain high-level OEM exposure, and fast-track their future in the WA mining industry.If you're ready to elevate your career in a thriving mining environment,Titan Indis the place for you."
Pump Mechanic (Field),Listed twelve days ago,"Port Hedland,Port Hedland, Karratha & Pilbara WA(Hybrid)",WA,N/A,N/A,https://www.seek.com.au/job/92889538?type=standard&ref=search-standalone#sol=f984dfd10506bc2a55a60cf80e3702fba8eeaac4,2026-07-05 13:56:10,N/A,N/A,N/A,N/A
FIFO LV Mechanic | 2/1 Roster,Listed sixteen days ago,"Port Hedland,Port Hedland, Karratha & Pilbara WA",WA,$55 – $65 per hour,FIFO,https://www.seek.com.au/job/92810952?type=standard&ref=search-standalone#sol=4fb639cde74520f9d45127dc48ad8b72d5c389c1,2026-07-05 13:56:10,N/A,N/A,N/A,N/A
Mechanic,Listed twenty three days ago,"Forrestdale,Perth WA",WA,$40 – $50 per hour,N/A,https://www.seek.com.au/job/92676960?type=standard&ref=search-standalone#sol=a008e507211d6d4568bcfd40ef14d3143d0e4c2f,2026-07-05 13:56:10,N/A,N/A,N/A,N/A
HD Mechanic - Perth Based,Listed eighteen days ago,Perth WA,WA,N/A,N/A,https://www.seek.com.au/job/92776702?type=standard&ref=search-standalone#sol=f1276aa0b75a1dc4e4ca13671486bc27ca8f454b,2026-07-05 13:56:10,N/A,N/A,N/A,N/A
Plant Mechanic,Listed seventeen days ago,Perth WA,WA,N/A,N/A,https://www.seek.com.au/job/92793180?type=standard&ref=search-standalone#sol=97410db3f715dbae87787e23bf9c23d7df31e2fd,2026-07-05 13:56:10,N/A,N/A,N/A,N/A
Mobile Plant Mechanics & Auto Electricians,atDynamic Diesel Mechanical Services Pty Ltd,Perth WA,WA,N/A,Casual,https://www.seek.com.au/job/92994122?type=promoted&ref=search-standalone#sol=b94c49895c2fda1f85f1555e517d96ad766d62a8,2026-07-05 19:30:17,N/A,N/A,N/A,N/A
Heavy Plant Mechanic FIELD SERVICE,atMHM Contracting,Perth WA,WA,$80 – $88 per hour,Contract,https://www.seek.com.au/job/93047530?type=promoted&ref=search-standalone#sol=80730429fa71b987e9fa9efd96fa43875905d445,2026-07-05 19:30:17,N/A,N/A,N/A,N/A
Mobile Plant Mechanics & Auto Electricians,Listed six days ago,Perth WA,WA,N/A,Casual,https://www.seek.com.au/job/92994122?type=standard&ref=search-standalone#sol=18e9487ec23656e28813408c03d89dec90b0bb40,2026-07-05 19:30:17,N/A,N/A,N/A,N/A
Heavy Plant Mechanic FIELD SERVICE,Listed four days ago,Perth WA,WA,$80 – $88 per hour,Contract,https://www.seek.com.au/job/93047530?type=standard&ref=search-standalone#sol=1a2fb6a5bc04f03641ad7fcfcc6dcdbc9f7e6613,2026-07-05 19:30:17,N/A,N/A,N/A,N/A
Heavy Diesel Mechanic,Listed three days ago,"Port Hedland,Port Hedland, Karratha & Pilbara WA",WA,Up to $78.00 per hour,FIFO,https://www.seek.com.au/job/93069740?type=standard&ref=search-standalone#sol=d65eab27fc0716562bc83140236df4715bc08059,2026-07-05 19:30:17,N/A,N/A,N/A,N/A
Technician - Workshop,Listed four days ago,"Welshpool,Perth WA",WA,N/A,N/A,https://www.seek.com.au/job/93060164?type=standard&ref=search-standalone#sol=a52f4d184c51ff321eecdf89850f7ef0acc0808a,2026-07-05 19:30:17,N/A,N/A,N/A,N/A
HEAVY DIESEL MECHANIC – Earn up to 300k Immediate Start,Listed ten days ago,Perth WA,WA,"$200,000 – $300,000 per year",Casual,https://www.seek.com.au/job/92937114?type=standard&ref=search-standalone#sol=1622e101bc9c26c4a4a9cde6c8292ca3a0bdb965,2026-07-05 19:30:17,N/A,N/A,N/A,N/A
Heavy Duty Field Mechanic,Listed three days ago,"Geraldton,Geraldton, Gascoyne & Midwest WA(Remote)",WA,$55 – $75 per hour,N/A,https://www.seek.com.au/job/93088007?type=standard&ref=search-standalone#sol=177365f9533d06674316b47ea6c07a9f4c4a6f65,2026-07-05 19:30:17,N/A,N/A,N/A,N/A
Heavy Diesel Mechanic (Casual or Full Time) – FIFO,Listed fifteen days ago,Perth WA,WA,$70 – $90 per hour,Contract,https://www.seek.com.au/job/92841120?type=standard&ref=search-standalone#sol=018876a6f8f1c65a41002ddb834f3e1cfc107edf,2026-07-05 19:30:17,N/A,N/A,N/A,N/A
Heavy Diesel Mechanic,Listed two days ago,"Guildford,Perth WA",WA,"Up to $200,000 per year (Based on experience)",FIFO,https://www.seek.com.au/job/93107923?type=standard&ref=search-standalone#sol=7db877c03a81384f17ef8d7e36cd67faf8706662,2026-07-05 19:30:17,N/A,N/A,N/A,N/A
Mobile Plant Mechanic / Drill,Listed eighteen days ago,"Forrestdale,Perth WA",WA,"$145,000 – $160,000 per year",FIFO,https://www.seek.com.au/job/92776780?type=standard&ref=search-standalone#sol=b90edbab045a8054b039b71de35f616bd67b2842,2026-07-05 19:30:17,N/A,N/A,N/A,N/A
HD Mechanic - Component Rebuilds,Listed eleven days ago,"Welshpool,Perth WA",WA,N/A,Contract,https://www.seek.com.au/job/92911808?type=standard&ref=search-standalone#sol=7627da0d3b574f8b9713177736be3abe88b256a0,2026-07-05 19:30:17,N/A,N/A,N/A,N/A
Heavy Diesel Mechanic (FIELD SERVICE FLEXI ROSTER),Listed seven days ago,"Port Hedland,Karratha & Pilbara WA",WA,"$280,000 – $315,000 per year",N/A,https://www.seek.com.au/job/92987718?type=standard&ref=search-standalone#sol=9e9b55fd6f7e5cead7e64b0e9be96abdbdaac8f7,2026-07-05 19:30:17,N/A,N/A,N/A,N/A
Mechanical Fitter (Fixed Plant),Listed nine days ago,"Picton East,Bunbury & South West WA",WA,$75.48 per hour,Casual,https://www.seek.com.au/job/92963328?type=standard&ref=search-standalone#sol=2999ca1d4b4df447226b10ff1306e9dbf3cb6f46,2026-07-05 19:30:17,N/A,N/A,N/A,N/A
Plant Mechanic,Listed twenty seven days ago,"Malaga,Perth WA",WA,N/A,N/A,https://www.seek.com.au/job/92565461?type=standard&ref=search-standalone#sol=1af97a57d8da426f4b3726487cee4a3bdfe44b20,2026-07-05 19:30:17,N/A,N/A,N/A,N/A
Service Technician,Listed ten days ago,"Northam,Northam & Wheatbelt WA",WA,$45 – $60 per hour,N/A,https://www.seek.com.au/job/92947214?type=standard&ref=search-standalone#sol=9597347e9dc2014f482ae2f0ab6fef8983c8029c,2026-07-05 19:30:17,N/A,N/A,N/A,N/A
Mobile Plant Mechanic - Shutdowns,Listed eighteen days ago,Perth WA,WA,"$200,000 – $300,000 per year (Based on experience)",FIFO,https://www.seek.com.au/job/92777351?type=standard&ref=search-standalone#sol=e9776318b9a50f46d791db925c3a5633bf4ba150,2026-07-05 19:30:17,N/A,N/A,N/A,N/A
Heavy Diesel Mechanic / Field Technician,Listed four days ago,"Welshpool,Perth WA",WA,N/A,N/A,https://www.seek.com.au/job/93054540?type=standard&ref=search-standalone#sol=eb9b8bd1e668b34ca17ed62ed621075577a80557,2026-07-05 19:30:17,N/A,N/A,N/A,N/A
Heavy Diesel Mechanic,Listed six days ago,Perth WA,WA,$60 – $80 per hour,N/A,https://www.seek.com.au/job/92996186?type=standard&ref=search-standalone#sol=b1b1c62755549c93989044a85c9891971ffbe889,2026-07-05 19:30:17,N/A,N/A,N/A,N/A
Fitter or Plant Mechanic | FIFO | 8:6,Listed twenty days ago,Perth WA,WA,N/A,FIFO,https://www.seek.com.au/job/92713205?type=standard&ref=search-standalone#sol=0eb40ece8f7ab932993796380fbcd854078e300d,2026-07-05 19:30:17,N/A,N/A,N/A,N/A
Diesel Mechanic,Listed two days ago,Perth WA,WA,$100 per hour,Casual,https://www.seek.com.au/job/93095590?type=standard&ref=search-standalone#sol=c42e9c4114597d14a56821ce11179f743085bea4,2026-07-05 19:30:17,N/A,N/A,N/A,N/A
Light Vehicle Plant Mechanic | Sino Iron,Listed ten days ago,Perth WA,WA,N/A,FIFO,https://www.seek.com.au/job/92948627?type=standard&ref=search-standalone#sol=9a984f3795c8fc4c8db438f9a5f5ca4cd80e49ac,2026-07-05 19:30:17,N/A,N/A,N/A,N/A
Heavy Duty Diesel Mechanic | Kenworth | Cummins,Listed two days ago,"Maddington,Perth WA",WA,$55 – $70 per hour,Full-time,https://www.seek.com.au/job/93108785?type=standard&ref=search-standalone#sol=1d10c0add4293f0b7387b3f82aaf9dded6f6aadf,2026-07-05 19:30:17,N/A,N/A,N/A,N/A
Expressions of Interest | HD Plant Mechanics,Listed fourteen days ago,Perth WA,WA,N/A,N/A,https://www.seek.com.au/job/92844997?type=standard&ref=search-standalone#sol=79f5505ae44cf7c9252dc7056c2824b3fb28fd66,2026-07-05 19:30:17,N/A,N/A,N/A,N/A
Heavy Duty Diesel Mechanic,Listed two days ago,"Perth Airport,Perth WA",WA,$70 – $105 per hour,Full-time,https://www.seek.com.au/job/93097188?type=standard&ref=search-standalone#sol=be86db78dd1dd6721253c222f2a4ef9690eef547,2026-07-05 19:30:17,N/A,N/A,N/A,N/A
Pump Mechanic (Field),Listed twelve days ago,"Port Hedland,Port Hedland, Karratha & Pilbara WA(Hybrid)",WA,N/A,N/A,https://www.seek.com.au/job/92889538?type=standard&ref=search-standalone#sol=89794c5d83bedeedc67053d7d3447c0504d3a12a,2026-07-05 19:30:17,N/A,N/A,N/A,N/A
FIFO LV Mechanic | 2/1 Roster,Listed seventeen days ago,"Port Hedland,Port Hedland, Karratha & Pilbara WA",WA,$55 – $65 per hour,FIFO,https://www.seek.com.au/job/92810952?type=standard&ref=search-standalone#sol=d4bcec8ae42f74f923eb7bbc4582398b676376d5,2026-07-05 19:30:17,drug_alcohol_test|heavy_vehicle_license,N/A,mid_level,"FIFO LV Mechanic | 2/1 Roster | Port Hedland or NewmanUlti-Mech Pty LtdUlti-Mech Pty Ltd is a proudly WA-owned company with a strong presence across the Pilbara since 2013. We specialise in maintaining and repairing light and heavy vehicle fleets for mining, civil, and regional clients.Due to continued growth, we are seeking experiencedLight Vehicle Mechanicsto join our Port Hedland workshop on a2/1 FIFO roster from Perth.This is afull-time, long-term roleoffering stability, strong hourly rates, and the opportunity to build a career — not just do swings.What’s on OfferUp to $65 per hour + super (based on experience)Full-time, permanent position with consistent ongoing work2/1 FIFO roster from PerthAccommodation and meal allowance providedOption to transition into a residential Pilbara role if preferredWork in well-equipped workshops with structured systems and supportExposure to major OEM brands including Fuso, Mercedes-Benz, Freightliner, Detroit, Scania, and IvecoAccess to ongoing training and upskilling opportunitiesClear career progression into HD mechanics, Leading Hand, Service Advisor, or Workshop Management rolesThe RoleDiagnose, repair, and maintain a wide range of light vehiclesPerform servicing, inspections, and fault finding to a high standardComplete job cards and maintain accurate service recordsWork both independently and as part of a teamCommunicate effectively with the workshop and parts departmentsFollow all safety procedures and workshop standardsAbout YouA"
Light Vehicle Mechanic –  (Mon - Fri) Perth based,Listed ten days ago,Perth WA,WA,$45 – $55 per hour,N/A,https://www.seek.com.au/job/92953763?type=standard&ref=search-standalone#sol=e2602fe7597f997e3222006b23afd571a5be23b9,2026-07-05 19:30:17,N/A,N/A,N/A,N/A
HD Mechanic I Heavy Mobile Plant,Listed five days ago,Perth WA,WA,$70 – $85 per hour,Casual,https://www.seek.com.au/job/93025812?type=standard&ref=search-standalone#sol=1714c777ff7fb4ff80d64b631cc7b1250731a26e,2026-07-05 19:30:17,N/A,N/A,N/A,N/A
Mechanic,Listed twenty three days ago,"Forrestdale,Perth WA",WA,$40 – $50 per hour,N/A,https://www.seek.com.au/job/92676960?type=standard&ref=search-standalone#sol=67f29f7390f268083498dbf6985321ab153f7b30,2026-07-05 19:30:17,N/A,N/A,N/A,N/A
HD Mechanic - Perth Based,Listed eighteen days ago,Perth WA,WA,N/A,N/A,https://www.seek.com.au/job/92776702?type=standard&ref=search-standalone#sol=6bece246a0df4ee24e55419036270433c445aa0d,2026-07-05 19:30:17,N/A,N/A,N/A,N/A
Plant Mechanic,Listed seventeen days ago,Perth WA,WA,N/A,N/A,https://www.seek.com.au/job/92793180?type=standard&ref=search-standalone#sol=1720f04406c94a7164e55ab690f0cf82afd41c51,2026-07-05 19:30:17,N/A,N/A,N/A,N/A
Operator / Truck Driver,atSherrin Rentals,"Forrestdale,Perth WA(Hybrid)",WA,N/A,N/A,https://www.seek.com.au/job/93097542?type=promoted&ref=search-standalone#sol=66e16143e730f7f97d8036064eb4a35ea963ea17,2026-07-08 08:40:35,N/A,N/A,N/A,N/A
HR Driver,Listed four days ago,"Karratha,Port Hedland, Karratha & Pilbara WA",WA,N/A,Full-time,https://www.seek.com.au/job/93120437?type=standard&ref=search-standalone#sol=6e9be12aab053f3bf47b9a557d6f303bc470395f,2026-07-08 08:40:35,N/A,N/A,N/A,N/A
Heavy Rigid Truck Driver,Listed two hours ago,"Maddington,Perth WA",WA,$43+ per hour with regular overtime available!,Casual,https://www.seek.com.au/job/93196639?type=standard&ref=search-standalone#sol=2e71d8587905015d05427b1d27353ac9e5d39541,2026-07-08 08:40:35,N/A,N/A,N/A,N/A
Fuel Tanker Driver - MOORA REGION,Listed six days ago,atFuel Distributors of Western Australia,WA,$45 – $55 per hour,N/A,https://www.seek.com.au/job/93083561?type=standard&ref=search-standalone#sol=3e3f8f93a7fe3cf16a7078587df1c96625b88af1,2026-07-08 08:40:35,N/A,N/A,N/A,N/A
Truck driver/operator,Listed fourteen days ago,"Bayswater,Perth WA(Remote)",WA,$35 per hour,N/A,https://www.seek.com.au/job/92911060?type=standard&ref=search-standalone#sol=e1875ab20dafc0a4c6ef1dbd6ef76df01e3ba4ce,2026-07-08 08:40:35,N/A,N/A,N/A,N/A
Road Train Driver,Listed one day ago,"Port Hedland,Port Hedland, Karratha & Pilbara WA",WA,N/A,N/A,https://www.seek.com.au/job/93155382?type=standard&ref=search-standalone#sol=2add35ca0b16e188b009fd0c0c2b3f57e472eec2,2026-07-08 08:40:35,N/A,N/A,N/A,N/A
Hotshot HR Drivers,Listed one day ago,"Kewdale,Perth WA",WA,N/A,Casual,https://www.seek.com.au/job/93162701?type=standard&ref=search-standalone#sol=8f6f730d581c86e2cc5e1d9e5ba1e893aae0438f,2026-07-08 08:40:35,N/A,N/A,N/A,N/A
HR Driver,Listed five hours ago,"Gnangara,Perth WA",WA,$35.11 – $38.72 DOE + O/Time + Penalties,N/A,https://www.seek.com.au/job/93190999?type=standard&ref=search-standalone#sol=cf42bf0c4095bda23b340f4eba4ca8e756db9df1,2026-07-08 08:40:35,N/A,N/A,N/A,N/A
HC/MC/Class 5 Driver – Hope Valley - Home Every Night - Full-Time,Listed fourteen days ago,"Hope Valley,Perth WA",WA,N/A,N/A,https://www.seek.com.au/job/84746741?type=standard&ref=search-standalone#sol=4aae7cf7b08d554f34f37bc9afba0d022a8074b1,2026-07-08 08:40:35,N/A,N/A,N/A,N/A
Local HC/MC Driver,Listed two days ago,"Kewdale,Perth WA",WA,$42 per hour,N/A,https://www.seek.com.au/job/93147182?type=standard&ref=search-standalone#sol=85517aefcece4611769496d6fac959fa2a827efc,2026-07-08 08:40:35,N/A,N/A,N/A,N/A
HR Driver (Operator),Listed five days ago,"Karratha,Port Hedland, Karratha & Pilbara WA",WA,$44.17 ph + overtime + 600.00 Housing allowance,N/A,https://www.seek.com.au/job/93112827?type=standard&ref=search-standalone#sol=cf5079b8b3d7eaeeaa37e5929704ce358fec2a15,2026-07-08 08:40:35,N/A,N/A,N/A,N/A
HR Truck Driver (Waste),Listed one day ago,"Osborne Park,Perth WA",WA,$35-$38 +pens p/h,Casual,https://www.seek.com.au/job/93157948?type=standard&ref=search-standalone#sol=7de925d6de9ed2a426e6c1ab6907478536cb3743,2026-07-08 08:40:35,N/A,N/A,N/A,N/A
HC Truck Driver (semi tipper),Listed nine days ago,"Neerabup,Perth WA",WA,$35 – $50 per hour,Casual,https://www.seek.com.au/job/92994224?type=standard&ref=search-standalone#sol=8ee070044ce7654f4e83619dc3d9a3bd4f74da01,2026-07-08 08:40:35,N/A,N/A,N/A,N/A
Truck Driver,Listed one day ago,"Bunbury,Bunbury & South West WA",WA,N/A,N/A,https://www.seek.com.au/job/93160256?type=standard&ref=search-standalone#sol=74ea6f788759f3628c0ef594c15d73b37d3f0c9a,2026-07-08 08:40:35,N/A,N/A,N/A,N/A
FUEL TANKER DRIVER,Listed seven days ago,"Kwinana Beach,Perth WA",WA,N/A,N/A,https://www.seek.com.au/job/93052467?type=standard&ref=search-standalone#sol=b69d82d2acec951f533cb12b93413499ee6cf73a,2026-07-08 08:40:35,N/A,N/A,N/A,N/A
Heavy Vehicle Driver,Listed two days ago,"Kwinana Beach,Perth WA",WA,N/A,N/A,https://www.seek.com.au/job/93142277?type=standard&ref=search-standalone#sol=c0b40411f93bd38ee9dbd821b530344de115720e,2026-07-08 08:40:35,N/A,N/A,N/A,N/A
Road Train Drivers - $60.00 p/h,Listed one day ago,"Wiluna,Kalgoorlie, Goldfields & Esperance WA",WA,"$5,100+ Per Week!",Contract,https://www.seek.com.au/job/93157108?type=standard&ref=search-standalone#sol=6ddf4a169a9e9d1707dd2ff54d3135621ce7f6c9,2026-07-08 08:40:35,N/A,N/A,N/A,N/A
Night Shift Driver (HC & LF Licence Required),Listed one day ago,"Welshpool,Perth WA",WA,N/A,N/A,https://www.seek.com.au/job/93163345?type=standard&ref=search-standalone#sol=259b3b1bce508247615b218b4cbb40d9c6ebf73a,2026-07-08 08:40:35,N/A,N/A,N/A,N/A
Fuel Tanker Driver - HR/HC,Listed twelve days ago,"Hope Valley,Perth WA",WA,N/A,N/A,https://www.seek.com.au/job/92969839?type=standard&ref=search-standalone#sol=8cde387df002c6fdf076bf0afb06070cc5990fc8,2026-07-08 08:40:35,N/A,N/A,N/A,N/A
"MR, HR & Tipper Drivers",Listed eight days ago,"Canning Vale,Perth WA",WA,N/A,Contract,https://www.seek.com.au/job/93032682?type=standard&ref=search-standalone#sol=97e0625a930420c5aaee3ce0654f66ed8cbf5468,2026-07-08 08:40:35,heavy_vehicle_license,N/A,mid_level,"Multiple Driver Positions Available | Immediate StartsRecruitWest is currently seeking experienced drivers for multiple opportunities across Perth.Available Roles:MR PUD Driver – Canning Vale | $42.50/hr + penalties | ongoing roleHR End Tipper Driver – Maddington | $50-$55/hr ($65/hr Sundays) | ongoing roleMR HIAB Driver – Belmont | $42/hr + penalties | short-term projectAbout the Roles:MR PUD Driver – Canning ValeMonday–Friday | 7:00 am–4:00 pmApprox. 43–44 hours per week$42.50/hr plus penaltiesOngoing roleSensitive freight deliveries across the Perth metroMultiple daily deliveries - PUD delivery experience is requiredLoading/unloading and dock workHR End Tipper Drivers – MaddingtonMonday to SaturdayApprox. 10.5-hour days with overtime available$50-$55 flat rate, $60/hr SundayOngoing roleOperate 8-wheel End Tipper Trucks (HR Licence)Operate HR End-Tipper with Dog Trailer (HC Licence)Quarry pick-ups and deliveries to RockinghamMR HIAB Driver – Belmont3–4-week assignment, for the right person, it can be +8 weeks40–50 hours per week$42/hr plus penalties6 AM startAutomatic MR TruckHR Licence requiredConstruction site deliveriesHIAB/ Dogging Ticket Highly DesirableRequirements:Relevant, current licence for the role applied forStrong reversing skillsPrevious and proven driving experience requiredFull Australian working rights without restrictionsImmediate availability highly regardedInterested in one of these opportunities?Apply nowand our team will be in touch."
Truck Driver - Hiring Now,Listed twenty two days ago,"Perth Airport,Perth WA",WA,"Bring Ya Mate & earn up to $1,000 through Centurion’s referral program",N/A,https://www.seek.com.au/job/92739991?type=standard&ref=search-standalone#sol=908ab4728347b9a38de85149ba1ff8f135084a4f,2026-07-08 08:40:35,N/A,N/A,N/A,N/A
Night Shift HC/MC Driver,Listed one day ago,"Kewdale,Perth WA",WA,N/A,Full-time,https://www.seek.com.au/job/93159684?type=standard&ref=search-standalone#sol=aa8d52fe2fda28dcdb62c2218c00eb5223d64c6d,2026-07-08 08:40:35,N/A,N/A,N/A,N/A
Van Driver | Linfox Driver Academy,Listed five days ago,"Hazelmere,Perth WA",WA,Starts at $30+ /hr | $ increases as you progress,N/A,https://www.seek.com.au/job/93110178?type=standard&ref=search-standalone#sol=5997e37caca4cb74ecc3e3c97cdc4e51e5275318,2026-07-08 08:40:35,N/A,N/A,N/A,N/A
HR Driver | Truck Driver | Waste Management,Listed nine days ago,"Kwinana Beach,Perth WA",WA,N/A,Casual,https://www.seek.com.au/job/92993001?type=standard&ref=search-standalone#sol=4902520b699aa0c4bc51b96b84322c8842c3db1c,2026-07-08 08:40:35,N/A,N/A,N/A,N/A
HR Driver | Linfox Driver Academy,Listed five days ago,"Hazelmere,Perth WA",WA,Starts at $32+ /hr | $ increases as you progress,N/A,https://www.seek.com.au/job/93110183?type=standard&ref=search-standalone#sol=6579178e7537e2a89c20be28a21e5c3822b0cebd,2026-07-08 08:40:35,N/A,N/A,N/A,N/A
HR Waste Truck Driver (Nightshift),Listed six days ago,Perth WA,WA,"$90,951 per annum including penalties, plus super",N/A,https://www.seek.com.au/job/93084559?type=standard&ref=search-standalone#sol=96e680c8adc67307da1ec98829492175ab27e52f,2026-07-08 08:40:35,N/A,N/A,N/A,N/A
HR Truck Driver,Listed eight days ago,"Hope Valley,Perth WA",WA,N/A,N/A,https://www.seek.com.au/job/93015423?type=standard&ref=search-standalone#sol=35086fa252f9129e286a620da43b81b3e85abaad,2026-07-08 08:40:35,N/A,N/A,N/A,N/A
Fuel Tanker Driver - HR/HC,Listed eleven days ago,"Hope Valley,Perth WA",WA,N/A,N/A,https://www.seek.com.au/job/92977549?type=standard&ref=search-standalone#sol=d65565a272b6163a1ed95d9ba304b58f0fb9da1b,2026-07-08 08:40:35,N/A,N/A,N/A,N/A
Truck Driver,Listed nine days ago,"Orange Grove,Perth WA",WA,N/A,N/A,https://www.seek.com.au/job/92993769?type=standard&ref=search-standalone#sol=27795593657e14b0746698464318fb999c307ae9,2026-07-08 08:40:35,N/A,N/A,N/A,N/A
Road Train Operator - FIFO,Listed one day ago,Perth WA,WA,$57.81 per hour + super on all hours + bonuses,FIFO,https://www.seek.com.au/job/93163088?type=standard&ref=search-standalone#sol=e5dd3f42bdc2081f85c7d86faa66eadd64295c08,2026-07-08 08:40:35,N/A,N/A,N/A,N/A
Waste Service Operator,Listed two days ago,Perth WA,WA,$41.35 – $42.02 per hour + super,N/A,https://www.seek.com.au/job/93145639?type=standard&ref=search-standalone#sol=a67ad6af856e9147b9b3086ac86ea7c5fc209e7e,2026-07-08 08:40:35,N/A,N/A,N/A,N/A
MC Tipper Truck Driver Wanted,Listed thirty seven minutes ago,"Naval Base,Perth WA",WA,N/A,Casual,https://www.seek.com.au/job/93199954?type=standard&ref=search-standalone#sol=d5bc4d1fa8c8e91e527f0b89123593ee2d870775,2026-07-08 08:40:35,N/A,N/A,N/A,N/A
992K | WA1200 Loader Operator,atAUS Employment Services,Perth WA,WA,$70-$80/hr depending on experience,Casual,https://www.seek.com.au/job/93196619?type=promoted&ref=search-standalone#sol=fb00111926d5612b0b1d96d2dfa2ad9758ab242d,2026-07-08 14:32:00,N/A,N/A,N/A,N/A
30x Mobile Plant Operator Up To $75 Per Hour**,30x Mobile Plant Operator Up To $75 Per Hour**atFetch Recruitment,Perth WA,WA,30+ VACANCIES | ASAP STARTS | UP TO $75 PER HOUR,Casual,https://www.seek.com.au/job/93098382?type=promoted&ref=search-standalone#sol=e87ef03b5540572df3ac3eb10d2ae2b496d38fcf,2026-07-08 14:32:00,N/A,N/A,N/A,N/A
Loader Operator,Listed six hours ago,"Toodyay,Northam & Wheatbelt WA",WA,N/A,N/A,https://www.seek.com.au/job/93199234?type=standard&ref=search-standalone#sol=970c6bffc5f91b8b31c3ba3b228331ab5c75171c,2026-07-08 14:32:00,N/A,N/A,N/A,N/A
992K | WA1200 Loader Operator,Listed eight hours ago,Perth WA,WA,$70-$80/hr depending on experience,Casual,https://www.seek.com.au/job/93196619?type=standard&ref=search-standalone#sol=e6782b3bfe1bf145630484bdb016ec2ffffa0c45,2026-07-08 14:32:00,N/A,N/A,N/A,N/A
Mobile Plant Operators,Listed one day ago,Perth WA,WA,$45 – $65 per hour,Contract,https://www.seek.com.au/job/93160605?type=standard&ref=search-standalone#sol=2bf6044ff81959ea34481fc7a69d222d98836531,2026-07-08 14:32:00,N/A,N/A,N/A,N/A
Loader (1:1) & Moxy (2:1) Operators - FIFO,Listed fourteen days ago,"Jandakot,Perth WA(Remote)",WA,N/A,Casual,https://www.seek.com.au/job/92925855?type=standard&ref=search-standalone#sol=03cf47f5ab5e4ca36f01cc0e6d3cef87d9141512,2026-07-08 14:32:00,N/A,N/A,N/A,N/A
Loader Operator,Listed six days ago,Perth WA,WA,$40-$43p/h+pens+allowances,Contract,https://www.seek.com.au/job/93082463?type=standard&ref=search-standalone#sol=3cb2a2e52f4280ccec868798fbda2e0e657957ac,2026-07-08 14:32:00,N/A,N/A,N/A,N/A
30x Mobile Plant Operator Up To $75 Per Hour**,Listed five days ago,Perth WA,WA,30+ VACANCIES | ASAP STARTS | UP TO $75 PER HOUR,Casual,https://www.seek.com.au/job/93098382?type=standard&ref=search-standalone#sol=0c8f8d8503cb99f8b1a33779380bcb2ea04c6e01,2026-07-08 14:32:00,N/A,N/A,N/A,N/A
Entry Level - Dump Truck / Loader Operator - Mine Site,Listed fourteen days ago,"Kalgoorlie,Kalgoorlie, Goldfields & Esperance WA",WA,$40 – $50 per hour,N/A,https://www.seek.com.au/job/92921796?type=standard&ref=search-standalone#sol=b7085ede39b5a827c1a083ca94d9da17d9cf2649,2026-07-08 14:32:00,N/A,N/A,entry_level,"Entry Level - Dump Truck / Loader Operator - Mine SiteRoster 2/1 FIFO from Perth WASite Services Work - (Surface)Permanent Full Time PositionLong-Term, On-Going, Various Sites5 weeks Annual LeaveImmediate StartApplicant to providePolice Clearance under 12 months oldCurrent full Western Australian C Class Driver's LicenseApplications via email onlyEmail resumes to:ram•••••••••••@ramsgoldfields.com.au"
Loader Operators - $65+ Per Hour - 2/1 Roster,Listed two days ago,Perth WA,WA,$65+ Per Hour + Super | 12.5 Hour Days PAID,Casual,https://www.seek.com.au/job/93142120?type=standard&ref=search-standalone#sol=6cef2620727a5f0180c41b1f417e7dae5c52e155,2026-07-08 14:32:00,N/A,N/A,N/A,N/A
"FIFO Loader, Moxy & Water Cart Operators",Listed five days ago,Perth WA,WA,$55 – $80 per hour,Casual,https://www.seek.com.au/job/93106425?type=standard&ref=search-standalone#sol=849f320019272c61a44473966ca4689e088beca1,2026-07-08 14:32:00,N/A,N/A,N/A,N/A
Loader Operator,Listed twelve days ago,Perth WA,WA,N/A,Contract,https://www.seek.com.au/job/92966758?type=standard&ref=search-standalone#sol=b776516d2885ad027eca0fefb119946d4b80a2f0,2026-07-08 14:32:00,N/A,N/A,N/A,N/A
Production Mining Operators,Listed twelve hours ago,Perth WA,WA,N/A,FIFO,https://www.seek.com.au/job/93187688?type=standard&ref=search-standalone#sol=3ea6c6eeadef5cb97dc36ea55637554aea8b5f3f,2026-07-08 14:32:00,N/A,N/A,N/A,N/A
Crusher Loader Operator,Listed eight days ago,Perth WA,WA,2&1 FIFO roster ex Perth | Pilbara location | Temp-perm opportunity | $65/hr,Contract,https://www.seek.com.au/job/93034883?type=standard&ref=search-standalone#sol=6c038ba7f8bfe55704523155900f86347a9e7342,2026-07-08 14:32:00,N/A,N/A,N/A,N/A
Mobile Crushing Operators,Listed four hours ago,"Paraburdoo,Port Hedland, Karratha & Pilbara WA",WA,$55 - $71 skills dependant,Contract,https://www.seek.com.au/job/93203182?type=standard&ref=search-standalone#sol=279825d290e07886e7d75a57abfb2d46369c7cda,2026-07-08 14:32:00,N/A,N/A,N/A,N/A
Loader Operator,Listed sixteen days ago,"Kalgoorlie,Kalgoorlie, Goldfields & Esperance WA",WA,$65 Per hour + super on all hours,Contract,https://www.seek.com.au/job/92862626?type=standard&ref=search-standalone#sol=b186f5cd924b6745eddda6445c2dbed307ac05a9,2026-07-08 14:32:00,N/A,N/A,N/A,N/A
ROM Loader Operators,Listed twelve days ago,Perth WA,WA,$60 / $65 + super - depending on experience,Contract,https://www.seek.com.au/job/92973361?type=standard&ref=search-standalone#sol=8433288d40f38408cd5b8fd031b9ed034ff215f8,2026-07-08 14:32:00,N/A,N/A,N/A,N/A
CIVIL Loader Operator,Listed twenty two days ago,"Pinjarra,Mandurah & Peel WA",WA,$45 - $50 p.h. + penalties and allowances where ap,Contract,https://www.seek.com.au/job/92742555?type=standard&ref=search-standalone#sol=37547015da24b1676a25a521e9c1f94649a29282,2026-07-08 14:32:00,N/A,N/A,N/A,N/A
Expression Of Interest - Civil Multi Skilled Operators,Listed fifteen days ago,"Kalgoorlie,Kalgoorlie, Goldfields & Esperance WA",WA,N/A,FIFO,https://www.seek.com.au/job/92899749?type=standard&ref=search-standalone#sol=fa36f05737bdd543d684c5c2d6be8648d234c738,2026-07-08 14:32:00,N/A,N/A,N/A,N/A
Loader Operators,Listed twenty two days ago,"Karratha,Port Hedland, Karratha & Pilbara WA",WA,N/A,Casual,https://www.seek.com.au/job/92745471?type=standard&ref=search-standalone#sol=39d65a1f897cb40e7a058b65fdef185e06e42e79,2026-07-08 14:32:00,N/A,N/A,N/A,N/A
All Round Plant Operators,Listed three days ago,Perth WA,WA,$55-$65 / Hr,Contract,https://www.seek.com.au/job/93127345?type=standard&ref=search-standalone#sol=b0491e351f6ee365f5f4d34ebf4f9f906b83708e,2026-07-08 14:32:00,N/A,N/A,N/A,N/A
MULTIPLE ROLES - Dozer / Grader / Loader / Dump Truck / Water Cart,Listed sixteen days ago,"Wiluna,Kalgoorlie, Goldfields & Esperance WA",WA,N/A,FIFO,https://www.seek.com.au/job/92849549?type=standard&ref=search-standalone#sol=01d50efdf6d79536896acec86ce55dc4792ae7bb,2026-07-08 14:32:00,N/A,N/A,N/A,N/A
Operator - CAT 992K,Listed ten hours ago,Perth WA,WA,N/A,Contract,https://www.seek.com.au/job/93192786?type=standard&ref=search-standalone#sol=c3850332757e5f861dea176cd6cd427607bbd2f7,2026-07-08 14:32:00,N/A,N/A,N/A,N/A
Loader Operator,Listed twelve days ago,"Wangara,Perth WA",WA,N/A,N/A,https://www.seek.com.au/job/92965592?type=standard&ref=search-standalone#sol=ea64e14fded4372c7f3e95e9aa9bf0185ed85f52,2026-07-08 14:32:00,N/A,N/A,N/A,N/A
Mobile Plant Operators,Listed eight days ago,"Mandurah,Mandurah & Peel WA",WA,Up to $40.20 p.h. + Penalties and allowances,Contract,https://www.seek.com.au/job/93023787?type=standard&ref=search-standalone#sol=56aacbb156f86c91b2aacccc126f2fbd34316d46,2026-07-08 14:32:00,N/A,N/A,N/A,N/A
ROM Loader Operator - Goldfields - 2/1 Roster,Listed fifteen days ago,Perth WA,WA,N/A,N/A,https://www.seek.com.au/job/92887534?type=standard&ref=search-standalone#sol=4fa2d74c652a738767c18671f8da5e1258509f44,2026-07-08 14:32:00,N/A,N/A,N/A,N/A
Crushing - Operator FIFO 2.1 Roster,Listed one day ago,Perth WA,WA,N/A,FIFO,https://www.seek.com.au/job/93169904?type=standard&ref=search-standalone#sol=4291a746f291b4c22ec1a8b95d9098b168fc47d9,2026-07-08 14:32:00,drug_alcohol_test|machinery_ticket,machinery_ticket|excavator_ticket,mid_level,"About UsAs an ASX-listed company, MLG Oz is a contractor of choice, employing more than 1,400 people across over 30 operational sites. We deliver a comprehensive range of services, including:Aggregate and sand supplyBulk haulage and integrated site servicesCrushing and screeningExport logisticsMLG Oz is guided by strong core values and is committed to fostering a diverse and inclusive workplace. We recognise that inclusion drives engagement, builds trust, encourages fresh perspectives, and supports innovation, ultimately enhancing our overall performance. Our people are our greatest asset, and through their collective efforts and contributions, we are able to achieve our objectives while maintaining an uncompromising commitment to the health and safety of our workforce, the environment, and the communities in which we operate.Upcoming Major Crushing Project | Goldfields | 2:1 Roster | Day & Night Shift OpportunitiesMLG Oz is preparing to mobilise for a significant new mobile crushing project locatedsouth of Kalgoorlie, with works scheduled to commence inlate July / early August.We are seeking experienced and safety-focusedCrushing Mobile Plant Operatorswho are looking to secure their next opportunity on a long-term project.What You’ll Be DoingYou won’t just operate machinery — you’ll own it.Run crushing and screening plant with precision and efficiencyManage feeding and tailing processes from the screenComplete detailed pre-start checks and documentation each shiftCarry out d"
Excavator Operator,Listed one day ago,"Rockingham,Perth WA",WA,$45 – $60 per hour,N/A,https://www.seek.com.au/job/93164195?type=standard&ref=search-standalone#sol=bec76121bb6629410b4df23ebce5f75367d4f894,2026-07-08 14:32:00,N/A,N/A,N/A,N/A
Mobile Plant Operators - FIFO,Listed seven days ago,Perth WA,WA,N/A,FIFO,https://www.seek.com.au/job/93065123?type=standard&ref=search-standalone#sol=093db021f3401507493e80576d9ed5b3639abf04,2026-07-08 14:32:00,N/A,N/A,N/A,N/A
Wheel Loader Operator,Listed nineteen days ago,"Welshpool,Perth WA",WA,N/A,N/A,https://www.seek.com.au/job/92815623?type=standard&ref=search-standalone#sol=52fd64eb2b08b20ddc51e6a3eadd0aae6ace2ad1,2026-07-08 14:32:00,N/A,N/A,N/A,N/A
Loader & Digger Operators + S26 Supervisor,Listed twelve hours ago,"Kalgoorlie,Kalgoorlie, Goldfields & Esperance WA",WA,$60 – $80 per hour,N/A,https://www.seek.com.au/job/93186098?type=standard&ref=search-standalone#sol=a6254ce6857ff91ab6d1d2b8ff0b8660cb955408,2026-07-08 14:32:00,N/A,N/A,N/A,N/A
EOI - Production Operators - Tennant Creek,Listed two days ago,Perth WA,WA,"2/2 Roster - 12.5 Hrs Paid - $4,800 - $6,000 Per week",Contract,https://www.seek.com.au/job/93136697?type=standard&ref=search-standalone#sol=19da8201c7535ddf5d2398b718643a28f7de0f5f,2026-07-08 14:32:00,N/A,N/A,N/A,N/A
Mobile Plant Mechanics & Auto Electricians,atDynamic Diesel Mechanical Services Pty Ltd,Perth WA,WA,N/A,Casual,https://www.seek.com.au/job/92994122?type=promoted&ref=search-standalone#sol=741ba29f98146efec922e747f4f158e19b06169b,2026-07-08 19:46:12,N/A,N/A,N/A,N/A
Mobile Plant Mechanics (Fulltime & Casual),atWestern Plant Hire (WA) Pty Ltd,atWestern Plant Hire (WA) Pty Ltd,WA,$60 – $75 per hour (Full Time & Casual),Casual,https://www.seek.com.au/job/93130770?type=promoted&ref=search-standalone#sol=8e7b179dd57a1d6c8dbf8ac49cc3c7a15e33cf46,2026-07-08 19:46:12,N/A,N/A,N/A,N/A
LV Mechanic Upskill to Mobile Plant Mechanic,Listed eighteen hours ago,Perth WA,WA,$50 per hour - Full Training Provided,N/A,https://www.seek.com.au/job/93186032?type=standard&ref=search-standalone#sol=b5b8af50c3c8156b57527ccf18afade17b3ea8b1,2026-07-08 19:46:12,N/A,N/A,N/A,N/A
Mobile Plant Mechanics & Auto Electricians,Listed nine days ago,Perth WA,WA,N/A,Casual,https://www.seek.com.au/job/92994122?type=standard&ref=search-standalone#sol=f7dec7415d7602c2c30195b53a5b3e25278d2020,2026-07-08 19:46:12,N/A,N/A,N/A,N/A
Mobile Plant Mechanic,Listed one day ago,"Belmont,Perth WA",WA,N/A,N/A,https://www.seek.com.au/job/93168350?type=standard&ref=search-standalone#sol=bb8a2f9a2fe6346802ec1d2128d7b159b96bf5da,2026-07-08 19:46:12,N/A,N/A,N/A,N/A
Plant Mechanic,Listed one day ago,"Kewdale,Perth WA",WA,Starting from $56.00 per hour base,N/A,https://www.seek.com.au/job/93164337?type=standard&ref=search-standalone#sol=d7d217c6a960cf07811b79c5ba18b25a6a006400,2026-07-08 19:46:12,N/A,N/A,N/A,N/A
Mobile Plant Mechanics (Fulltime & Casual),Listed two days ago,atWestern Plant Hire (WA) Pty Ltd,WA,$60 – $75 per hour (Full Time & Casual),Casual,https://www.seek.com.au/job/93130770?type=standard&ref=search-standalone#sol=075ca4b5f4bbee171797612fb2d9ac3a207f2a78,2026-07-08 19:46:12,N/A,N/A,N/A,N/A
Machine Rebuilds Mechanic - Underground,Listed nine hours ago,Perth WA,WA,N/A,N/A,https://www.seek.com.au/job/93203454?type=standard&ref=search-standalone#sol=87976e7f015ea8453390483128a819edf6351b3e,2026-07-08 19:46:12,N/A,N/A,N/A,N/A
Workshop Technician,Listed two days ago,"Welshpool,Perth WA",WA,N/A,N/A,https://www.seek.com.au/job/93144101?type=standard&ref=search-standalone#sol=8d349d9dc63406076242a85ca196ebce619eac3e,2026-07-08 19:46:12,N/A,N/A,N/A,N/A
Heavy Plant Mechanic FIELD SERVICE,Listed seven days ago,Perth WA,WA,$80 – $88 per hour,Contract,https://www.seek.com.au/job/93047530?type=standard&ref=search-standalone#sol=01112d58bfeedfe1e50404ee5055b426a80a2664,2026-07-08 19:46:12,N/A,N/A,N/A,N/A
Heavy Duty Field Mechanic,Listed six days ago,"Geraldton,Geraldton, Gascoyne & Midwest WA(Remote)",WA,$55 – $75 per hour,N/A,https://www.seek.com.au/job/93088007?type=standard&ref=search-standalone#sol=68bc42f49905ac17e49f34a223ec47ecd6820367,2026-07-08 19:46:12,N/A,N/A,N/A,N/A
Heavy Diesel Mechanic - Field Service,Listed two days ago,"Port Hedland,Port Hedland, Karratha & Pilbara WA",WA,Up to $78.00 per hour,Casual,https://www.seek.com.au/job/93141907?type=standard&ref=search-standalone#sol=d32dd6a29b8b83c76af4fb96a8b3ef9d4e7a3829,2026-07-08 19:46:12,N/A,N/A,N/A,N/A
Heavy Duty Diesel Mechanic | Kenworth | Cummins,Listed five days ago,"Maddington,Perth WA",WA,$55 – $70 per hour,Full-time,https://www.seek.com.au/job/93108785?type=standard&ref=search-standalone#sol=a8bd7368302e656ad475c9fbe00c65871a45dfbd,2026-07-08 19:46:12,N/A,N/A,N/A,N/A
Heavy Diesel Mechanic,Listed six days ago,"Port Hedland,Port Hedland, Karratha & Pilbara WA",WA,Up to $78.00 per hour,FIFO,https://www.seek.com.au/job/93069740?type=standard&ref=search-standalone#sol=b833f9627a52e22312a2729c77ddebbfbb776815,2026-07-08 19:46:12,N/A,N/A,N/A,N/A
Heavy Diesel Mechanic (FIELD SERVICE FLEXI ROSTER),Listed ten days ago,"Port Hedland,Karratha & Pilbara WA",WA,"$280,000 – $315,000 per year",N/A,https://www.seek.com.au/job/92987718?type=standard&ref=search-standalone#sol=3dddacc30ba5f3078e3a180f57a7c26c77db23a4,2026-07-08 19:46:12,N/A,N/A,N/A,N/A
Heavy Diesel Mechanic - Workshop,Listed sixteen hours ago,"Tom Price,Port Hedland, Karratha & Pilbara WA",WA,$140k - 150K,FIFO,https://www.seek.com.au/job/93189314?type=standard&ref=search-standalone#sol=ef765bd3ff68e252a3fcb0f5d1705edaceb3734a,2026-07-08 19:46:12,N/A,N/A,N/A,N/A
HEAVY DIESEL MECHANIC – Earn up to 300k Immediate Start,Listed thirteen days ago,Perth WA,WA,"$200,000 – $300,000 per year",Casual,https://www.seek.com.au/job/92937114?type=standard&ref=search-standalone#sol=0769c4262319bf5740f0136f0f6ad89aa47fba73,2026-07-08 19:46:12,N/A,N/A,N/A,N/A
Heavy Diesel Mechanic,Listed nine days ago,Perth WA,WA,$60 – $80 per hour,N/A,https://www.seek.com.au/job/92996186?type=standard&ref=search-standalone#sol=ba07359e223737d3455bc01bbdc3935ad46ae8f0,2026-07-08 19:46:12,N/A,N/A,N/A,N/A
Technician - Workshop,Listed seven days ago,"Welshpool,Perth WA",WA,N/A,N/A,https://www.seek.com.au/job/93060164?type=standard&ref=search-standalone#sol=dc33fd27a13f139d80e35a25c96c978c3967f4c7,2026-07-08 19:46:12,N/A,N/A,N/A,N/A
Heavy Duty Diesel Mechanic,Listed five days ago,"Perth Airport,Perth WA",WA,$70 – $105 per hour,Full-time,https://www.seek.com.au/job/93097188?type=standard&ref=search-standalone#sol=ccdd5f8178b019f0060824573b51ee8407d770ca,2026-07-08 19:46:12,N/A,N/A,N/A,N/A
Mobile Plant - Diesel Mechanics  FIFO/DIDO - Contract $85 - $95 p/hr,Listed two days ago,"Perth Airport,Perth WA",WA,$85 - $95 per hour,Contract,https://www.seek.com.au/job/93144816?type=standard&ref=search-standalone#sol=8be7aef32e8236e406187f2edb57b1a1a6cb1f57,2026-07-08 19:46:12,N/A,N/A,N/A,N/A
Heavy Diesel Mechanic (Casual or Full Time) – FIFO,Listed eighteen days ago,Perth WA,WA,$70 – $90 per hour,Contract,https://www.seek.com.au/job/92841120?type=standard&ref=search-standalone#sol=5569e159c75365694a04b71f3ef5540951761098,2026-07-08 19:46:12,N/A,N/A,N/A,N/A
Heavy Diesel Mechanic - Workshop,Listed two days ago,Perth WA,WA,N/A,N/A,https://www.seek.com.au/job/93142394?type=standard&ref=search-standalone#sol=2be3118cf3dc754d2944ff782fd15f0ad031db26,2026-07-08 19:46:12,N/A,N/A,N/A,N/A
Mobile Plant Mechanic / Drill,Listed twenty one days ago,"Forrestdale,Perth WA",WA,"$145,000 – $160,000 per year",FIFO,https://www.seek.com.au/job/92776780?type=standard&ref=search-standalone#sol=49fcbaba4be83e45cf95c65d4baa94c782be3870,2026-07-08 19:46:12,N/A,N/A,N/A,N/A
Heavy Diesel Mechanic,Listed five days ago,"Guildford,Perth WA",WA,"Up to $200,000 per year (Based on experience)",FIFO,https://www.seek.com.au/job/93107923?type=standard&ref=search-standalone#sol=a102b947ec707778c0ec52a477259eff3a7f3239,2026-07-08 19:46:12,N/A,N/A,N/A,N/A
LV MECHANIC,Listed eighteen hours ago,"Wedgefield,Port Hedland, Karratha & Pilbara WA",WA,$60 – $62 per hour,N/A,https://www.seek.com.au/job/93185079?type=standard&ref=search-standalone#sol=cd7483fd93a879f5e04b7b107d6bdd4b7dfd1668,2026-07-08 19:46:12,N/A,N/A,N/A,N/A
HD Mechanic - Component Rebuilds,Listed fourteen days ago,"Welshpool,Perth WA",WA,N/A,Contract,https://www.seek.com.au/job/92911808?type=standard&ref=search-standalone#sol=2dae0c878a93f58496738cb29fff8ce3bc7fd2e5,2026-07-08 19:46:12,N/A,N/A,mid_level,"Some fitters enjoy chasing breakdowns.Others enjoy pulling a component apart, finding what's worn and rebuilding it properly.If you're the second type, keep reading.We're looking for experienced HD Mechanics to join a specialist component rebuild workshop in Welshpool, working on some of the biggest mining equipment in Australia.What's in it for you?Every weekend is a long weekend with a 4 day work weekBrand new workshop with modern facilities and toolingSpecialist component rebuilds, no field service or breakdown chasingNo field service.No callouts.No breakdown chasing.Just quality rebuild work with a team that takes pride in doing the job properly.You'll be working on:CAT D10 - D11 DozersCAT 773 - 793 Haul TrucksCAT 16 - 24 GradersCAT 988 - 994 LoadersWhat the day looks like?Stripping and assessing componentsMeasuring wear and checking tolerancesIdentifying faults and failure pointsRebuilding to OEM specificationsCompleting final assembly and testingWorking alongside experienced rebuild specialistsWhat we're looking for?Trade qualified HD Fitter / Plant MechanicPrevious component rebuild experienceStrong mechanical aptitudePride in your workmanshipAbility to work independently and as part of a teamJoin a respected national company with a reputation for quality rebuilds for major mining customers across Australia.If you enjoy rebuild work and take pride in your work, we'd like to hear from you.Know someone who would be a great fit? Refer a successful candidate and receive a "
Mechanical Fitter,Listed two days ago,"Forrestdale,Perth WA",WA,"$80,000 – $90,000 per year",N/A,https://www.seek.com.au/job/93084624?type=standard&ref=search-standalone#sol=271ca770d8340777c2e3fd3038001d8298bd158c,2026-07-08 19:46:12,N/A,N/A,N/A,N/A
HD Mechanic - Field Service,Listed ten hours ago,Perth WA(Hybrid),WA,N/A,Casual,https://www.seek.com.au/job/93201969?type=standard&ref=search-standalone#sol=1c3fbea2342ab2809d4126d7294a8a6eef096974,2026-07-08 19:46:12,N/A,N/A,N/A,N/A
Component Mechanic,Listed eighteen hours ago,"High Wycombe,Perth WA",WA,$50 – $65 per hour,N/A,https://www.seek.com.au/job/93185337?type=standard&ref=search-standalone#sol=c3831d4bd726bfc68da15db4121fcb49ef08c937,2026-07-08 19:46:12,N/A,N/A,N/A,N/A
Heavy Duty Diesel Mechanic,Listed one day ago,"Myalup,Bunbury & South West WA",WA,N/A,N/A,https://www.seek.com.au/job/93168781?type=standard&ref=search-standalone#sol=4289abf46cbcbea6fd8ae26179293062f7745fa1,2026-07-08 19:46:12,N/A,N/A,N/A,N/A
Fitter or Plant Mechanic | FIFO | 8:6,Listed twenty three days ago,Perth WA,WA,N/A,FIFO,https://www.seek.com.au/job/92713205?type=standard&ref=search-standalone#sol=e3d493cb2e534d71c9159acc8d4896134060ce94,2026-07-08 19:46:12,N/A,N/A,N/A,N/A
Production Dump Truck Operator,atTechforce Personnel Pty.,Perth WA,WA,N/A,Casual,https://www.seek.com.au/job/92830495?type=promoted&ref=search-standalone#sol=a511c4cd9340eb8cb83e81cbd29155845ffbd778,2026-07-09 03:54:53,N/A,N/A,N/A,N/A
General Expressions of Interest - Dump Truck Operators,atCITIC Pacific Mining Management Pty Ltd,Perth WA,WA,N/A,FIFO,https://www.seek.com.au/job/92850179?type=promoted&ref=search-standalone#sol=890788486867db16045122280e7dfe08645ec585,2026-07-09 03:54:53,N/A,N/A,N/A,N/A
Dump Truck Operator,Listed one day ago,Perth WA,WA,$53-$56/hr. + 12% super,Contract,https://www.seek.com.au/job/93189880?type=standard&ref=search-standalone#sol=01a318ef30175c8def80cc1b62ce02c802fa1190,2026-07-09 03:54:53,N/A,N/A,N/A,N/A
DUMP TRUCK OPERATORS | ASAP STARTS | LONG-TERM FIFO WORK,Listed three hours ago,Perth WA,WA,$55 - $58.02 p.h.,FIFO,https://www.seek.com.au/job/93210679?type=standard&ref=search-standalone#sol=7dd9a4d5410f680d1e97081511cb1e80ac43d4f9,2026-07-09 03:54:53,N/A,N/A,N/A,N/A
Dump Truck Operator,Listed one day ago,Perth WA,WA,N/A,N/A,https://www.seek.com.au/job/93167471?type=standard&ref=search-standalone#sol=de15e1970c58d3a6c30fd00409f5928233b52520,2026-07-09 03:54:53,N/A,N/A,N/A,N/A
Dump Truck Operator,Listed one day ago,"Kalgoorlie,Kalgoorlie, Goldfields & Esperance WA",WA,N/A,FIFO,https://www.seek.com.au/job/93172045?type=standard&ref=search-standalone#sol=841520d1c3fa4f9a00aa2dadf8f12c4051559f93,2026-07-09 03:54:53,N/A,N/A,N/A,N/A
Dump Truck Operators  | FIFO Perth | 2/1,Listed three days ago,Perth WA,WA,$55 – $57 per hour,Casual,https://www.seek.com.au/job/93130659?type=standard&ref=search-standalone#sol=a064b52a6ef9301d7e38d761fe979295c22ed7d5,2026-07-09 03:54:53,N/A,N/A,N/A,N/A
(DIDO or BIBO/RESIDENTIAL KALGOORLIE) Dump Truck Operators $55 Per Hour,Listed twelve days ago,"Kalgoorlie,Kalgoorlie, Goldfields & Esperance WA",WA,$55 PER HOUR + SUPER | 12.5 HOUR DAYS | WEEKLY PAY,Casual,https://www.seek.com.au/job/92968357?type=standard&ref=search-standalone#sol=6c48a6b4884ff5359739ec2a27aba2b314cce4c4,2026-07-09 03:54:53,N/A,N/A,N/A,N/A
Goldfields WA- Dump Truck Operator,Listed fifteen days ago,Perth WA,WA,N/A,Contract,https://www.seek.com.au/job/92910123?type=standard&ref=search-standalone#sol=2ad80223ed1457ac159b45eac08fb3dd2a62912f,2026-07-09 03:54:53,drug_alcohol_test,machinery_ticket,mid_level,"Who are we?Our specialist business connects skilled professionals across Mining and Resources, Shutdowns, Civil Construction, and Industrial Services.The OpportunityWe are currently seeking experiencedDump Truck Operatorsto join long-term open pit gold projects across theGoldfields and Mid-West regions of WA.You’ll be working within ahigh-performing production team, operating a modern fleet on multi-year projects with strong job stability.What’s on Offer2:1 FIFO roster (days & nights)FIFO fromPerthCompetitive rates:up to $55 per hourWork onbrand new / low-hour equipmentOpportunity forupskilling and multi-skillingStrong team culture and site supportDump Truck OperatorsOperateKomatsu 785-7, HD1500-8 & CAT 777 trucksSupport load and haul operations in production mining environmentsKey ResponsibilitiesOperate machinery safely and efficiently in a production environmentConduct pre-starts, inspections, and hazard identificationFollow site procedures and safety standardsWork collaboratively with crews and supervisorsAbout YouMinimum12+ months production mining experience(open cut preferred)Experience onCAT and/or Komatsu equipmentStrong ability inhigh-volume production environmentsCurrentWA Driver’s LicenceAbility to passpre-employment medical & drug/alcohol screenCurrentNational Police ClearanceFull Australian working rightsHighly RegardedGPS experience (Trimble)Experience backing under120–200T excavatorsWatercart or grader experienceLocal Candidates EncouragedCandidates based near"
Dump Truck Operators - 2/2 Roster - $55 Per Hour,Listed nine days ago,Perth WA,WA,$55+ Per Hour + Super | Weekly Pay | 12 Hour Days,Casual,https://www.seek.com.au/job/93022277?type=standard&ref=search-standalone#sol=053892bf8f2fefae67dfca9e0e03e9f9f6e87570,2026-07-09 03:54:53,N/A,N/A,N/A,N/A
Dump Truck Operator - Multiple sites and rosters,Listed six days ago,Perth WA,WA,$55-$63 p/h,Contract,https://www.seek.com.au/job/93098553?type=standard&ref=search-standalone#sol=08d4e03b8faacee7f43b51877f55e0785073d965,2026-07-09 03:54:53,N/A,N/A,N/A,N/A
FIFO Dump Truck Operator,Listed two days ago,Perth WA,WA,N/A,Casual,https://www.seek.com.au/job/93148285?type=standard&ref=search-standalone#sol=51e2dab47f7f70787d6837d4c9292f605f09bde0,2026-07-09 03:54:53,N/A,N/A,N/A,N/A
Entry Level - Dump Truck / Loader Operator - Mine Site,Listed fourteen days ago,"Kalgoorlie,Kalgoorlie, Goldfields & Esperance WA",WA,$40 – $50 per hour,N/A,https://www.seek.com.au/job/92921796?type=standard&ref=search-standalone#sol=03a21165dc647bf109d8fc12037868e27a9c464c,2026-07-09 03:54:53,N/A,N/A,N/A,N/A
Dump Truck CAT 785 | 793 & Electric,Listed three days ago,Perth WA,WA,$57 – $61 per hour,Casual,https://www.seek.com.au/job/93131355?type=standard&ref=search-standalone#sol=191ee38507e3578d9d23c7f538c78eb3a392aaa7,2026-07-09 03:54:53,N/A,N/A,N/A,N/A
Dump Truck Operator - Yilgarn Region - Iron Ore,Listed five days ago,Perth WA,WA,N/A,Contract,https://www.seek.com.au/job/93110264?type=standard&ref=search-standalone#sol=4ba4d997f2cc8d66f53770ff41a148deedc24b65,2026-07-09 03:54:53,N/A,N/A,N/A,N/A
Electric Drive  Dump Truck Operators -FIFO from Perth WA,Listed five days ago,"Port Hedland,Karratha & Pilbara WA",WA,Hourly rate is $60 PH and long term role,Contract,https://www.seek.com.au/job/93116431?type=standard&ref=search-standalone#sol=a73c59134b4f1e32893129d3322d701bd7968837,2026-07-09 03:54:53,N/A,N/A,N/A,N/A
Dump Truck Operator,Listed twenty two days ago,Perth WA,WA,"$55/hr, immediate start",Contract,https://www.seek.com.au/job/92751243?type=standard&ref=search-standalone#sol=394de1f7d11de4ae1857ccc97da3676b60ec60a6,2026-07-09 03:54:53,N/A,N/A,N/A,N/A
MULTIPLE ROLES - Dozer / Grader / Loader / Dump Truck / Water Cart,Listed seventeen days ago,"Wiluna,Kalgoorlie, Goldfields & Esperance WA",WA,N/A,FIFO,https://www.seek.com.au/job/92849549?type=standard&ref=search-standalone#sol=0c5612fc73b2b28b0a6adf3c6a06093d3a8f3fe3,2026-07-09 03:54:53,N/A,N/A,N/A,N/A
Mobile Plant Operators | BIBO and DIDO,Listed one day ago,"Boddington,Mandurah & Peel WA",WA,$50 – $64 per hour PLUS Super,Contract,https://www.seek.com.au/job/93187309?type=standard&ref=search-standalone#sol=ed4ff1297970f67d8f484002bb8b7d67c3a3caa4,2026-07-09 03:54:53,N/A,N/A,N/A,N/A
Dump Truck Operator,Listed twenty eight days ago,Perth WA,WA,$57.69 per hour,Contract,https://www.seek.com.au/job/92634240?type=standard&ref=search-standalone#sol=9f450a8c5f37ed2426fe06f532937619b9818b1f,2026-07-09 03:54:53,N/A,N/A,N/A,N/A
Mobile Plant Operators - Truck,Listed one day ago,"Byford,Mandurah & Peel WA",WA,N/A,N/A,https://www.seek.com.au/job/93183436?type=standard&ref=search-standalone#sol=ad42dd062bb7167daf4e51c1c571dd9b713bc450,2026-07-09 03:54:53,N/A,N/A,N/A,N/A
Dump Truck Operator,Listed five days ago,Perth WA,WA,N/A,N/A,https://www.seek.com.au/job/93115397?type=standard&ref=search-standalone#sol=6ed2c436e812d859c832770f88e350c37c26824f,2026-07-09 03:54:53,N/A,N/A,N/A,N/A
Dump Truck Operator,Listed twenty six days ago,Perth WA,WA,"$2,500 sign on bonus, great benefits and culture",Casual,https://www.seek.com.au/job/92694061?type=standard&ref=search-standalone#sol=7cae126b3f307932f8ea9c16ff0c261c26670899,2026-07-09 03:54:53,N/A,N/A,N/A,N/A
Dump Truck Operators,Listed twenty three days ago,"Boddington,Mandurah & Peel WA",WA,N/A,Casual,https://www.seek.com.au/job/92742590?type=standard&ref=search-standalone#sol=eada5a1e092d61b7e574c52bb5eb6519bb427cca,2026-07-09 03:54:53,N/A,N/A,N/A,N/A
Dump Truck Operators,Listed fifteen days ago,Perth WA,WA,$56/hr + Superannuation paid on all hours,FIFO,https://www.seek.com.au/job/92893107?type=standard&ref=search-standalone#sol=dbb41e4fb26ef3eeee8b7f35af41dd23dbe17b97,2026-07-09 03:54:53,N/A,N/A,N/A,N/A
30x Dump Truck Operators $55 - $58 Per Hour,Listed twelve days ago,Perth WA,WA,$55 - $58 PER HOUR + SUPER | 12.5 HOUR DAYS | WEEKLY PAY,Casual,https://www.seek.com.au/job/92968038?type=standard&ref=search-standalone#sol=7e5f091684331d8060752b36cd0ddd7d1e139da8,2026-07-09 03:54:53,N/A,N/A,N/A,N/A
Dump Truck Operator,Listed nineteen days ago,Perth WA,WA,$57 - $63 p.h. + Super on all hours + Weekly Pay,Contract,https://www.seek.com.au/job/92825951?type=standard&ref=search-standalone#sol=498f9acf4d4cd8f11413d7e7b1a1d4e8a11f5a16,2026-07-09 03:54:53,N/A,N/A,N/A,N/A
Dump Truck Operator,Listed twenty six days ago,Perth WA,WA,"$2,500 sign on bonus, great benefits and culture",FIFO,https://www.seek.com.au/job/92694063?type=standard&ref=search-standalone#sol=9dbfef99f11efb40903e41e73359c7c36443513b,2026-07-09 03:54:53,N/A,N/A,N/A,N/A
Dump Truck Operator,Listed nineteen days ago,Perth WA,WA,N/A,N/A,https://www.seek.com.au/job/92839456?type=standard&ref=search-standalone#sol=449867ab44d368c122600969198ba0422204fdde,2026-07-09 03:54:53,N/A,N/A,N/A,N/A
Dump Truck Operators,Listed nineteen days ago,Perth WA,WA,$55/hr + Super on all hours worked,FIFO,https://www.seek.com.au/job/92828607?type=standard&ref=search-standalone#sol=3d65a65fc4b921f3d175763ff5c7ef9211465fae,2026-07-09 03:54:53,N/A,N/A,N/A,N/A
Dump Truck Operator - Northern Star Surface Mining,Listed sixteen days ago,Perth WA,WA,N/A,FIFO,https://www.seek.com.au/job/92858740?type=standard&ref=search-standalone#sol=2ff9c53119de76cd6aa62aa9bbb418450d763879,2026-07-09 03:54:53,N/A,N/A,N/A,N/A
Dump Truck Operator - Iron Bridge,Listed fourteen days ago,Perth WA,WA,N/A,N/A,https://www.seek.com.au/job/92914122?type=standard&ref=search-standalone#sol=47089d307d67a90bcce8e02fde9e424ffa411e80,2026-07-09 03:54:53,N/A,N/A,N/A,N/A
Process Operator,Process OperatoratWiluna Mining,"Wiluna,Kalgoorlie, Goldfields & Esperance WA",WA,N/A,N/A,https://www.seek.com.au/job/93034695?type=promoted&ref=search-standalone#sol=8c6570a0a1f331298d8a543248a245cf2b452779,2026-07-09 15:26:34,N/A,N/A,N/A,N/A
Production Technician,Production TechnicianatJadestone Energy,Perth WA,WA,N/A,N/A,https://www.seek.com.au/job/93220764?type=promoted&ref=search-standalone#sol=502d701804560a082ca7d40d227a23b922144a6f,2026-07-09 15:26:34,N/A,N/A,N/A,N/A
Production Operator,Listed one day ago,"Bentley,Perth WA",WA,N/A,N/A,https://www.seek.com.au/job/93187411?type=standard&ref=search-standalone#sol=4747106d2a04782ae05e4bae14003fa90186d005,2026-07-09 15:26:34,N/A,N/A,N/A,N/A
Production Operator,Listed three days ago,"Collie,Bunbury & South West WA",WA,N/A,N/A,https://www.seek.com.au/job/93132315?type=standard&ref=search-standalone#sol=3e5001bd5eaf2181af540e52d057bf2183809545,2026-07-09 15:26:34,N/A,N/A,N/A,N/A
Process Operator,Listed thirteen hours ago,Perth WA,WA,$65 an hour!,Contract,https://www.seek.com.au/job/93213068?type=standard&ref=search-standalone#sol=2cee9a512ba689f379dcfa991a7cdd5afe59df0f,2026-07-09 15:26:34,N/A,N/A,N/A,N/A
Production Operator / Grain handler,Listed six days ago,"Hope Valley,Perth WA",WA,N/A,N/A,https://www.seek.com.au/job/93113669?type=standard&ref=search-standalone#sol=17c2d1ac9203841076166836bca13234439cd0ad,2026-07-09 15:26:34,N/A,forklift_license|machinery_ticket,N/A,"Demeter Grains, an International Export Grain Packing and Trading company based in Hope Valley, is seeking an enthusiastic individuals to join the production team. They will play a vital role in maintaining the reputation of Demeter Grains as a reliable source of safe and high-quality products.Key Responsibilities:Operating machinery and equipment in line with production requirementsLoading and unloading of trucks and containersEnsuring product quality and consistency through regular checksManual handling, lifting bags (up to 25 kg) and maintaining clean work areasFollowing workplace health & safety procedures and company policiesAssisting with general production line duties as requiredAbout You:Physically fit and capable of manual handlingStrong attention to detail and quality controlReliable, punctual, and a team playerPrevious experience in food or feed production (preferred but not essential)Forklift license (desirable but not mandatory)Ability to work autonomouslyGood verbal and written communication skills.Ability to work well under pressure and to meet deadlines.What We Offer:Ongoing work with casual and permanent opportunitiesSupportive team environmentOn-the-job training providedOpportunity to be part of a growing company in the agricultural sectorCareer ProgressionThe position is predominately working Monday to Friday, starting 6am-4pm. Minimum 40hr weeksPrevious experience in grain handling or container logistics is not required, however will be looked upon favorab"
Packaging Machine Operator,Listed two days ago,"Forrestfield,Perth WA",WA,N/A,N/A,https://www.seek.com.au/job/93164748?type=standard&ref=search-standalone#sol=320a53c16de90c947096f060b7616780b9fd62d2,2026-07-09 15:26:34,N/A,N/A,N/A,N/A
Production Operator,Listed sixteen days ago,"Harvey,Bunbury & South West WA",WA,$30.4677 per hour plus superannuation,N/A,https://www.seek.com.au/job/92881881?type=standard&ref=search-standalone#sol=4fbbf955c2bb79342db106dfb1882bd13a46efe8,2026-07-09 15:26:34,N/A,N/A,N/A,N/A
Production Operator,Listed eight days ago,"Palmyra,Perth WA",WA,N/A,N/A,https://www.seek.com.au/job/93051052?type=standard&ref=search-standalone#sol=a272709961ca38abe5d89526c457b81026f3dbe3,2026-07-09 15:26:34,N/A,N/A,N/A,N/A
Manufacturing Process Operator,Listed one day ago,Perth WA,WA,N/A,Contract,https://www.seek.com.au/job/93185121?type=standard&ref=search-standalone#sol=8b69b405953b7a7ae5ae56ee2466521ec4964b6b,2026-07-09 15:26:34,N/A,N/A,N/A,N/A
Process Operator,Listed sixteen hours ago,"Kalgoorlie,Kalgoorlie, Goldfields & Esperance WA",WA,N/A,FIFO,https://www.seek.com.au/job/93208976?type=standard&ref=search-standalone#sol=4fabe6c8d65a69853b31ae7141896992d3a8e44c,2026-07-09 15:26:34,N/A,N/A,N/A,N/A
Production Operator,Listed twenty days ago,"Canning Vale,Perth WA",WA,$33 – $37 per hour,Casual,https://www.seek.com.au/job/92826112?type=standard&ref=search-standalone#sol=36fa679b5b8091d96e05136f899e47e30cfc7d33,2026-07-09 15:26:34,N/A,N/A,N/A,N/A
Process Operator,Listed nine days ago,"Wiluna,Kalgoorlie, Goldfields & Esperance WA",WA,N/A,N/A,https://www.seek.com.au/job/93034695?type=standard&ref=search-standalone#sol=7a18983912c838163373c5550c7604606399eb6e,2026-07-09 15:26:34,N/A,N/A,N/A,N/A
Operator Refinery Process,Listed two days ago,"Collie,Bunbury & South West WA",WA,N/A,N/A,https://www.seek.com.au/job/93172858?type=standard&ref=search-standalone#sol=8b45fedc0cb858a4891f6d1886f8cec86b37cc59,2026-07-09 15:26:34,N/A,N/A,N/A,N/A
Production Operator - Manufacturing,Listed twenty three days ago,"Hazelmere,Perth WA",WA,N/A,N/A,https://www.seek.com.au/job/92741487?type=standard&ref=search-standalone#sol=7912ec66f83ac055e08269ad1ca33b85ddeee359,2026-07-09 15:26:34,N/A,N/A,N/A,N/A
Production Operator,Listed twenty one days ago,"Welshpool,Perth WA",WA,$31.19 per hour plus super,Casual,https://www.seek.com.au/job/92804548?type=standard&ref=search-standalone#sol=b78e92b1af2aa80c8c5a4d0472083fdd38146ba2,2026-07-09 15:26:34,N/A,N/A,N/A,N/A
Production Technician,Listed ten hours ago,Perth WA,WA,N/A,N/A,https://www.seek.com.au/job/93220764?type=standard&ref=search-standalone#sol=087ce0610e050cb705f7593fc9ae57cf5b0cf36a,2026-07-09 15:26:34,N/A,N/A,N/A,N/A
Production Operator,Listed two days ago,"Bibra Lake,Perth WA",WA,N/A,Full-time,https://www.seek.com.au/job/93165837?type=standard&ref=search-standalone#sol=c58fc92906d88a94671e93277b4fa174a3414191,2026-07-09 15:26:34,N/A,N/A,N/A,N/A
Fixed Plant Process Operator,Listed thirteen days ago,"Bunbury,Bunbury & South West WA",WA,N/A,FIFO,https://www.seek.com.au/job/92965659?type=standard&ref=search-standalone#sol=9cefe8a7988fb3f022d80376df1674109d2c3865,2026-07-09 15:26:34,N/A,N/A,N/A,N/A
Machine Operator,Listed fourteen days ago,"Welshpool,Perth WA",WA,N/A,N/A,https://www.seek.com.au/job/92946278?type=standard&ref=search-standalone#sol=6dfbeeab2738619fc5ac56ee9f78e95ea1a94c92,2026-07-09 15:26:34,N/A,N/A,N/A,N/A
Process Operator,Listed fourteen days ago,"Port Hedland,Karratha & Pilbara WA",WA,N/A,Contract,https://www.seek.com.au/job/92944607?type=standard&ref=search-standalone#sol=2675e74e3e6b521b65eecbe6c8bca15492f41daa,2026-07-09 15:26:34,N/A,N/A,N/A,N/A
Process Operator – Chemical Plant,Listed twenty two days ago,"Kwinana Beach,Perth WA",WA,N/A,FIFO,https://www.seek.com.au/job/92769567?type=standard&ref=search-standalone#sol=751878874809819d4b1e9ac105177a2df8ebfa8e,2026-07-09 15:26:34,N/A,N/A,N/A,N/A
Process Operator,Listed seven days ago,Perth WA,WA,N/A,FIFO,https://www.seek.com.au/job/93082339?type=standard&ref=search-standalone#sol=81b6266cf06a2fae8968f80382a27675dacd5745,2026-07-09 15:26:34,N/A,N/A,N/A,N/A
Process/ Paste Plant Operator,Listed twenty days ago,Perth WA,WA,N/A,FIFO,https://www.seek.com.au/job/92831326?type=standard&ref=search-standalone#sol=094029997c2bc413d8accbaff47bcbcdeef70168,2026-07-09 15:26:34,N/A,N/A,N/A,N/A
Process Operator,Listed nine days ago,Perth WA,WA,N/A,FIFO,https://www.seek.com.au/job/93020172?type=standard&ref=search-standalone#sol=59079e2f61df2600924dfbe759521f22f638a2e4,2026-07-09 15:26:34,N/A,N/A,N/A,N/A
Production Machine Operator/Factoryhand,Listed sixteen days ago,"Northern Suburbs & Joondalup,Perth WA",WA,N/A,Casual,https://www.seek.com.au/job/92878195?type=standard&ref=search-standalone#sol=9189d564fa5e1c3156af53d7a91ce1b371806e41,2026-07-09 15:26:34,N/A,N/A,N/A,N/A
Production Operator,Listed twenty nine days ago,"Canning Vale,Perth WA",WA,Up to $35 p.h.,Contract,https://www.seek.com.au/job/92626332?type=standard&ref=search-standalone#sol=1f9bf73ccdc5249b06b995b48ada0a0a45127f0d,2026-07-09 15:26:34,N/A,N/A,N/A,N/A
Process Operator,Listed one day ago,"Port Hedland,Port Hedland, Karratha & Pilbara WA",WA,Day shift $42.00hr flat rate. 10 hour days. 6am starts,FIFO,https://www.seek.com.au/job/93184641?type=standard&ref=search-standalone#sol=9281ddd47d0da046c96d785854ff039f0857f02c,2026-07-09 15:26:34,N/A,N/A,N/A,N/A
Process Operator,Listed fifteen days ago,"Kwinana Town Centre,Perth WA",WA,N/A,N/A,https://www.seek.com.au/job/92904953?type=standard&ref=search-standalone#sol=c69dba1a258ed5b4af73500c02ba198eb36a99f5,2026-07-09 15:26:34,N/A,N/A,N/A,N/A
Machine Operator - Kwinana Beach,Listed seven days ago,"Kwinana Beach,Perth WA",WA,N/A,Contract,https://www.seek.com.au/job/93080692?type=standard&ref=search-standalone#sol=f9bb4a473abb30945a403d2aea61fa1d23935248,2026-07-09 15:26:34,N/A,N/A,N/A,N/A
Machine Operator - Kwinana,Listed seven days ago,"Kwinana Beach,Perth WA",WA,N/A,Contract,https://www.seek.com.au/job/93080421?type=standard&ref=search-standalone#sol=faa3af6f70fce6e9db1d38456958fcfa82f23692,2026-07-09 15:26:34,N/A,N/A,N/A,N/A
Process Technician,Listed one day ago,"Newman,Port Hedland, Karratha & Pilbara WA",WA,N/A,N/A,https://www.seek.com.au/job/93188048?type=standard&ref=search-standalone#sol=3b58e95e7089731deceabc0eb2e2d14405b8533f,2026-07-09 15:26:34,N/A,N/A,N/A,N/A
D10T Dozer operator - Toodyay,atMHM Plant Services,Perth WA,WA,$65 – $75 per hour,Casual,https://www.seek.com.au/job/93165126?type=promoted&ref=search-standalone#sol=ba3dfc173ea34ca299f26586a19b293fab94978f,2026-07-10 09:50:29,N/A,N/A,N/A,N/A
Dozer Operators - Perth,atConnect Resources Pty Ltd,Perth WA,WA,N/A,N/A,https://www.seek.com.au/job/93161336?type=promoted&ref=search-standalone#sol=19e07f3f46576760768f3614125aef28c3182d0d,2026-07-10 09:50:29,N/A,N/A,N/A,N/A
Dozer Operator,Listed one day ago,"Midland,Perth WA",WA,$59 - $60 p.h. + Fuel Assistance,Contract,https://www.seek.com.au/job/93224787?type=standard&ref=search-standalone#sol=2946bedb81f532f127f8a59fc53069c28b2251ce,2026-07-10 09:50:29,N/A,N/A,N/A,N/A
D10T Dozer operator - Toodyay,Listed three days ago,Perth WA,WA,$65 – $75 per hour,Casual,https://www.seek.com.au/job/93165126?type=standard&ref=search-standalone#sol=2832b37c94c990330234d6a6c899b6b69f12cc82,2026-07-10 09:50:29,N/A,N/A,N/A,N/A
Dozer Operators - Perth,Listed three days ago,Perth WA,WA,N/A,N/A,https://www.seek.com.au/job/93161336?type=standard&ref=search-standalone#sol=639ff93b49104296db549ca74df07d625722ae04,2026-07-10 09:50:29,N/A,N/A,N/A,N/A
Dozer Operator,Listed eight hours ago,Perth WA,WA,N/A,Contract,https://www.seek.com.au/job/93237943?type=standard&ref=search-standalone#sol=14d03438c3886e553efbb3738b884ebb2c0e80fb,2026-07-10 09:50:29,N/A,N/A,N/A,N/A
D10 Dozer Operator,Listed two days ago,Perth WA,WA,$65-$75/hr depending on experience,Casual,https://www.seek.com.au/job/93197516?type=standard&ref=search-standalone#sol=7e651cdc2cd1372590b530932275464bed5dd059,2026-07-10 09:50:29,N/A,N/A,N/A,N/A
Dozer Operator,Listed eleven days ago,"Toodyay,Northam & Wheatbelt WA",WA,N/A,Contract,https://www.seek.com.au/job/92996979?type=standard&ref=search-standalone#sol=3e0db551c4766aa951ed0e9aa018c8d27642bc53,2026-07-10 09:50:29,N/A,N/A,N/A,N/A
All Rounder - Mainly Dozer,Listed one day ago,Perth WA,WA,$81.60 per hour nightshift,FIFO,https://www.seek.com.au/job/93226161?type=standard&ref=search-standalone#sol=b80e7c0f1461cd72be6f1ba6766d9b9661692923,2026-07-10 09:50:29,N/A,N/A,N/A,N/A
Excavator/Dozer Operators,Listed one day ago,Perth WA,WA,N/A,Contract,https://www.seek.com.au/job/93217120?type=standard&ref=search-standalone#sol=104d201f83ea30d2db47d6c4dcfe15b8241ab2d3,2026-07-10 09:50:29,N/A,N/A,N/A,N/A
Dozer Operator,Listed three days ago,"Boddington,Mandurah & Peel WA",WA,N/A,Contract,https://www.seek.com.au/job/93173064?type=standard&ref=search-standalone#sol=331c4c588d2f7c4d780fa348965d3294e1371cca,2026-07-10 09:50:29,N/A,N/A,N/A,N/A
D10 Dozer Operator,Listed one day ago,"Newman,Port Hedland, Karratha & Pilbara WA",WA,N/A,Contract,https://www.seek.com.au/job/93211274?type=standard&ref=search-standalone#sol=0190669dffd46bc60715d1c7e9546090eac797ed,2026-07-10 09:50:29,N/A,N/A,N/A,N/A
CAT D10 Dozer Operators | FIFO,Listed two days ago,Perth WA,WA,$65 - $75 + Superannuation,FIFO,https://www.seek.com.au/job/93196539?type=standard&ref=search-standalone#sol=e6259c750edd318fa116e6d4e893ba9dbb2a8147,2026-07-10 09:50:29,N/A,N/A,N/A,N/A
Ancillary Mobile Plant Operators (Dozer / Loader) Newly-created roles,Listed one hour ago,"Port Hedland,Port Hedland, Karratha & Pilbara WA",WA,N/A,FIFO,https://www.seek.com.au/job/93253059?type=standard&ref=search-standalone#sol=34e44964fe601907eb7b602dac54805cd189fb02,2026-07-10 09:50:29,N/A,N/A,N/A,N/A
Excavator & Dozer Operators,Listed six hours ago,Perth WA,WA,Up to $80/hr | Weekly pay + Super on all hours,Contract,https://www.seek.com.au/job/93242758?type=standard&ref=search-standalone#sol=09a57d56efa2e1e6adb6f6bccb07640f63d3f1de,2026-07-10 09:50:29,N/A,N/A,N/A,N/A
Dozer Operator,Listed four days ago,Perth WA,WA,N/A,FIFO,https://www.seek.com.au/job/93131654?type=standard&ref=search-standalone#sol=920100fbfe7ff02a39ebbaa851c8f03f710c1f96,2026-07-10 09:50:29,N/A,N/A,N/A,N/A
Loader Operator,Listed two days ago,"Toodyay,Northam & Wheatbelt WA",WA,N/A,N/A,https://www.seek.com.au/job/93199234?type=standard&ref=search-standalone#sol=0fa1dd65eabf477a55319a4f43347ec0691559dd,2026-07-10 09:50:29,N/A,N/A,N/A,N/A
Surge Pile Dozer Operator,Listed three days ago,"Boddington,Mandurah & Peel WA",WA,N/A,Contract,https://www.seek.com.au/job/93173597?type=standard&ref=search-standalone#sol=b06af48c7dde9899168d9108da130127b65c495f,2026-07-10 09:50:29,N/A,N/A,N/A,N/A
Dozer Operators FIFO,Listed seven days ago,Perth WA,WA,$68.26-$72.31/hr,Contract,https://www.seek.com.au/job/93103799?type=standard&ref=search-standalone#sol=c0a604e1adf13bf752e05b8633c04bafbaef16e6,2026-07-10 09:50:29,N/A,N/A,N/A,N/A
FIFO Dozer & Multi Skilled Operators | $61 - $70 p/h | 2/1 FIFO Perth,Listed one day ago,"Perth Airport,Perth WA(Remote)",WA,$61 - $70 p/h,Contract,https://www.seek.com.au/job/93220645?type=standard&ref=search-standalone#sol=88d879f7155d59ee5104c9c07db9e462dd11114c,2026-07-10 09:50:29,N/A,N/A,N/A,N/A
All Round Operators,Listed one day ago,"Cooljarloo,Northam & Wheatbelt WA",WA,$55 – $60 per hour,N/A,https://www.seek.com.au/job/93210077?type=standard&ref=search-standalone#sol=dc0bfb0c10b1b012641f2b100b2baf637651362d,2026-07-10 09:50:29,N/A,N/A,N/A,N/A
Dozer Operator,Listed seven days ago,Perth WA,WA,Rates approx. $80/hr,Contract,https://www.seek.com.au/job/93100802?type=standard&ref=search-standalone#sol=c60fa8811b0341ac351121f06299de3e7f5ba968,2026-07-10 09:50:29,N/A,N/A,N/A,N/A
30x Mobile Plant Operator Up To $75 Per Hour**,Listed seven days ago,Perth WA,WA,30+ VACANCIES | ASAP STARTS | UP TO $75 PER HOUR,Casual,https://www.seek.com.au/job/93098382?type=standard&ref=search-standalone#sol=a339707710ee78f03838d480ab5b82e33c796946,2026-07-10 09:50:29,N/A,N/A,N/A,N/A
Dozer Operator,Listed seven days ago,Perth WA,WA,"Dozer Operator for Goldfields earthworks, paying a flat $60/hr",Contract,https://www.seek.com.au/job/93109415?type=standard&ref=search-standalone#sol=2c8696657fe5cbdab732d821c4259c408815cc9f,2026-07-10 09:50:29,N/A,N/A,N/A,N/A
FIFO - Dozer / Excavator Operator,Listed four days ago,Perth WA,WA,$60 – $65 per hour (Based on experience),Casual,https://www.seek.com.au/job/93146084?type=standard&ref=search-standalone#sol=f6b83a41221a2ccbc8d3b701b714223def978f93,2026-07-10 09:50:29,N/A,N/A,N/A,N/A
Experienced gps dozer and grader operator,Listed fourteen days ago,"Kalgoorlie,Kalgoorlie, Goldfields & Esperance WA",WA,$65 – $80 per hour,Casual,https://www.seek.com.au/job/92967768?type=standard&ref=search-standalone#sol=b8d77f5ec249da3d5124eec1a3d383218514cd97,2026-07-10 09:50:29,N/A,N/A,N/A,N/A
Operator Dozer,Listed four days ago,"Laverton,Kalgoorlie, Goldfields & Esperance WA",WA,"$2500 sign on bonus, competitive rates and superannuation paid on all hours",N/A,https://www.seek.com.au/job/93145293?type=standard&ref=search-standalone#sol=7ad258d6ee2014a4d5cd47db6a5b476a8f93fa60,2026-07-10 09:50:29,N/A,N/A,N/A,N/A
Mobile Plant Operators,Listed three days ago,Perth WA,WA,$45 – $65 per hour,Contract,https://www.seek.com.au/job/93160605?type=standard&ref=search-standalone#sol=c6d380b8dbd210679803202eba2752f30715b49e,2026-07-10 09:50:29,N/A,N/A,N/A,N/A
Excavator & All-Round Operators,Listed two days ago,Perth WA,WA,$63 – $80 per hour,Casual,https://www.seek.com.au/job/93198514?type=standard&ref=search-standalone#sol=559af145b7bb2bc6bae150a6e9ba4ccf1cedb2be,2026-07-10 09:50:29,N/A,N/A,N/A,N/A
Excavator Operators / Loader Operators,Listed one day ago,"Cottesloe,Perth WA",WA,N/A,N/A,https://www.seek.com.au/job/93217029?type=standard&ref=search-standalone#sol=4d2813ea53e7050ec389069f3368f54ed571b47d,2026-07-10 09:50:29,N/A,N/A,N/A,N/A
Dozer Operator,Listed seven days ago,Perth WA,WA,Pay rates up to $70 p/h + Super paid on all hours,Contract,https://www.seek.com.au/job/93100125?type=standard&ref=search-standalone#sol=ef53ca1cf4e34bd928d02987211002d149a956e8,2026-07-10 09:50:29,N/A,N/A,N/A,N/A
Mobile Plant Operator,Listed eight hours ago,"Port Hedland,Port Hedland, Karratha & Pilbara WA",WA,N/A,Casual,https://www.seek.com.au/job/93237456?type=standard&ref=search-standalone#sol=2e2bcb6c2e08df8e5a9266752a334df3ccb0bda2,2026-07-10 09:50:29,N/A,N/A,N/A,N/A
30x Mobile Plant Operator Up To $75 Per Hour**,atFetch Recruitment,Perth WA,WA,30+ VACANCIES | ASAP STARTS | UP TO $75 PER HOUR,Casual,https://www.seek.com.au/job/93098382?type=promoted&ref=search-standalone#sol=8cd342ca2e1dc8d9212816ad143d93322ad822dc,2026-07-10 19:44:12,drug_alcohol_test|machinery_ticket,N/A,entry_level,"Mobile Plant Operators (Production)FIFO Ex Perth | 2/1 Roster | Days & Nights$55 - $75 Per Hour + Super + Weekly Pay30+ Opportunities Available for Experienced OperatorsFetch Mining Services, a trusted provider of Blue Collar Operators and Mobile Maintenance personnel, has recently been awarded contracts to supply 30+ experienced mining professionals across multiple Gold, Iron Ore and Mineral Sands operations throughout Western Australia.These are long-term opportunities with established and expanding mining companies offering excellent career progression, job security, and the chance to work within supportive, close-knit crews where your skills and contribution are genuinely recognised.If you're an experienced Production Operator looking to secure your next role on a brand-new mining project, we'd like to hear from you.The Opportunity• Work on new Gold, Iron Ore and Mineral Sands mining projects across Western Australia• FIFO from Perth on a 2/1 roster• Days and nights roster available• Production mining positions• Join well-established mining companies on newly developed operations• Ongoing work with permanent opportunities available after 3 months• Immediate starts available• Modern camp facilities with quality accommodation and fully equipped gymnasiums• High-quality meals provided through in-house catering• Short, direct flights from Perth to site• Genuine career progression and development opportunitiesAvailable Positions:Dump Truck Operator – $55 - $63 Per Hour• Load a"
Civil Operator - Civil Earthworks,Civil Operator - Civil EarthworksatNorth West Mining & Civil Pty Ltd,Perth WA,WA,N/A,Casual,https://www.seek.com.au/job/93186192?type=promoted&ref=search-standalone#sol=ee51aa50170e5f425a3f66f86b2f03b960422151,2026-07-10 19:44:12,N/A,N/A,N/A,N/A
Plant Operator,Listed nineteen hours ago,"Kwinana Beach,Perth WA",WA,N/A,N/A,https://www.seek.com.au/job/93236191?type=standard&ref=search-standalone#sol=1bf3603900b4f853e14f73577261490feb03eee1,2026-07-10 19:44:12,N/A,N/A,N/A,N/A
Mobile Plant Operator,Listed eighteen hours ago,"Port Hedland,Port Hedland, Karratha & Pilbara WA",WA,N/A,Casual,https://www.seek.com.au/job/93237456?type=standard&ref=search-standalone#sol=69d9904faebabbacbfeb193dc79453deb9cfcb6e,2026-07-10 19:44:12,white_card|drivers_license|machinery_ticket,excavator_ticket,N/A,"We’re seeking Mobile Plant Operators to join our Port Hedland & East Pilbara Team working on our Rail Works commencing August 2026.Scope of work will be Bulk EarthworksLoading & Excavation      – Operate loaders and excavators to load moxies and tippers; must have      proven neat dig capabilitiesCompaction – Run padfoot      and smooth drum rollers to meet compaction specsHaulage &       Support – Drive water carts and tipper trucks for dust control and      material transportMaintenance – Complete      daily pre-starts and maintain safe machine operationWorking with Monadelphous offers many benefits, some of which include:Ongoing roster      2/1 – 3hrs drive from Port Hedland (Paid for Travel Time)Flights from Perth or      Newman/Port Hedland Locals2 – 3 months work then      potential of another 3months work on another projectWhat you’ll bring:Valid Australian Drivers      LicenceWhite CardMinimum 3x Operator      Tickets RequiredDL  - HRExcavatorFront End LoaderTipperWater CartRIO, BHP Inducted      (Advantageous)Proof of right to work      in AustraliaLife at MonadelphousThere’s lots to get involved in, celebratory or cultural events and so much more. We work hard to make Monadelphous a truly great place to work.We celebrate our diversity and shared values and are committed to inclusion and equal opportunities for all. We’re committed to hiring locally, encourage people of all diverse backgrounds to apply and strongly encourage women and First Nations people to submit a"
Loader Operator,Listed two days ago,"Toodyay,Northam & Wheatbelt WA",WA,N/A,N/A,https://www.seek.com.au/job/93199234?type=standard&ref=search-standalone#sol=685343c9eff93b2f4f17a06a7a65763c73608432,2026-07-10 19:44:12,N/A,N/A,N/A,N/A
30x Mobile Plant Operator Up To $75 Per Hour**,Listed seven days ago,Perth WA,WA,30+ VACANCIES | ASAP STARTS | UP TO $75 PER HOUR,Casual,https://www.seek.com.au/job/93098382?type=standard&ref=search-standalone#sol=ff4736b131b98e68770e7f9c06ba5805ded736b3,2026-07-10 19:44:12,N/A,N/A,N/A,N/A
"Moxy, watercart, Roller (Multi ticketed)",Listed one day ago,Perth WA,WA,$50 per hour,Casual,https://www.seek.com.au/job/93211535?type=standard&ref=search-standalone#sol=ce99311469df9239364c5349b3f20c2e72c5e164,2026-07-10 19:44:12,N/A,N/A,N/A,N/A
Excavator Operator,Listed three days ago,"Rockingham,Perth WA",WA,$45 – $60 per hour,N/A,https://www.seek.com.au/job/93164195?type=standard&ref=search-standalone#sol=2fdfb25d17ba9158b865167cec49f6a6e13ff9f3,2026-07-10 19:44:12,N/A,N/A,N/A,N/A
"FIFO Loader, Moxy & Water Cart Operators",Listed seven days ago,Perth WA,WA,$55 – $80 per hour,Casual,https://www.seek.com.au/job/93106425?type=standard&ref=search-standalone#sol=726fe6e5851336fcef10d35261ec34096771611e,2026-07-10 19:44:12,N/A,N/A,N/A,N/A
Mobile Plant Operators,Listed one day ago,"Rockingham & Kwinana,Perth WA",WA,N/A,Casual,https://www.seek.com.au/job/93214197?type=standard&ref=search-standalone#sol=d725ae5ba8f4d9b79fde0988410566ba038240ca,2026-07-10 19:44:12,N/A,N/A,N/A,N/A
Plant Operator,Listed eleven days ago,Perth WA,WA,$50 – $55 per hour,N/A,https://www.seek.com.au/job/92998320?type=standard&ref=search-standalone#sol=68253e28f75dac38bd7831192b4c50d2222633e1,2026-07-10 19:44:12,N/A,N/A,N/A,N/A
Excavator Operators / Loader Operators,Listed one day ago,"Cottesloe,Perth WA",WA,N/A,N/A,https://www.seek.com.au/job/93217029?type=standard&ref=search-standalone#sol=ba5024c34d224ca186590259d03795f81daaefba,2026-07-10 19:44:12,N/A,N/A,N/A,N/A
Mobile Plant Operators,Listed ten hours ago,"Karratha,Port Hedland, Karratha & Pilbara WA",WA,N/A,Contract,https://www.seek.com.au/job/93253852?type=standard&ref=search-standalone#sol=03dde90db996fafd282dff449c0f36803cbf6e6f,2026-07-10 19:44:12,N/A,N/A,N/A,N/A
Civil Operator - Civil Earthworks,Listed two days ago,Perth WA,WA,N/A,Casual,https://www.seek.com.au/job/93186192?type=standard&ref=search-standalone#sol=544f6546667b4fb57df8fbf742c2278f8cdf1b38,2026-07-10 19:44:12,N/A,N/A,N/A,N/A
Machine Plant Operator,Listed three days ago,"High Wycombe,Perth WA",WA,"$78,062 – $81,077 per year",N/A,https://www.seek.com.au/job/93169979?type=standard&ref=search-standalone#sol=fc02334741606159a30b55beb559feabefdc970b,2026-07-10 19:44:12,N/A,N/A,N/A,N/A
Mobile Plant Operators,Listed three days ago,Perth WA,WA,$45 – $65 per hour,Contract,https://www.seek.com.au/job/93160605?type=standard&ref=search-standalone#sol=c7316d986c55e4e3e075467998fd35ae98456dd2,2026-07-10 19:44:12,N/A,N/A,N/A,N/A
Mobile Plant Operators,Listed ten days ago,"Mandurah,Mandurah & Peel WA",WA,Up to $40.20 p.h. + Penalties and allowances,Contract,https://www.seek.com.au/job/93023787?type=standard&ref=search-standalone#sol=05a8c41b225edbf5bdde6215f3a35d8c9173ab93,2026-07-10 19:44:12,N/A,N/A,N/A,N/A
Quarry Operator,Listed one day ago,"Tom Price,Port Hedland, Karratha & Pilbara WA",WA,N/A,FIFO,https://www.seek.com.au/job/93213054?type=standard&ref=search-standalone#sol=2250cedde80dbc301efe7df6ded06177413aec45,2026-07-10 19:44:12,N/A,N/A,N/A,N/A
Experienced 8 wheel watercart operator,Listed three days ago,"Tom Price,Port Hedland, Karratha & Pilbara WA",WA,$50 – $65 per hour,Casual,https://www.seek.com.au/job/93169297?type=standard&ref=search-standalone#sol=818391407deb97b006243506a8ca32132b543ebe,2026-07-10 19:44:12,N/A,N/A,N/A,N/A
FIFO Machine Operators - Loader/Excavator - Crushing & Screening,Listed fourteen hours ago,Perth WA,WA,$50 – $55 per hour plus opportunity for incentives,Casual,https://www.seek.com.au/job/93245610?type=standard&ref=search-standalone#sol=d01002cdd8de3c1d5bf5ef800786d8eb77a79af7,2026-07-10 19:44:12,N/A,N/A,N/A,N/A
Mobile Plant Operator - Forestry in Albany WA,Listed seven days ago,"Albany,Albany & Great Southern WA",WA,N/A,N/A,https://www.seek.com.au/job/93095962?type=standard&ref=search-standalone#sol=99577f5e14dd3aa3bf5d513d536aaa291cf1f040,2026-07-10 19:44:12,N/A,N/A,N/A,N/A
Multiskilled Operator,Listed one day ago,"Kalgoorlie,Kalgoorlie, Goldfields & Esperance WA",WA,N/A,Casual,https://www.seek.com.au/job/93219192?type=standard&ref=search-standalone#sol=707302e81987b6f98f006af9fb07d289227ff7d4,2026-07-10 19:44:12,N/A,N/A,N/A,N/A
All Round Operators,Listed one day ago,"Cooljarloo,Northam & Wheatbelt WA",WA,$55 – $60 per hour,N/A,https://www.seek.com.au/job/93210077?type=standard&ref=search-standalone#sol=6a77e3324e2a29e771db11247fe724226f697f95,2026-07-10 19:44:12,N/A,N/A,N/A,N/A
Excavator Operator,Listed ten days ago,"Kununurra,Broome & Kimberley WA",WA,$45 – $60 per hour,Casual,https://www.seek.com.au/job/93016598?type=standard&ref=search-standalone#sol=1195503823dfb61f566ca218ca5a9798f702c37c,2026-07-10 19:44:12,N/A,N/A,N/A,N/A
Front End Loader Operator | Clay Shed | Day Shift,Listed one day ago,"Middle Swan,Perth WA",WA,N/A,Casual,https://www.seek.com.au/job/93212783?type=standard&ref=search-standalone#sol=b37b01f870edf59b25d54ea3249a20a594f077ee,2026-07-10 19:44:12,N/A,N/A,N/A,N/A
Mobile Plant Operator,Listed sixteen hours ago,"Albany,Albany & Great Southern WA",WA,"$95,800 annual salary + additional penalties/rates for any extra hours worked",N/A,https://www.seek.com.au/job/93240061?type=standard&ref=search-standalone#sol=d1acb7cae69173e60dd06dc2b94091c5036e07ec,2026-07-10 19:44:12,N/A,N/A,N/A,N/A
All Round Plant Operators,Listed five days ago,Perth WA,WA,$55-$65 / Hr,Contract,https://www.seek.com.au/job/93127345?type=standard&ref=search-standalone#sol=e17dda25535414fe7983d9071e01f6de99813a51,2026-07-10 19:44:12,N/A,N/A,N/A,N/A
Production Mining Operators,Listed two days ago,Perth WA,WA,N/A,FIFO,https://www.seek.com.au/job/93187688?type=standard&ref=search-standalone#sol=33505ae2da6a4a38e89fc241284c25a72ade5b1b,2026-07-10 19:44:12,N/A,N/A,N/A,N/A
Mobile Plant Operator,Listed two days ago,"West Perth,Perth WA(Remote)",WA,N/A,FIFO,https://www.seek.com.au/job/93194446?type=standard&ref=search-standalone#sol=56a074f9532dc7477607314f0a435fc8732880e3,2026-07-10 19:44:12,N/A,N/A,N/A,N/A
Operator - CAT 992K,Listed two days ago,Perth WA,WA,N/A,Contract,https://www.seek.com.au/job/93192786?type=standard&ref=search-standalone#sol=051e306a8b3c729ce9dd3be64cc5ca79c679630e,2026-07-10 19:44:12,N/A,N/A,N/A,N/A
Mobile Plant Operators - Truck,Listed two days ago,"Byford,Mandurah & Peel WA",WA,N/A,N/A,https://www.seek.com.au/job/93183436?type=standard&ref=search-standalone#sol=4dfd1c820027f865ba4ae9a25556867246987b87,2026-07-10 19:44:12,N/A,N/A,N/A,N/A
Ancillary Mobile Plant Operators (Dozer / Loader) Newly-created roles,Listed eleven hours ago,"Port Hedland,Port Hedland, Karratha & Pilbara WA",WA,N/A,FIFO,https://www.seek.com.au/job/93253059?type=standard&ref=search-standalone#sol=a13379fcfe242bdc8ce84056294c6c922c8afbf6,2026-07-10 19:44:12,N/A,N/A,N/A,N/A
Quarry Operator,Quarry OperatoratMobile Concreting Solutions,"Tom Price,Port Hedland, Karratha & Pilbara WA",WA,N/A,FIFO,https://www.seek.com.au/job/93213054?type=promoted&ref=search-standalone#sol=8bbda46144092cc1995277bc16eb3fe46a2eac0b,2026-07-10 19:45:44,N/A,N/A,N/A,N/A
30x Mobile Plant Operator Up To $75 Per Hour**,30x Mobile Plant Operator Up To $75 Per Hour**atFetch Recruitment,Perth WA,WA,30+ VACANCIES | ASAP STARTS | UP TO $75 PER HOUR,Casual,https://www.seek.com.au/job/93098382?type=promoted&ref=search-standalone#sol=2edaa371eb7cf9d4a88eba0fb8df90d11f04fdff,2026-07-10 19:45:44,N/A,N/A,N/A,N/A
New to Industry - Dump Truck Operator,Listed seventeen hours ago,"Cooljarloo,Northam & Wheatbelt WA",WA,N/A,N/A,https://www.seek.com.au/job/93239198?type=standard&ref=search-standalone#sol=16b2843a5583f0e47bd5eb827d99ef432c391943,2026-07-10 19:45:44,N/A,N/A,N/A,N/A
Production Mining Operators,Listed two days ago,Perth WA,WA,N/A,FIFO,https://www.seek.com.au/job/93187688?type=standard&ref=search-standalone#sol=7409c0cba3d5792143d6bc7129e0940f645e8252,2026-07-10 19:45:44,N/A,N/A,N/A,N/A
DUMP TRUCK OPERATORS | ASAP STARTS | LONG-TERM FIFO WORK,Listed one day ago,Perth WA,WA,$55 - $58.02 p.h.,FIFO,https://www.seek.com.au/job/93210679?type=standard&ref=search-standalone#sol=76944e882da99758c85e4604adf60c69109f3379,2026-07-10 19:45:44,N/A,N/A,mid_level,"Looking for stable FIFO work with great rates and a long mine life?Programmed Energy & Resources are seeking experienced Dump Truck Operators for immediate starts on one of WA's longest-life mining operations in the Pilbara.With multiple positions available and ongoing stable employment, this is a genuine long-term opportunity with upskilling available for the right candidates - no short-term shutdowns or projects to see here!WHAT'S ON OFFER✔ $55.00/hr Days | $58.02/hr Nights✔ Over $170,000+ annually + Super✔ Super paid on ALL hours worked✔ 2:1 FIFO roster from Perth / DIDO from Karratha✔ 1 week days | 1 week nights | 1 week off✔ 12.5-hour shifts✔ Long-term ongoing work✔ Immediate starts available✔ Camp, meals, flights and PPE providedTHE ROLEOperating Electric Terex Haul Trucks including:MT4400MT6300We're looking for operators with previous production mining experience on:Komatsu 730E & 830ECAT 785, 789 & 793Liebherr T264Terex MT4400 & MT6300WHAT YOU'LL NEEDPrevious production mining experience operating large haul trucksCurrent C Class Manual Driver's Licence (minimum)Full Australian Working RightsStrong commitment to safetyReliable work ethic and ability to work within a team environmentMust be clean shaven to successfully undergo site-required mask fit testingWHAT YOU CAN EXPECTLong-term job securityLarge-scale Pilbara mining operationModern camp facilities including gym, pool, sports courts, tavern & Wi-FiSupportive site leadership and strong safety cultureWeekly payJob "
All Round Operators,Listed one day ago,"Cooljarloo,Northam & Wheatbelt WA",WA,$55 – $60 per hour,N/A,https://www.seek.com.au/job/93210077?type=standard&ref=search-standalone#sol=352893698c6863cde2099cfea2743bfd8e163908,2026-07-10 19:45:44,N/A,N/A,N/A,N/A
Multiskilled Operator,Listed one day ago,"Kalgoorlie,Kalgoorlie, Goldfields & Esperance WA",WA,N/A,Casual,https://www.seek.com.au/job/93219192?type=standard&ref=search-standalone#sol=44e67d02554d56a2f3acbcc717b8eeb8059f99fc,2026-07-10 19:45:44,N/A,N/A,N/A,N/A
Loader Operator,Listed two days ago,"Toodyay,Northam & Wheatbelt WA",WA,N/A,N/A,https://www.seek.com.au/job/93199234?type=standard&ref=search-standalone#sol=3ee4bb4039b12effac001e691b7c9d5fb75e319d,2026-07-10 19:45:44,N/A,N/A,N/A,N/A
Quarry Operator,Listed one day ago,"Tom Price,Port Hedland, Karratha & Pilbara WA",WA,N/A,FIFO,https://www.seek.com.au/job/93213054?type=standard&ref=search-standalone#sol=b9b792d45c7c19eb8ceab7ff6f30f9348bc12f7e,2026-07-10 19:45:44,N/A,N/A,N/A,N/A
30x Mobile Plant Operator Up To $75 Per Hour**,Listed seven days ago,Perth WA,WA,30+ VACANCIES | ASAP STARTS | UP TO $75 PER HOUR,Casual,https://www.seek.com.au/job/93098382?type=standard&ref=search-standalone#sol=42c878d52dea1905f7fe7f68a0b0e5300871b279,2026-07-10 19:45:44,N/A,N/A,N/A,N/A
HR Watercart / Dump Truck Operator - $55 Per Hour,Listed one day ago,Perth WA,WA,$55 Per Hour + Super | Fast Mobilisation,Casual,https://www.seek.com.au/job/93217805?type=standard&ref=search-standalone#sol=08ad527c556099714bfa82b9150696a863fe4f86,2026-07-10 19:45:44,N/A,N/A,N/A,N/A
FIFO Process Operators - Multiple Goldfields Sites,Listed fourteen hours ago,"Kalgoorlie,Goldfields & Esperance WA",WA,8:6 & 7:7 rosters | Up to $65/hr depending on experience,Casual,https://www.seek.com.au/job/93246086?type=standard&ref=search-standalone#sol=2529dca517abf71542c901ddd71847aa61d22a36,2026-07-10 19:45:44,N/A,N/A,N/A,N/A
Excavator & All-Round Operators,Listed two days ago,Perth WA,WA,$63 – $80 per hour,Casual,https://www.seek.com.au/job/93198514?type=standard&ref=search-standalone#sol=bcfb0ed939a6db35cd84e5b13d979d3f399ec3e2,2026-07-10 19:45:44,N/A,N/A,N/A,N/A
All Rounder Operators - FIFO,Listed two days ago,Perth WA,WA,N/A,FIFO,https://www.seek.com.au/job/93188484?type=standard&ref=search-standalone#sol=e38f0337a2b5bb70be985ee7578ddc66f0007437,2026-07-10 19:45:44,N/A,N/A,N/A,N/A
Excavator /All Rounder Operator - 2/2 Roster - $80+ Per Hour,Listed nineteen hours ago,Perth WA,WA,$70 - $80 Per Hour | Excavator & All Rounder Roles,Casual,https://www.seek.com.au/job/93236611?type=standard&ref=search-standalone#sol=02e82b611a401e1e85098260153aaf1b3311a6cf,2026-07-10 19:45:44,N/A,N/A,N/A,N/A
All Round Plant Operators,Listed five days ago,Perth WA,WA,$55-$65 / Hr,Contract,https://www.seek.com.au/job/93127345?type=standard&ref=search-standalone#sol=52cf44d721e23c39733525f6dd3cf7de713984cc,2026-07-10 19:45:44,N/A,N/A,N/A,N/A
Mobile Plant Operators,Listed one day ago,"Rockingham & Kwinana,Perth WA",WA,N/A,Casual,https://www.seek.com.au/job/93214197?type=standard&ref=search-standalone#sol=15f3287ba1f0d9755c35c7bc30a30a07cebb51f6,2026-07-10 19:45:44,drivers_license|machinery_ticket,N/A,senior,"Our client is a leading Western Australian a leading suppler of raw materials to the civil contracting industry. Operating from a variety of sites across Perth's southern suburbs, they requireMobile Plant Operatorsspecifically:2 x Loader operators (982, WA400, WA500)1 x Excavator operator (50t excavators)Requirements for the role are:Ticketed in the relevant machineHR Drivers LicenceExperience loading construction material into crushing and screening equipmentCapacity to work as part of a teamMulti-ticketed applicants are encourage to applyBe able to work up 50+hours per week (10hrs per day) and occasional Saturdays.Pay Rates (for a 54 hours week - 5 x 10hrs Mon-Fri; 4 hours Sat)- 38.00 hours x $46.04 = $1749.52- 6.00 hours x $64.45 = $386.70- 12.00 hours x $82.87 = $994.44TOTAL GROSS PER WEEK: $3,130.66 (pre-tax)OTE: $162,764 per annumGet off the FIFO roundabout, go home every night and earn mine-site money in Perth!APPLY NOW"
EOI - Production Operators - Tennant Creek,Listed four days ago,Perth WA,WA,"2/2 Roster - 12.5 Hrs Paid - $4,800 - $6,000 Per week",Contract,https://www.seek.com.au/job/93136697?type=standard&ref=search-standalone#sol=5b02ad610176380c422d14e8b7b4adf45bd1ebd5,2026-07-10 19:45:44,N/A,N/A,N/A,N/A
Excavator Operators / Loader Operators,Listed one day ago,"Cottesloe,Perth WA",WA,N/A,N/A,https://www.seek.com.au/job/93217029?type=standard&ref=search-standalone#sol=7e1333f0ce539c335be31cd8ade2bb59415d8f2e,2026-07-10 19:45:44,N/A,N/A,N/A,N/A
Excavator/Dozer Operators,Listed one day ago,Perth WA,WA,N/A,Contract,https://www.seek.com.au/job/93217120?type=standard&ref=search-standalone#sol=8e140b91f71b2c8324d82314027cbc95442600de,2026-07-10 19:45:44,N/A,N/A,N/A,N/A
Expression Of Interest - Civil Multi Skilled Operators,Listed seventeen days ago,"Kalgoorlie,Kalgoorlie, Goldfields & Esperance WA",WA,N/A,FIFO,https://www.seek.com.au/job/92899749?type=standard&ref=search-standalone#sol=1c566da4972b4da81be6aca4bb26a24ebd0310cf,2026-07-10 19:45:44,N/A,N/A,N/A,N/A
MULTIPLE ROLES - Dozer / Grader / Loader / Dump Truck / Water Cart,Listed eighteen days ago,"Wiluna,Kalgoorlie, Goldfields & Esperance WA",WA,N/A,FIFO,https://www.seek.com.au/job/92849549?type=standard&ref=search-standalone#sol=d3343054ae7bab74687fb9f4db3ba4c0b02affdd,2026-07-10 19:45:44,N/A,N/A,N/A,N/A
Dump Truck Operators - FIFO,Listed thirteen hours ago,Perth WA,WA,N/A,FIFO,https://www.seek.com.au/job/93247401?type=standard&ref=search-standalone#sol=2b618b5fccfbfbd0968f3aa250d4c038d17da669,2026-07-10 19:45:45,N/A,N/A,N/A,N/A
992K | WA1200 Loader Operator,Listed two days ago,Perth WA,WA,$70-$80/hr depending on experience,Casual,https://www.seek.com.au/job/93196619?type=standard&ref=search-standalone#sol=c0a8aba93faeb49779defb264c923794cba643ea,2026-07-10 19:45:45,drug_alcohol_test,N/A,mid_level,"AUS Employment is seeking experiencedCAT 992K & WA120 Loader Operatorsfor upcoming WA mining works commencing aroundmid-August 2026.We are looking for confident loader operators with strong mining experience, particularly across production support, load-out activities and large mobile equipment operations.What's on OfferCompetitive hourly rate depending on experienceMid-August commencementMultiple roles availableOpportunity to work on an exciting WA mining projectJoin an experienced and safety-focused production teamAbout the RoleYou will be operating CAT 992K & WA1200 loaders across mining production and earthworks activities.Duties may include:Operating CAT 992K/ WA1200 loaders safely and efficientlySupporting load-out and production activitiesWorking around haul trucks and mobile plantAssisting with topsoil and bulk earthworks tasks where requiredCompleting pre-start checks and reporting equipment issuesFollowing site safety procedures and supervisor instructionsMaintaining high standards of machine operation and careEssential RequirementsProven experience operating CAT 992K loaders & WA1200Previous mining or heavy earthmoving experienceLoad-out experience highly regardedTopsoil operations experience highly regardedCurrent Australian driver's licenceAbility to pass site medical, drug and alcohol testingStrong commitment to safety and production standardsAbout YouYou are a skilled loader operator who is confident operating large equipment in a mining environment. You work s"
"FIFO Loader, Moxy & Water Cart Operators",Listed seven days ago,Perth WA,WA,$55 – $80 per hour,Casual,https://www.seek.com.au/job/93106425?type=standard&ref=search-standalone#sol=ffbe1a9db55972ff0e8250b3298ce48dd6d723ec,2026-07-10 19:45:45,N/A,N/A,N/A,N/A
Mobile Plant Operators - FIFO,Listed nine days ago,Perth WA,WA,N/A,FIFO,https://www.seek.com.au/job/93065123?type=standard&ref=search-standalone#sol=687054f88fa862947225cbbda3bce4a60c77a794,2026-07-10 19:45:45,N/A,N/A,N/A,N/A
Mobile Plant Operator,Listed two days ago,"West Perth,Perth WA(Remote)",WA,N/A,FIFO,https://www.seek.com.au/job/93194446?type=standard&ref=search-standalone#sol=a35e8c639ca80af7ebec4125a26e78b95574e9de,2026-07-10 19:45:45,N/A,N/A,N/A,N/A
Mobile Plant Operator,Listed sixteen hours ago,"Albany,Albany & Great Southern WA",WA,"$95,800 annual salary + additional penalties/rates for any extra hours worked",N/A,https://www.seek.com.au/job/93240061?type=standard&ref=search-standalone#sol=0f4ba10a3bb27f4a15d950fa7cb792d988cb1894,2026-07-10 19:45:45,N/A,N/A,N/A,N/A
Haul Truck Operators - Sino Iron Mine,Listed seventeen hours ago,Perth WA,WA,N/A,N/A,https://www.seek.com.au/job/93239035?type=standard&ref=search-standalone#sol=ca915e7dad3426893b0021c51eed75a2707eb468,2026-07-10 19:45:45,N/A,N/A,N/A,N/A
Loader Operators - $65+ Per Hour - 2/1 Roster,Listed four days ago,Perth WA,WA,$65+ Per Hour + Super | 12.5 Hour Days PAID,Casual,https://www.seek.com.au/job/93142120?type=standard&ref=search-standalone#sol=e99a0fcf89ba7f42d1a419e1826bd30ad9f43fda,2026-07-10 19:45:45,N/A,N/A,N/A,N/A
Mobile Plant Operators,Listed three days ago,Perth WA,WA,$45 – $65 per hour,Contract,https://www.seek.com.au/job/93160605?type=standard&ref=search-standalone#sol=22b36a661666b996c90c612bd761aaea0e0bb798,2026-07-10 19:45:45,N/A,N/A,N/A,N/A
Operator Senior Mine,Listed four days ago,"Boddington,Mandurah & Peel WA",WA,N/A,N/A,https://www.seek.com.au/job/93138719?type=standard&ref=search-standalone#sol=5ee0f9096c31e45d5ef38daa163228081bc7e434,2026-07-10 19:45:45,drivers_license,N/A,senior,"Company description:OPERATOR SENIOR MINEJob description:DISCOVER A BRIGHTER FUTUREAt South32, we're meeting the challenge of enabling a sustainable future through our focus on responsibly producing commodities critical for a low-carbon world.As a collaborative, caring and inclusive company, there's no better place to make a genuine difference. Together we're making a positive, global impact that has the potential to change lives.Whatever career path you choose, we'll support you every step of the way to learn, grow and succeed. So join us, step towards a brighter future and leave your legacy.ABOUT WORSLEYAre you looking to be home every night? If so, this is your opportunity to live, work and play a short drive from stunning coastlines, scenic trails and the food and wine heartland of the west.Located in the picturesque south-west and Peel regions of Western Australia, South32 Worsley Alumina is on a journey to become the world's leading Alumina producer where our workforce value the lifestyle that Worsley Alumina has to offer.Our integrated Bauxite Mine, Alumina Refinery and Port Operation is creating the essential products needed for a sustainable low carbon future.WHAT SOUTH32 OFFERS26 weeks full-paid, or 52 weeks half-paid parental leave for primary carersThe opportunity to become a shareholder of South32 through our share plans14% superannuation contributionsAnnual short-term incentive bonus that recognises both your individual performance and the overall success of the "
Haul Truck Operators - Sino Iron Mine,atNational Group,Perth WA,WA,N/A,N/A,https://www.seek.com.au/job/93239035?type=promoted&ref=search-standalone#sol=f0d7589387f261eeda0a7396ee10ef2a97d3a303,2026-07-11 13:44:31,N/A,N/A,N/A,N/A
Dump Truck Operators | 2:1 Roster | Permanent Role,Dump Truck Operators | 2:1 Roster | Permanent RoleatPrivate Advertiser,Perth WA,WA,$52–$59 ph. + super + hourly bonus + Benefits,FIFO,https://www.seek.com.au/job/92937554?type=promoted&ref=search-standalone#sol=2a0d78f15a775267fd6919e04e178bec4ec9d2c9,2026-07-11 13:44:31,N/A,N/A,N/A,N/A
New to Industry - Dump Truck Operator,Listed one day ago,"Cooljarloo,Northam & Wheatbelt WA",WA,N/A,N/A,https://www.seek.com.au/job/93239198?type=standard&ref=search-standalone#sol=e11c9e35cc61978d86ad8d9998cc9b14d5764989,2026-07-11 13:44:31,drug_alcohol_test,N/A,mid_level,"Our Company:Build Your Career on a Solid Foundation with an Industry Leader.Yellow Iron Fleet is where proven legacy meets disciplined innovation. As a full-service mining and large-scale earthmoving contractor founded in regional Victoria, our capability spans the entire spectrum, from specialized civil projects to the biggest mining operations.Backed by a leadership team with over 200 years of experience, we are structured for high performance yet agile enough to empower our people. Our disciplined approach to safety, training, and continuous improvement drives unparalleled productivity across our extensive fleet.Now, we’re mobilising for an exciting new chapter.With the recent award of a major mining contract at Tronox’s Cooljarloo Mineral Sands Mine in Western Australia, we are expanding our team and seeking dedicated professionals to help us deliver excellence on site.We are now recruiting for multiple roles across Mine Management, Mine Operations, and Maintenance Departments. This is your opportunity to join a high-performing team on a significant new project, where your growth and expertise will be pivotal to our shared success.About the Role:We are offering an exciting opportunity for New to Industry Dump Truck Operators to join our team at the Cooljarloo Mine Site. This full-time position is ideal for motivated individuals looking to build a long-term career in mining and earthmoving.  You’ll receive structured training, on the job support and the chance to develop v"
Dump Truck Operators - FIFO,Listed one day ago,Perth WA,WA,N/A,FIFO,https://www.seek.com.au/job/93247401?type=standard&ref=search-standalone#sol=c624c3658f6713abe4ca66df7c4e023b765148d7,2026-07-11 13:44:31,N/A,N/A,N/A,N/A
Haul Truck Operators - Sino Iron Mine,Listed one day ago,Perth WA,WA,N/A,N/A,https://www.seek.com.au/job/93239035?type=standard&ref=search-standalone#sol=37dbfe25f0f9d97079546c581797498e4429e433,2026-07-11 13:44:31,N/A,N/A,N/A,N/A
Dump Truck Operator,Listed two days ago,Perth WA,WA,"$2,500 sign on bonus, great benefits and culture",FIFO,https://www.seek.com.au/job/93224843?type=standard&ref=search-standalone#sol=a141f9ef765268719ebad7b119f451f149c2ef70,2026-07-11 13:44:31,N/A,N/A,N/A,N/A
Heavy Vehicle Operator / Transport Specialist,Listed thirteen hours ago,Perth WA,WA,N/A,N/A,https://www.seek.com.au/job/93260477?type=standard&ref=search-standalone#sol=5dcb21587d7fab6934a7ec5805a717bf2c032009,2026-07-11 13:44:31,N/A,N/A,N/A,N/A
Dump Truck Operator,Listed four days ago,"Kalgoorlie,Kalgoorlie, Goldfields & Esperance WA",WA,N/A,FIFO,https://www.seek.com.au/job/93172045?type=standard&ref=search-standalone#sol=75b1d8b0abb5cc6d0d1ce24a9111cb901e2ca999,2026-07-11 13:44:31,N/A,N/A,N/A,N/A
Dump Truck Operators | 2:1 Roster | Permanent Role,Listed sixteen days ago,Perth WA,WA,$52–$59 ph. + super + hourly bonus + Benefits,FIFO,https://www.seek.com.au/job/92937554?type=standard&ref=search-standalone#sol=5eacb4bf5411e31cf92e49a1b05b348abd5fb3d6,2026-07-11 13:44:31,N/A,N/A,N/A,N/A
Dump Truck Operator,Listed four days ago,Perth WA,WA,N/A,N/A,https://www.seek.com.au/job/93167471?type=standard&ref=search-standalone#sol=ca23ce6e43fe490ffcb9e9e3857b3a96b7e83de7,2026-07-11 13:44:31,N/A,N/A,N/A,N/A
DUMP TRUCK OPERATORS | ASAP STARTS | LONG-TERM FIFO WORK,Listed two days ago,Perth WA,WA,$55 - $58.02 p.h.,FIFO,https://www.seek.com.au/job/93210679?type=standard&ref=search-standalone#sol=e3c8811bfa86f7e27fb524f4da9dc3d7214a604a,2026-07-11 13:44:31,N/A,N/A,N/A,N/A
Dump Truck Operator,Listed three days ago,Perth WA,WA,$53-$56/hr. + 12% super,Contract,https://www.seek.com.au/job/93189880?type=standard&ref=search-standalone#sol=5df738e28853b98ad9693764eef7a99ec90c7129,2026-07-11 13:44:31,N/A,N/A,N/A,N/A
Dump Truck Operators,Listed eighteen days ago,Perth WA,WA,$56/hr + Superannuation paid on all hours,FIFO,https://www.seek.com.au/job/92893107?type=standard&ref=search-standalone#sol=b47a4322be69e136726eae560025dbdff25a74fc,2026-07-11 13:44:31,N/A,N/A,N/A,N/A
Dump Truck Operators | CAT 793,Listed one day ago,Perth WA,WA,$ 53.00 p/h- $ 56.00 p/h | Weekly Pay,Casual,https://www.seek.com.au/job/93245832?type=standard&ref=search-standalone#sol=f786fac427a93e1c12d81d96d7b0ac3bc3452ba0,2026-07-11 13:44:31,N/A,N/A,N/A,N/A
Truck Driver (HR / MC),Listed one day ago,"Port Hedland,Port Hedland, Karratha & Pilbara WA(Remote)",WA,$50 – $52 per hour,Casual,https://www.seek.com.au/job/93240297?type=standard&ref=search-standalone#sol=3fb547d51e25d52eb15b038f007697d9fec676c4,2026-07-11 13:44:31,N/A,N/A,N/A,N/A
Dump Truck Operators  | FIFO Perth | 2/1,Listed five days ago,Perth WA,WA,$55 – $57 per hour,Casual,https://www.seek.com.au/job/93130659?type=standard&ref=search-standalone#sol=3d9dda48f142fb87ae6e87f067dc04cfa55f7206,2026-07-11 13:44:31,N/A,N/A,N/A,N/A
HR Watercart / Dump Truck Operator - $55 Per Hour,Listed two days ago,Perth WA,WA,$55 Per Hour + Super | Fast Mobilisation,Casual,https://www.seek.com.au/job/93217805?type=standard&ref=search-standalone#sol=3c03197cd0614beb3a171b28cf19b01e71b18655,2026-07-11 13:44:31,N/A,N/A,N/A,N/A
Entry Level - Dump Truck / Loader Operator - Mine Site,Listed seventeen days ago,"Kalgoorlie,Kalgoorlie, Goldfields & Esperance WA",WA,$40 – $50 per hour,N/A,https://www.seek.com.au/job/92921796?type=standard&ref=search-standalone#sol=2b235f82c57f9b8e21330a82f791429c466e548e,2026-07-11 13:44:31,N/A,N/A,N/A,N/A
FIFO - Dump Truck Operator,Listed nineteen days ago,Perth WA,WA,$55 – $60 per hour,Casual,https://www.seek.com.au/job/92861050?type=standard&ref=search-standalone#sol=d2d16e033e57b52dd33da0b189f5623367785405,2026-07-11 13:44:31,N/A,N/A,N/A,N/A
"FIFO Loader, Moxy & Water Cart Operators",Listed eight days ago,Perth WA,WA,$55 – $80 per hour,Casual,https://www.seek.com.au/job/93106425?type=standard&ref=search-standalone#sol=29ba2b570ab4b566ed0d96b429ede157f7c34bd5,2026-07-11 13:44:31,N/A,N/A,N/A,N/A
Dump Truck Operator 2:1 & 2:2 Rosters,Listed one day ago,Perth WA,WA,$63.30 P/H | 2/2 & 2/2 Rosters | DIDO/FIFO | Weekly Pay | Super on all hours | Temp - Perm,Contract,https://www.seek.com.au/job/93236864?type=standard&ref=search-standalone#sol=3e247f66d8543154e607053d3574dbe2d1ee8fd8,2026-07-11 13:44:31,N/A,N/A,N/A,N/A
Truck Driver/Trainee Truck Driver,Listed twenty six days ago,"Kalgoorlie,Kalgoorlie, Goldfields & Esperance WA",WA,N/A,N/A,https://www.seek.com.au/job/92709304?type=standard&ref=search-standalone#sol=d28c1bb42a50e2ca1e3a2108c511ebfcb63e5e07,2026-07-11 13:44:31,N/A,N/A,N/A,N/A
Mobile Plant Operator,Listed one day ago,"Albany,Albany & Great Southern WA",WA,"$95,800 annual salary + additional penalties/rates for any extra hours worked",N/A,https://www.seek.com.au/job/93240061?type=standard&ref=search-standalone#sol=eb0498eb31de1be381cd5938d96b1c96e9edf4f5,2026-07-11 13:44:31,N/A,N/A,N/A,N/A
Dump truck operator,Listed twelve days ago,"Perenjori,Geraldton, Gascoyne & Midwest WA",WA,N/A,Casual,https://www.seek.com.au/job/93005042?type=standard&ref=search-standalone#sol=3c52d5314e79283334d52cfa201cd4dfcbf937af,2026-07-11 13:44:31,drivers_license,N/A,mid_level,"Karara is the largest mining operation and the first major magnetite mine in the Mid-West. NRW have been contracted to provide all management and technical services for mining, drill and blast, train load out, miscellaneous and maintenance for a large-scale, long-life magnetite orebody.The NRW Karara team wanting dedicated and enthusiastic personnel to come and join our team.About the role:Operate CAT 777s or 793 dump trucks in fast paced production mining environmentWhat can we offer you:2/1 day and night shift rosterNight shift allowanceSuperannuation paid on all hours workedOn site accommodation with high-quality amenities including pool, gym and recreational areasLoyalty Bonus Scheme – Get paid a bonus for continuing your employment with NRWMultiple company benefits including income protection insurance / paid parental leave / Employee Assistance Program (EAP) / salary sacrifice options & novated leases availableWork with an experienced civil & mining contractor with over 30 years in the businessLong term employment opportunitiesA culture driven organisation, be a part of a great crewWhat we look for in our people:Relevant mining experience in a previous role outlined clearly on your resumeAustralian working rightsCurrent Australian Drivers LicenceThe ability to actively demonstrate behaviours in alignment to NRW’s company values and safety standardsA “can do” flexible attitude and strong team player mentalityAbout NRW Civil & MiningWith over 30 years in the industry, NRW"
Dump Truck Operator - Multiple sites and rosters,Listed eight days ago,Perth WA,WA,$55-$63 p/h,Contract,https://www.seek.com.au/job/93098553?type=standard&ref=search-standalone#sol=8720f75ab2f5752d0317dcbee232d8c2899c316e,2026-07-11 13:44:31,N/A,N/A,N/A,N/A
Dump Truck Operator,Listed twenty one days ago,Perth WA,WA,N/A,N/A,https://www.seek.com.au/job/92839456?type=standard&ref=search-standalone#sol=825aa3517cdf88713454bf316ff6b1a3c689037c,2026-07-11 13:44:31,N/A,N/A,mid_level,"Together. WorksAt Macmahon, you'll find something different. We're a successful mining and civil contractor that's going places - and we want to take you with us. When you join Macmahon, you're joining a quality team that's built together, and built to last.Surface Mining Australia, Macmahon's largest operating company, delivers high-quality open-cut mining solutions across Australia, driven by operational excellence, strong safety performance, and deep industry expertise. Our people are the backbone of our capability, enabling us to partner closely with clients to sustainably deliver value every day.In our Production crews, teamwork isn't just talk - it's how we operate. You'll be part of a crew that gets in, gets the job done and backs each other every shift. Safe, steady and reliable is how we keep things moving.Role DetailsLocation: Telfer, Western AustraliaRoster: 2:1, day shift and night shiftRate: based on experienceCompetitive benefits package including:Paid Parental Leave for primary carersRetail discounts including homewares, outdoor gear, fuel and groceriesNovated leasesComprehensive wellbeing programAbout the RoleOperate Caterpillar 789 Dump Trucks and Water Carts to safely meet production targets across our Surface operation at Telfer. You'll work within a skilled and experienced team collaborating on meaningful projects where your contributions are valued.ResponsibilitiesSafe, efficient operation of rigid haul trucksComplete pre-starts and report hazards or defe"
30x Dump Truck Operators $55 - $58 Per Hour,Listed fifteen days ago,Perth WA,WA,$55 - $58 PER HOUR + SUPER | 12.5 HOUR DAYS | WEEKLY PAY,Casual,https://www.seek.com.au/job/92968038?type=standard&ref=search-standalone#sol=0c45a10674dc0845b758a2e758d3c3c8b3cc7e6c,2026-07-11 13:44:31,N/A,N/A,N/A,N/A
Dump Truck Operator,Listed eight days ago,Perth WA,WA,N/A,N/A,https://www.seek.com.au/job/93115397?type=standard&ref=search-standalone#sol=b0ecb70741b88c1df40560b457bf422d7d8546ee,2026-07-11 13:44:31,N/A,N/A,N/A,N/A
Production Dump Truck Operator,Listed twenty two days ago,Perth WA,WA,N/A,Casual,https://www.seek.com.au/job/92830495?type=standard&ref=search-standalone#sol=30546462795fe0758ef5fa5480d637b598301316,2026-07-11 13:44:31,N/A,N/A,N/A,N/A
Underground Haul Truck Operator,Listed eight days ago,Perth WA,WA,$55 - $60 p.h. + Super on all hours,FIFO,https://www.seek.com.au/job/93106365?type=standard&ref=search-standalone#sol=89153e354e191486f1508bf1ce15fa10c6d9906f,2026-07-11 13:44:31,N/A,N/A,N/A,N/A
Dump Truck CAT 785 | 793 & Electric,Listed five days ago,Perth WA,WA,$57 – $61 per hour,Casual,https://www.seek.com.au/job/93131355?type=standard&ref=search-standalone#sol=5c40ca190f92f0386a11204b9dc8f9417f5c768a,2026-07-11 13:44:31,N/A,N/A,N/A,N/A
Heavy Haulage Truck Driver,Listed eight days ago,"Newman,Port Hedland, Karratha & Pilbara WA",WA,N/A,N/A,https://www.seek.com.au/job/92111996?type=standard&ref=search-standalone#sol=369b33108af3e309854c5ed33dc9f5d213ae05ef,2026-07-11 13:44:31,N/A,N/A,N/A,N/A
Quarry Operator,Quarry OperatoratMobile Concreting Solutions,"Tom Price,Port Hedland, Karratha & Pilbara WA",WA,N/A,FIFO,https://www.seek.com.au/job/93213054?type=promoted&ref=search-standalone#sol=c3d88aca9acb0b46feb5f6b6716f9aff2facb44e,2026-07-12 08:30:37,N/A,N/A,N/A,N/A
30x Mobile Plant Operator Up To $75 Per Hour**,30x Mobile Plant Operator Up To $75 Per Hour**atFetch Recruitment,Perth WA,WA,30+ VACANCIES | ASAP STARTS | UP TO $75 PER HOUR,Casual,https://www.seek.com.au/job/93098382?type=promoted&ref=search-standalone#sol=8f901ecb4aa91ad2f3ba1c09f368725ecf2bf74c,2026-07-12 08:30:37,N/A,N/A,N/A,N/A
New to Industry - Dump Truck Operator,Listed two days ago,"Cooljarloo,Northam & Wheatbelt WA",WA,N/A,N/A,https://www.seek.com.au/job/93239198?type=standard&ref=search-standalone#sol=a50b114c3342420424e9544dbe877adb4489a409,2026-07-12 08:30:37,N/A,N/A,N/A,N/A
Production Mining Operators,Listed four days ago,Perth WA,WA,N/A,FIFO,https://www.seek.com.au/job/93187688?type=standard&ref=search-standalone#sol=5c00577101d54d53b4e63c090dec8dcbb0663101,2026-07-12 08:30:37,N/A,N/A,N/A,N/A
FIFO Process Operators - Multiple Goldfields Sites,Listed two days ago,"Kalgoorlie,Goldfields & Esperance WA",WA,8:6 & 7:7 rosters | Up to $65/hr depending on experience,Casual,https://www.seek.com.au/job/93246086?type=standard&ref=search-standalone#sol=fdb50df585d78b57169f2230984b855343190ca6,2026-07-12 08:30:37,N/A,N/A,N/A,N/A
All Round Operators,Listed three days ago,"Cooljarloo,Northam & Wheatbelt WA",WA,$55 – $60 per hour,N/A,https://www.seek.com.au/job/93210077?type=standard&ref=search-standalone#sol=88c627902b365e652c3830f837784904c157bab3,2026-07-12 08:30:37,N/A,N/A,N/A,N/A
Loader Operator,Listed four days ago,"Toodyay,Northam & Wheatbelt WA",WA,N/A,N/A,https://www.seek.com.au/job/93199234?type=standard&ref=search-standalone#sol=337034f9d657bcd735a99337f705ccc8f1909595,2026-07-12 08:30:37,N/A,N/A,N/A,N/A
Quarry Operator,Listed three days ago,"Tom Price,Port Hedland, Karratha & Pilbara WA",WA,N/A,FIFO,https://www.seek.com.au/job/93213054?type=standard&ref=search-standalone#sol=944bd4d05a05804e1edb45a63f47754606a4fc23,2026-07-12 08:30:37,N/A,N/A,N/A,N/A
Dump Truck Operators - FIFO,Listed two days ago,Perth WA,WA,N/A,FIFO,https://www.seek.com.au/job/93247401?type=standard&ref=search-standalone#sol=5cdd98e35a2860cc17f8f913c4c68054c0830150,2026-07-12 08:30:37,N/A,N/A,N/A,N/A
30x Mobile Plant Operator Up To $75 Per Hour**,Listed nine days ago,Perth WA,WA,30+ VACANCIES | ASAP STARTS | UP TO $75 PER HOUR,Casual,https://www.seek.com.au/job/93098382?type=standard&ref=search-standalone#sol=726744a5175077b56bd7fc0127f9422b81fba1bb,2026-07-12 08:30:37,N/A,N/A,N/A,N/A
DUMP TRUCK OPERATORS | ASAP STARTS | LONG-TERM FIFO WORK,Listed three days ago,Perth WA,WA,$55 - $58.02 p.h.,FIFO,https://www.seek.com.au/job/93210679?type=standard&ref=search-standalone#sol=a120751ff2dbb0c2c546a0fd262ac294bedd91d7,2026-07-12 08:30:37,N/A,N/A,N/A,N/A
Excavator & All-Round Operators,Listed four days ago,Perth WA,WA,$63 – $80 per hour,Casual,https://www.seek.com.au/job/93198514?type=standard&ref=search-standalone#sol=4e34bd072a689ef347d48f9a05310c973c8b41ac,2026-07-12 08:30:37,N/A,N/A,N/A,N/A
Multiskilled Operator,Listed three days ago,"Kalgoorlie,Kalgoorlie, Goldfields & Esperance WA",WA,N/A,Casual,https://www.seek.com.au/job/93219192?type=standard&ref=search-standalone#sol=7e6dbb57758a1cb4eff09d38ac8e1bf72b1689a6,2026-07-12 08:30:37,N/A,N/A,N/A,N/A
Mobile Plant Operator,Listed four days ago,"West Perth,Perth WA(Remote)",WA,N/A,FIFO,https://www.seek.com.au/job/93194446?type=standard&ref=search-standalone#sol=0f08fe5cd039a10a419584f800f79460c517da92,2026-07-12 08:30:37,N/A,N/A,N/A,N/A
Expression Of Interest - Civil Multi Skilled Operators,Listed eighteen days ago,"Kalgoorlie,Kalgoorlie, Goldfields & Esperance WA",WA,N/A,FIFO,https://www.seek.com.au/job/92899749?type=standard&ref=search-standalone#sol=c5800c53efab1a27f867682f560524ae1a6894d9,2026-07-12 08:30:37,N/A,N/A,N/A,N/A
Haul Truck Operators - Sino Iron Mine,Listed two days ago,Perth WA,WA,N/A,N/A,https://www.seek.com.au/job/93239035?type=standard&ref=search-standalone#sol=a5673c3f4c67ca6c57f15d55e76e0ea474e3fb51,2026-07-12 08:30:37,N/A,N/A,N/A,N/A
All Rounder Operators - FIFO,Listed four days ago,Perth WA,WA,N/A,FIFO,https://www.seek.com.au/job/93188484?type=standard&ref=search-standalone#sol=99f46f122078a6c15ceae54c8c00983e7137185f,2026-07-12 08:30:37,N/A,N/A,N/A,N/A
992K | WA1200 Loader Operator,Listed four days ago,Perth WA,WA,$70-$80/hr depending on experience,Casual,https://www.seek.com.au/job/93196619?type=standard&ref=search-standalone#sol=05ebb7d7ebc36b05a4c6df07edfa88e9e0dc43cc,2026-07-12 08:30:37,drug_alcohol_test,N/A,mid_level,"AUS Employment is seeking experiencedCAT 992K & WA120 Loader Operatorsfor upcoming WA mining works commencing aroundmid-August 2026.We are looking for confident loader operators with strong mining experience, particularly across production support, load-out activities and large mobile equipment operations.What's on OfferCompetitive hourly rate depending on experienceMid-August commencementMultiple roles availableOpportunity to work on an exciting WA mining projectJoin an experienced and safety-focused production teamAbout the RoleYou will be operating CAT 992K & WA1200 loaders across mining production and earthworks activities.Duties may include:Operating CAT 992K/ WA1200 loaders safely and efficientlySupporting load-out and production activitiesWorking around haul trucks and mobile plantAssisting with topsoil and bulk earthworks tasks where requiredCompleting pre-start checks and reporting equipment issuesFollowing site safety procedures and supervisor instructionsMaintaining high standards of machine operation and careEssential RequirementsProven experience operating CAT 992K loaders & WA1200Previous mining or heavy earthmoving experienceLoad-out experience highly regardedTopsoil operations experience highly regardedCurrent Australian driver's licenceAbility to pass site medical, drug and alcohol testingStrong commitment to safety and production standardsAbout YouYou are a skilled loader operator who is confident operating large equipment in a mining environment. You work s"
EOI Talent Community: Experienced Excavator & Ancil Mining Operators,Listed two days ago,Perth WA,WA,N/A,N/A,https://www.seek.com.au/job/93246909?type=standard&ref=search-standalone#sol=4b90a4451a6d56488bc3b27730b5b8040831ab5b,2026-07-12 08:30:37,N/A,N/A,N/A,N/A
Excavator /All Rounder Operator - 2/2 Roster - $80+ Per Hour,Listed two days ago,Perth WA,WA,$70 - $80 Per Hour | Excavator & All Rounder Roles,Casual,https://www.seek.com.au/job/93236611?type=standard&ref=search-standalone#sol=659c0ea0e0df7986db2cd64f8f4ceef73ddd340b,2026-07-12 08:30:37,N/A,N/A,N/A,N/A
Production Excavator Operators - $80 Per Hour,Listed four days ago,Perth WA,WA,$80 Per Hour + Super | 7k Gross Per Week | 2/1 Roster,Casual,https://www.seek.com.au/job/93198836?type=standard&ref=search-standalone#sol=60f9a9fd344e490472b7fdf1a1b2ba41efde3baa,2026-07-12 08:30:37,N/A,N/A,N/A,N/A
Excavator Operators / Loader Operators,Listed three days ago,"Cottesloe,Perth WA",WA,N/A,N/A,https://www.seek.com.au/job/93217029?type=standard&ref=search-standalone#sol=4c5f85919dfd717a7352618697c9af299773f0ea,2026-07-12 08:30:37,N/A,N/A,N/A,N/A
All Round Plant Operators,Listed six days ago,Perth WA,WA,$55-$65 / Hr,Contract,https://www.seek.com.au/job/93127345?type=standard&ref=search-standalone#sol=dc72f3fc07fa909b2d8d2392e8033d6e39ba073d,2026-07-12 08:30:37,N/A,N/A,N/A,N/A
Mobile Plant Operators - FIFO,Listed ten days ago,Perth WA,WA,N/A,FIFO,https://www.seek.com.au/job/93065123?type=standard&ref=search-standalone#sol=bdb11e04da0fee646260e09cd242bf11f70df6ad,2026-07-12 08:30:37,N/A,N/A,N/A,N/A
Mobile Plant Operators | BIBO and DIDO,Listed four days ago,"Boddington,Mandurah & Peel WA",WA,$50 – $64 per hour PLUS Super,Contract,https://www.seek.com.au/job/93187309?type=standard&ref=search-standalone#sol=5e8c89b877a8e27a34200556ca36747c8b409ae3,2026-07-12 08:30:37,drivers_license|drug_alcohol_test|machinery_ticket,N/A,N/A,"Resource Uphas partnered with a well established mining principal looking for a variety of Mobile Plant Operators to join their growing team.Suitable for local residing in the regions ofMandurah, Pinjarra, Dwellingup, North Dandalup, Serpentine, Boddington, Wandering, Waroona. Please only apply if you live in these regions!!You’llbe home after the end of your daily shift, the coach will drop you back to either Mandurah, Pinjarra or Dwellingup pick up point.Our roles areON GOING Contract Roles.so if you are looking for a long term opportunity this is the place and we can help.Day Shifts:0615 am to 0630 pmNight Shifts:0615pm to 0630amDIDO or BIBO.Sportsman Roster (3D2N 5OFF, 2D2N 5OFF, 2D3N 4OFF...)You Can Start Immediately!What we are looking for:Dump Truck Operators:CAT 785Dozer Operators: D10, D475All Round Operators: EX-2500/2600, CAT993, D10/D11, 16M/24M and D475Skills/Requirements:Minimum 1 year experience working in the civil & mining industryHold a valid Australian driver licenseMust be able to pass a pre-employment medical & drug and alcohol testProvide at least 2 recent working contactable referencesHave legal working rights within AustraliaWEEKLY PAYThese are exciting opportunities working for highly regarded multi-disciplined mining companies.As an equal opportunity employer, we encourage and promote diversity and inclusion and welcome applications from all backgrounds."
MULTIPLE ROLES - Dozer / Grader / Loader / Dump Truck / Water Cart,Listed twenty days ago,"Wiluna,Kalgoorlie, Goldfields & Esperance WA",WA,N/A,FIFO,https://www.seek.com.au/job/92849549?type=standard&ref=search-standalone#sol=d061c665eb1eb9448d10f0cb62d73219cb105836,2026-07-12 08:30:37,N/A,N/A,N/A,N/A
HR Watercart / Dump Truck Operator - $55 Per Hour,Listed three days ago,Perth WA,WA,$55 Per Hour + Super | Fast Mobilisation,Casual,https://www.seek.com.au/job/93217805?type=standard&ref=search-standalone#sol=37681cd071d648823ad6c39fe49d3d1910419fdc,2026-07-12 08:30:37,N/A,N/A,N/A,N/A
Civil Operator - Mobile Plant,Listed three hours ago,Perth WA,WA,N/A,N/A,https://www.seek.com.au/job/93266444?type=standard&ref=search-standalone#sol=60503c4da23428439f09254db0bf0dcd2e346f99,2026-07-12 08:30:37,N/A,N/A,N/A,N/A
Operator Senior Mine,Listed six days ago,"Boddington,Mandurah & Peel WA",WA,N/A,N/A,https://www.seek.com.au/job/93138719?type=standard&ref=search-standalone#sol=199eef9a4c148f6e05f57ec4ec8a799cf4aa9e91,2026-07-12 08:30:37,N/A,N/A,N/A,N/A
Excavator Operator,Listed six days ago,Perth WA,WA,$2500 sign on bonus! Full time positions available on a FIFO 2:1 roster.,FIFO,https://www.seek.com.au/job/93145291?type=standard&ref=search-standalone#sol=315e05cf9f0aa1c97b97d60673514d71884c2229,2026-07-12 08:30:37,N/A,N/A,N/A,N/A
Mobile Plant Operators,Listed three days ago,"Rockingham & Kwinana,Perth WA",WA,N/A,Casual,https://www.seek.com.au/job/93214197?type=standard&ref=search-standalone#sol=808c84db4d6b4fd2d0ef8124ad53afd5f1ac404e,2026-07-12 08:30:37,N/A,N/A,N/A,N/A
Mobile Plant Operator,Listed two days ago,"Albany,Albany & Great Southern WA",WA,"$95,800 annual salary + additional penalties/rates for any extra hours worked",N/A,https://www.seek.com.au/job/93240061?type=standard&ref=search-standalone#sol=9fbeaa18c2deff00d0f0041980f4c21eaaa92b99,2026-07-12 08:30:37,N/A,N/A,N/A,N/A
D10T Dozer operator - Toodyay,atMHM Plant Services,Perth WA,WA,$65 – $75 per hour,Casual,https://www.seek.com.au/job/93165126?type=promoted&ref=search-standalone#sol=4ff0c972d84ed6e0e5a9b30611d2557b7be1baf6,2026-07-13 09:42:35,N/A,N/A,N/A,N/A
Dozer Operators - Perth,atConnect Resources Pty Ltd,Perth WA,WA,N/A,N/A,https://www.seek.com.au/job/93161336?type=promoted&ref=search-standalone#sol=7790224a4719773eb699abd046fc1e40ac34054b,2026-07-13 09:42:35,N/A,N/A,N/A,N/A
Dozer Operator,Listed four days ago,"Midland,Perth WA",WA,$59 - $60 p.h. + Fuel Assistance,Contract,https://www.seek.com.au/job/93224787?type=standard&ref=search-standalone#sol=099610cf9304cf0788b4260e7363b4a26e3b262d,2026-07-13 09:42:35,N/A,N/A,N/A,N/A
D10T Dozer operator - Toodyay,Listed six days ago,Perth WA,WA,$65 – $75 per hour,Casual,https://www.seek.com.au/job/93165126?type=standard&ref=search-standalone#sol=b20bf3a20c80e37cc92ecfbccac2355cf356c7ae,2026-07-13 09:42:35,N/A,N/A,N/A,N/A
Civil Operator - Mobile Plant,Listed one day ago,Perth WA,WA,N/A,N/A,https://www.seek.com.au/job/93266444?type=standard&ref=search-standalone#sol=1ca91cb5ef26b35a920b73fcad5163cbc307df94,2026-07-13 09:42:35,N/A,N/A,N/A,N/A
Dozer Operators - Perth,Listed six days ago,Perth WA,WA,N/A,N/A,https://www.seek.com.au/job/93161336?type=standard&ref=search-standalone#sol=eb430f05dad539359b0f86f19803ddae2fefe700,2026-07-13 09:42:35,N/A,N/A,N/A,N/A
Dozer Operator,Listed three days ago,Perth WA,WA,N/A,Contract,https://www.seek.com.au/job/93237943?type=standard&ref=search-standalone#sol=fd41c5b8c1511d4159e9baad0c8c4e0e9c4bf2d2,2026-07-13 09:42:35,white_card|drug_alcohol_test,excavator_ticket,N/A,"*Indigenous Applicants Encouraged to Apply*Macro Mining Services Pty Ltd|Full-time Contract|FIFO — WA Project Sites (Pilbara)We're looking for a proven Dozer Operator who can jump on the dozer and other mobile plant to get the job done safely, properly and without cutting corners. If you've got genuine experience across civil earthworks, earthmoving and rehabilitation, and you take pride in doing things right the first time, we want to hear from you.Macro Mining Services is a wholly owned subsidiary of ASX-listed Macro Metals Limited (ASX: M4M). We deliver end-to-end mining services across the full project lifecycle in Western Australia — from technical services and contract mining through to crushing and screening, bulk haulage, export and logistics, and rehabilitation. We work alongside Tier-1 operators as one team, integrating directly into client systems, aligning with site requirements and delivering safely, efficiently and transparently.The RoleYou'll be embedded in a small, tight-knit crew delivering project works at our Pilbara-based project. This role requires genuine versatility - you'll move between machines and tasks as the project requires. Day to day, you'll be responsible for:Operating a range of heavy earthmoving equipment, including excavators, dozers, loaders, graders, and water cartsCivil earthworks including bulk earthmoving, cut and fill, drainage construction, drill pad construction, access road building and maintenanceExperience on Tier-1 civil earthwor"
Dozer Operator,Listed fourteen days ago,"Toodyay,Northam & Wheatbelt WA",WA,N/A,Contract,https://www.seek.com.au/job/92996979?type=standard&ref=search-standalone#sol=189ec94ad0233edf9d99d91e5b2cc7c8a2fed5d7,2026-07-13 09:42:35,N/A,N/A,N/A,N/A
D10 Dozer Operator,Listed five days ago,Perth WA,WA,$65-$75/hr depending on experience,Casual,https://www.seek.com.au/job/93197516?type=standard&ref=search-standalone#sol=e7b661e2528c0d93098678cce5f32d2fb0ba3e85,2026-07-13 09:42:35,N/A,N/A,N/A,N/A
CAT D10 Dozer Operators | FIFO,Listed five days ago,Perth WA,WA,$65 - $75 + Superannuation,FIFO,https://www.seek.com.au/job/93196539?type=standard&ref=search-standalone#sol=92f35fba6b42650530649d36a6bbd0f4f167ab2f,2026-07-13 09:42:35,N/A,N/A,N/A,N/A
Excavator/Dozer Operators,Listed four days ago,Perth WA,WA,N/A,Contract,https://www.seek.com.au/job/93217120?type=standard&ref=search-standalone#sol=834f91f297ecc31a39dc664be0218c0bd8151db1,2026-07-13 09:42:35,N/A,N/A,N/A,N/A
All Rounder - Mainly Dozer,Listed four days ago,Perth WA,WA,$81.60 per hour nightshift,FIFO,https://www.seek.com.au/job/93226161?type=standard&ref=search-standalone#sol=9a6f2747048bf5d6307426809c25b4f1447fbb74,2026-07-13 09:42:35,N/A,N/A,N/A,N/A
Dozer Operator,Listed six days ago,"Boddington,Mandurah & Peel WA",WA,N/A,Contract,https://www.seek.com.au/job/93173064?type=standard&ref=search-standalone#sol=fa761dd38b96a63cd434f8e95eb150865eb70ab8,2026-07-13 09:42:35,N/A,N/A,N/A,N/A
D10 Dozer Operator,Listed four days ago,"Newman,Port Hedland, Karratha & Pilbara WA",WA,N/A,Contract,https://www.seek.com.au/job/93211274?type=standard&ref=search-standalone#sol=9ae613b72fae3a941d6c31c622b7406cd74101aa,2026-07-13 09:42:35,N/A,N/A,N/A,N/A
Civil Mobile Plant Operators,Listed six hours ago,Perth WA,WA,$60 - $65 per hour dependent on position and exp,FIFO,https://www.seek.com.au/job/93277782?type=standard&ref=search-standalone#sol=ca5b69f4741301d9de73c7c36c92b84919c5105a,2026-07-13 09:42:35,N/A,N/A,N/A,N/A
Dozer Operator,Listed seven days ago,Perth WA,WA,N/A,FIFO,https://www.seek.com.au/job/93131654?type=standard&ref=search-standalone#sol=5657a7ca749072c3288e3ad836b02136fcdf85d2,2026-07-13 09:42:35,N/A,N/A,N/A,N/A
Surge Pile Dozer Operator,Listed six days ago,"Boddington,Mandurah & Peel WA",WA,N/A,Contract,https://www.seek.com.au/job/93173597?type=standard&ref=search-standalone#sol=097d714a0bfb4006ff88426cc0c4466e36288f2b,2026-07-13 09:42:35,N/A,N/A,N/A,N/A
Loader Operator,Listed five days ago,"Toodyay,Northam & Wheatbelt WA",WA,N/A,N/A,https://www.seek.com.au/job/93199234?type=standard&ref=search-standalone#sol=5904da3388480769cacbd0e488d56d28d49b3a57,2026-07-13 09:42:35,N/A,N/A,N/A,N/A
FIFO Dozer & Multi Skilled Operators | $61 - $70 p/h | 2/1 FIFO Perth,Listed four days ago,"Perth Airport,Perth WA(Remote)",WA,$61 - $70 p/h,Contract,https://www.seek.com.au/job/93220645?type=standard&ref=search-standalone#sol=34e0af987401a400699f9b565d2e18ef87de3ebf,2026-07-13 09:42:35,N/A,N/A,N/A,N/A
Dozer Operator,Listed ten days ago,Perth WA,WA,"Dozer Operator for Goldfields earthworks, paying a flat $60/hr",Contract,https://www.seek.com.au/job/93109415?type=standard&ref=search-standalone#sol=8cb0566aa9935d36808fa89c29904d5ee7bb704c,2026-07-13 09:42:35,N/A,N/A,N/A,N/A
30x Mobile Plant Operator Up To $75 Per Hour**,Listed ten days ago,Perth WA,WA,30+ VACANCIES | ASAP STARTS | UP TO $75 PER HOUR,Casual,https://www.seek.com.au/job/93098382?type=standard&ref=search-standalone#sol=c1279568e5f3a5030ff316e5ea617374de124822,2026-07-13 09:42:35,N/A,N/A,N/A,N/A
Excavator & Dozer Operators,Listed three days ago,Perth WA,WA,Up to $80/hr | Weekly pay + Super on all hours,Contract,https://www.seek.com.au/job/93242758?type=standard&ref=search-standalone#sol=351f1da278975b8305d55df172bd2784bab9eef9,2026-07-13 09:42:35,N/A,N/A,N/A,N/A
Dozer Operator,Listed ten days ago,Perth WA,WA,Rates approx. $80/hr,Contract,https://www.seek.com.au/job/93100802?type=standard&ref=search-standalone#sol=351ea56ec0fc408f305de8de85895564e0a33091,2026-07-13 09:42:35,N/A,N/A,N/A,N/A
Ancillary Mobile Plant Operators (Dozer / Loader) Newly-created roles,Listed three days ago,"Port Hedland,Port Hedland, Karratha & Pilbara WA",WA,N/A,FIFO,https://www.seek.com.au/job/93253059?type=standard&ref=search-standalone#sol=6de3613570a6a5b26e9208ec811da89dc38ca5e3,2026-07-13 09:42:35,N/A,N/A,N/A,N/A
Dozer Operators FIFO,Listed ten days ago,Perth WA,WA,$68.26-$72.31/hr,Contract,https://www.seek.com.au/job/93103799?type=standard&ref=search-standalone#sol=5bc21a6c67dbb8dfb4ccef2bdccfde120911c736,2026-07-13 09:42:35,N/A,N/A,N/A,N/A
Dozer Operator,Listed ten days ago,Perth WA,WA,Pay rates up to $70 p/h + Super paid on all hours,Contract,https://www.seek.com.au/job/93100125?type=standard&ref=search-standalone#sol=f524f59b6fce1cdc51772fb4c6e40e4ff8fccd0a,2026-07-13 09:42:35,N/A,N/A,N/A,N/A
All Round Operators,Listed four days ago,"Cooljarloo,Northam & Wheatbelt WA",WA,$55 – $60 per hour,N/A,https://www.seek.com.au/job/93210077?type=standard&ref=search-standalone#sol=f69b93cfd9896c05483ec48f5f5b51e2eb992f16,2026-07-13 09:42:35,N/A,N/A,N/A,N/A
FIFO Dozer Operator,Listed twenty four days ago,Perth WA,WA,N/A,Casual,https://www.seek.com.au/job/92830578?type=standard&ref=search-standalone#sol=2df5b2dac47752347539895a5d385ac42a69f1c9,2026-07-13 09:42:35,N/A,N/A,N/A,N/A
Dozer operators - FIFO,Listed twenty one days ago,Perth WA,WA,$81.60 per hour nightshift,FIFO,https://www.seek.com.au/job/92858571?type=standard&ref=search-standalone#sol=56cbbb29691c71e821b1cce684f59d8f9652515d,2026-07-13 09:42:35,N/A,N/A,N/A,N/A
Operator Dozer,Listed seven days ago,"Laverton,Kalgoorlie, Goldfields & Esperance WA",WA,"$2500 sign on bonus, competitive rates and superannuation paid on all hours",N/A,https://www.seek.com.au/job/93145293?type=standard&ref=search-standalone#sol=6bd1084922f54427e74d8b2897af599f7f81ef4d,2026-07-13 09:42:35,N/A,N/A,mid_level,"The Role & Project:MACA is looking for experienced Dozer Operators to join our crew on a 2:1 roster at the Duketon Gold Project in the Goldfields of Western Australia. For over 10 years, we've partnered with Regis Resources to keep this major gold mine running strong. Duketon is all about efficient, safe, and responsible mining, and we need hardworking operators like you to help us keep things moving.In this role, you'll be a key part of the team, making sure operations run smoothly every day. At MACA we look out for our people, aim high, always strive to improve, and stand by our work.When you join MACA, you're joining a company that values safety, respect, and real opportunities for growth. If you're reliable, know your way around a truck, and are ready to work with a team that has your back, we want to hear from you. Apply now and be part of a crew that's making a difference in mining.To be successful in this Role, you will possess:Minimum 2 years' experience in a production mining open pit environmentCAT D9 & D10 Dozer experienceHighly motivated and the ability to work independentlyHave a""Can Do""attitude to safetyCurrent WA drivers' licenceWhat we will offer you:$2,500 sign on bonusCompetitive rates and 2:1 rosterGreat camp facilitiesSuperannuation benfits - build your future with super paid on all hours workedCareer development and upskilling - on going training and development to advance your skillsSupportive management and close knit team environmentReferral bonuses - "
Mobile Plant Operators,Listed three days ago,"Karratha,Port Hedland, Karratha & Pilbara WA",WA,N/A,Contract,https://www.seek.com.au/job/93253852?type=standard&ref=search-standalone#sol=2d4c71dd2647448130d0a60347f033c76cace9f2,2026-07-13 09:42:35,N/A,N/A,N/A,N/A
Dozer Operator,Listed fourteen days ago,"Perenjori,Geraldton, Gascoyne & Midwest WA",WA,"Is operating D10s your thing? Earn employee referral bonuses up to $3,000 at our Karara project - come join us, we offer plenty of benefits!",FIFO,https://www.seek.com.au/job/93003432?type=standard&ref=search-standalone#sol=a9521be6d73bbd436b76924624c42153afc9c8ab,2026-07-13 09:42:35,N/A,N/A,N/A,N/A
Automotive Technician,Automotive TechnicianatAvon Valley ToyotaImmediate start,"Northam,Northam & Wheatbelt WA",WA,$30 – $36 per hour,N/A,https://www.seek.com.au/job/93241522?type=promoted&ref=search-standalone#sol=d7e2d2cd5b7c3f19abeaec7d409f3e423a23413b,2026-07-13 19:40:12,N/A,N/A,N/A,N/A
Mobile Plant Mechanics & Auto Electricians,atDynamic Diesel Mechanical Services Pty Ltd,Perth WA,WA,N/A,Casual,https://www.seek.com.au/job/92994122?type=promoted&ref=search-standalone#sol=ee2c7199782a8e8e952b2a155d56ab0137daf6c9,2026-07-13 19:40:12,N/A,N/A,N/A,N/A
Automotive Technician,Listed three days ago,"Northam,Northam & Wheatbelt WA",WA,$30 – $36 per hour,N/A,https://www.seek.com.au/job/93241522?type=standard&ref=search-standalone#sol=a0344a56067b91c2abcc60bd864a11a277434901,2026-07-13 19:40:12,N/A,N/A,N/A,N/A
Plant Mechanic,Listed fourteen hours ago,"Perth Airport,Perth WA",WA,N/A,Contract,https://www.seek.com.au/job/93281378?type=standard&ref=search-standalone#sol=41ff3e7aac6016af78e1bb8c93b781633dc03a69,2026-07-13 19:40:12,N/A,N/A,N/A,N/A
Mobile Plant Mechanics & Auto Electricians,Listed fourteen days ago,Perth WA,WA,N/A,Casual,https://www.seek.com.au/job/92994122?type=standard&ref=search-standalone#sol=bf03fbb86d0a693d1a1121a9e28353e982f5a664,2026-07-13 19:40:12,N/A,N/A,N/A,N/A
Diesel Mechanic,Listed one day ago,"Fremantle,Perth WA",WA,$55 – $65 per hour,N/A,https://www.seek.com.au/job/93255833?type=standard&ref=search-standalone#sol=412baea3d5d9f9130d19bd803ad7e257b1d53951,2026-07-13 19:40:12,N/A,N/A,N/A,N/A
Mobile Plant Mechanic,Listed six days ago,"Belmont,Perth WA",WA,N/A,N/A,https://www.seek.com.au/job/93168350?type=standard&ref=search-standalone#sol=99a3f4983ebbe5669709532c6c88a9c108526621,2026-07-13 19:40:12,N/A,N/A,N/A,N/A
Workshop Technician,Listed seventeen hours ago,"Canning Vale,Perth WA",WA,$35ph to $40ph + Penalties (Experience based),N/A,https://www.seek.com.au/job/93274136?type=standard&ref=search-standalone#sol=be6e0b18cbbd37df58729ff3e6b64a4864d2cb63,2026-07-13 19:40:12,N/A,N/A,N/A,N/A
Mobile Plant Mechanics (Fulltime & Casual),Listed seven days ago,atWestern Plant Hire (WA) Pty Ltd,WA,$60 – $75 per hour (Full Time & Casual),Casual,https://www.seek.com.au/job/93130770?type=standard&ref=search-standalone#sol=9c60a0386fe731f9b20f0c4843ba4c4e98f66300,2026-07-13 19:40:12,N/A,N/A,N/A,N/A
Plant Mechanic,Listed six days ago,"Kewdale,Perth WA",WA,Starting from $56.00 per hour base,N/A,https://www.seek.com.au/job/93164337?type=standard&ref=search-standalone#sol=996fc497a261a483cd14b2616e00f5de93e8cb2c,2026-07-13 19:40:12,N/A,N/A,N/A,N/A
Motor Mechanic/LV Mechanic,Listed two hours ago,Perth WA,WA,N/A,N/A,https://www.seek.com.au/job/93295344?type=standard&ref=search-standalone#sol=c78d16135994c3abf760b42ecd65e1f8a03d435f,2026-07-13 19:40:12,first_aid|drug_alcohol_test|heavy_vehicle_license,N/A,mid_level,"Motor Mechanic/LV MechanicLocation:Various sites across Western Australia (Pilbara Region)Salary:$45 per hour (depending on experience and qualifications)Employment Type:Full-TimeAbout Ready Resources Ready Resources is a proudly Western Australian owned and operated company, providing skilled trades and workforce solutions to leading mining, industrial, and resource sector clients across Australia. We are currently seeking experienced Mechanics to join our team for ongoing site-based and workshop opportunities throughout the Pilbara region.About the RoleAs a Mechanic with Ready Resources, you will be responsible for the servicing, maintenance, repair, testing, diagnosis, and modification of heavy vehicles, mobile plant, mechanical equipment, and associated control systems. Work may be performed across mining sites, client workshops, industrial facilities, and remote locations throughout Western Australia.Skills, Qualifications & ExperienceTrade Qualified Mechanic with a recognised apprenticeshipMinimum 5 years' post-apprenticeship experienceRecognised Automotive or Heavy Mechanical Trade CertificateCurrent WA Driver’s LicenceCurrent Senior First Aid CertificateCurrent Medical and Drug & Alcohol Clearance (or ability to obtain)Strong diagnostic, fault-finding, and troubleshooting skillsAbility to work independently and within a team environmentStrong commitment to workplace safety and compliancePrevious mining, resource, or heavy industry experience highly regardedKey Duties "
Heavy Diesel Mechanic - Field Service,Listed seven days ago,"Port Hedland,Port Hedland, Karratha & Pilbara WA",WA,Up to $78.00 per hour,Casual,https://www.seek.com.au/job/93141907?type=standard&ref=search-standalone#sol=89d9b5ccd8758b8a867a8cd4611afe7228395c1a,2026-07-13 19:40:12,N/A,N/A,N/A,N/A
Plant Mechanic - Fitter,Listed three days ago,"Jandakot,Perth WA",WA,N/A,Temporary,https://www.seek.com.au/job/93247306?type=standard&ref=search-standalone#sol=310348ffe117dc2ce861fe3954797e3dcee19892,2026-07-13 19:40:12,N/A,N/A,N/A,N/A
Heavy Duty Diesel Mechanic,Listed ten days ago,"Perth Airport,Perth WA",WA,$70 – $105 per hour,Full-time,https://www.seek.com.au/job/93097188?type=standard&ref=search-standalone#sol=57014f1f97e0abe3afefe06b30539ea5189f15d1,2026-07-13 19:40:12,N/A,N/A,N/A,N/A
Heavy Diesel Mechanic,Listed eleven days ago,"Port Hedland,Port Hedland, Karratha & Pilbara WA",WA,Up to $78.00 per hour,FIFO,https://www.seek.com.au/job/93069740?type=standard&ref=search-standalone#sol=09008609d5703109d5d338e4c63006f4967137cc,2026-07-13 19:40:12,N/A,N/A,N/A,N/A
Workshop Technician,Listed seven days ago,"Welshpool,Perth WA",WA,N/A,N/A,https://www.seek.com.au/job/93144101?type=standard&ref=search-standalone#sol=a799129c37d7c343ab1388102697c4c7129654c5,2026-07-13 19:40:12,N/A,N/A,N/A,N/A
Workshop Mechanic,Listed seven days ago,"Bibra Lake,Perth WA",WA,N/A,N/A,https://www.seek.com.au/job/93143374?type=standard&ref=search-standalone#sol=820d6a4cd7f3e968b7955759764f36d8684363f9,2026-07-13 19:40:12,N/A,N/A,N/A,N/A
Heavy Plant Mechanic FIELD SERVICE,Listed twelve days ago,Perth WA,WA,$80 – $88 per hour,Contract,https://www.seek.com.au/job/93047530?type=standard&ref=search-standalone#sol=64b3efd19ab9e7c3dd3a56cc92d84a73f2f4b98e,2026-07-13 19:40:12,N/A,N/A,N/A,N/A
Heavy Duty Field Mechanic,Listed eleven days ago,"Geraldton,Geraldton, Gascoyne & Midwest WA(Remote)",WA,$55 – $75 per hour,N/A,https://www.seek.com.au/job/93088007?type=standard&ref=search-standalone#sol=467865085a8c3cb568f543a327ce50704a25cf6c,2026-07-13 19:40:12,N/A,N/A,N/A,N/A
LV Mechanic Upskill to Mobile Plant Mechanic,Listed five days ago,Perth WA,WA,$50 per hour - Full Training Provided,N/A,https://www.seek.com.au/job/93186032?type=standard&ref=search-standalone#sol=350a8a2ceec0f26200333c5383a29220c787ee4c,2026-07-13 19:40:12,N/A,N/A,N/A,N/A
Heavy Diesel Mechanic,Listed fourteen days ago,Perth WA,WA,$60 – $80 per hour,N/A,https://www.seek.com.au/job/92996186?type=standard&ref=search-standalone#sol=fbd2c3730e72eaa25654620f08b874ae191961e6,2026-07-13 19:40:12,N/A,N/A,N/A,N/A
Mobile Plant - Diesel Mechanics  FIFO/DIDO - Contract $85 - $95 p/hr,Listed seven days ago,"Perth Airport,Perth WA",WA,$85 - $95 per hour,Contract,https://www.seek.com.au/job/93144816?type=standard&ref=search-standalone#sol=6c06edfe13bd58cfd079f7f4d9b8eb25b5b0ae2e,2026-07-13 19:40:12,N/A,N/A,N/A,N/A
Mechanical Service Technicians - FIFO or Local Perth,Listed four days ago,"Malaga,Perth WA(Hybrid)",WA,$85.00,Contract,https://www.seek.com.au/job/93226608?type=standard&ref=search-standalone#sol=d199da0dc46802be4b09c9f8d1707f99f340bc1f,2026-07-13 19:40:12,N/A,N/A,N/A,N/A
Expression Of Interest - Service Mechanics & Plant Mechanics,Listed seven days ago,"Kalgoorlie,Kalgoorlie, Goldfields & Esperance WA",WA,N/A,N/A,https://www.seek.com.au/job/93147018?type=standard&ref=search-standalone#sol=21e64936dbe49ce7b12680d856d22bcaac251964,2026-07-13 19:40:12,N/A,N/A,N/A,N/A
Heavy Diesel Mechanic (Casual or Full Time) – FIFO,Listed twenty three days ago,Perth WA,WA,$70 – $90 per hour,Contract,https://www.seek.com.au/job/92841120?type=standard&ref=search-standalone#sol=d6d9156521a23a9126ae214c65095bb483e7fd07,2026-07-13 19:40:12,N/A,N/A,N/A,N/A
Mobile Plant Mechanic / Drill,Listed twenty six days ago,"Forrestdale,Perth WA",WA,"$145,000 – $160,000 per year",FIFO,https://www.seek.com.au/job/92776780?type=standard&ref=search-standalone#sol=a03ad7720fcf9ae1d0034fee30183c27943ffc5f,2026-07-13 19:40:12,N/A,N/A,N/A,N/A
Heavy Duty Diesel Mechanic | Kenworth | Cummins,Listed ten days ago,"Maddington,Perth WA",WA,$55 – $70 per hour,Full-time,https://www.seek.com.au/job/93108785?type=standard&ref=search-standalone#sol=2c1bc47b8700c7d16c89305970385f7748502ae6,2026-07-13 19:40:12,N/A,N/A,N/A,N/A
Heavy Diesel Mechanic - 30 New Opportunities,Listed three days ago,"Port Hedland,Port Hedland, Karratha & Pilbara WA",WA,N/A,FIFO,https://www.seek.com.au/job/93237227?type=standard&ref=search-standalone#sol=2a5e2285cccb02f6628f99cce93a46bfcf5590e9,2026-07-13 19:40:12,N/A,N/A,N/A,N/A
Heavy Diesel Mechanic,Listed fifteen hours ago,"Kalgoorlie,Kalgoorlie, Goldfields & Esperance WA",WA,N/A,FIFO,https://www.seek.com.au/job/93279048?type=standard&ref=search-standalone#sol=3add892cd4ffe41ca083d688f8f53751ae7331e4,2026-07-13 19:40:12,N/A,N/A,N/A,N/A
Heavy Diesel Mechanic,Listed ten days ago,"Guildford,Perth WA",WA,"Up to $200,000 per year (Based on experience)",FIFO,https://www.seek.com.au/job/93107923?type=standard&ref=search-standalone#sol=e7a309e41d0cccf5284dfe4a4ea7f2cbf43072f0,2026-07-13 19:40:12,N/A,N/A,N/A,N/A
Technician - Workshop,Listed twelve days ago,"Welshpool,Perth WA",WA,N/A,N/A,https://www.seek.com.au/job/93060164?type=standard&ref=search-standalone#sol=f0bdbfd0db31fb8a78b99566d06d5c4d2fda5370,2026-07-13 19:40:12,N/A,N/A,N/A,N/A
Mechanical Pump Fitter,Listed ten days ago,"Welshpool,Perth WA(Hybrid)",WA,N/A,N/A,https://www.seek.com.au/job/93099791?type=standard&ref=search-standalone#sol=68b671f2b0399fa05190e3541190ecfe34aa79ef,2026-07-13 19:40:12,N/A,N/A,N/A,N/A
Trainee Truck Driver,Trainee Truck DriveratGold Fields Australia Pty Limited,"Kalgoorlie,Kalgoorlie, Goldfields & Esperance WA",WA,N/A,N/A,https://www.seek.com.au/job/93280826?type=promoted&ref=search-standalone#sol=3b93677e459c45cf0e413430abd384693a78420c,2026-07-14 02:58:02,N/A,N/A,N/A,N/A
Underground Service Crew,Underground Service CrewatGold Fields Australia Pty Limited,Perth WA,WA,N/A,FIFO,https://www.seek.com.au/job/93282513?type=promoted&ref=search-standalone#sol=19ac27f1efa25db7f3199de33492233d292e939b,2026-07-14 02:58:02,N/A,N/A,N/A,N/A
Trainee Truck Driver,Listed twenty two hours ago,"Kalgoorlie,Kalgoorlie, Goldfields & Esperance WA",WA,N/A,N/A,https://www.seek.com.au/job/93280826?type=standard&ref=search-standalone#sol=ed69ad2be49395d353e86ee44894f20e327a894c,2026-07-14 02:58:02,N/A,N/A,N/A,N/A
Operator Nipper,Listed one day ago,Perth WA,WA,"Access Barminco's Employee Referral Program - earn up to $10,000 per referral",FIFO,https://www.seek.com.au/job/93268359?type=standard&ref=search-standalone#sol=2d6f1c4a4d57651b50cec08ba0f780d262b01f65,2026-07-14 02:58:02,N/A,N/A,N/A,N/A
Underground Service Crew,Listed twenty one hours ago,Perth WA,WA,N/A,FIFO,https://www.seek.com.au/job/93282513?type=standard&ref=search-standalone#sol=b3d71179f73fe785cc1e45e43d0cf1fca69e3bae,2026-07-14 02:58:02,N/A,N/A,N/A,N/A
Driller's Offsider / Entry Level Utilities,Listed five days ago,"Wangara,Perth WA",WA,"$105,000 – $120,000 per year",FIFO,https://www.seek.com.au/job/93212195?type=standard&ref=search-standalone#sol=cd39435c86ab524432e6d9bb113647468f8710d0,2026-07-14 02:58:02,N/A,N/A,N/A,N/A
Entry Level Drillers Offsider - FIFO | Surface & Underground | $120k+,Listed four days ago,Perth WA,WA,"Circa $116,000 to $130,000",FIFO,https://www.seek.com.au/job/93223620?type=standard&ref=search-standalone#sol=8878d4c5022a7940f9d92595e66087c3328dcc0e,2026-07-14 02:58:02,N/A,N/A,N/A,N/A
Operator Nipper,Listed seven days ago,"Broome,Broome & Kimberley WA",WA,"Access Barminco's Employee Referral Program - earn up to $10,000 per referral",FIFO,https://www.seek.com.au/job/93162660?type=standard&ref=search-standalone#sol=c7c2433aa828a40969764fcdab5917c000e8a954,2026-07-14 02:58:02,N/A,N/A,N/A,N/A
Entry Level Drillers Offsider & Traineeship,Listed five days ago,"Helena Valley,Perth WA",WA,N/A,Contract,https://www.seek.com.au/job/93210937?type=standard&ref=search-standalone#sol=e6166d7e298448efa4b4b423ae03d699c98eb24a,2026-07-14 02:58:02,N/A,N/A,N/A,N/A
Underground Nipper,Listed twenty one hours ago,Perth WA,WA,N/A,FIFO,https://www.seek.com.au/job/93282154?type=standard&ref=search-standalone#sol=c90adaa33f717b127bba205c232994dd033ce073,2026-07-14 02:58:02,N/A,N/A,N/A,N/A
Traineeship - Dump Truck Operator,Listed twenty two hours ago,Perth WA,WA,N/A,N/A,https://www.seek.com.au/job/93279404?type=standard&ref=search-standalone#sol=69fd84331353af70a4da740e019195bc7c97a761,2026-07-14 02:58:02,N/A,N/A,N/A,N/A
Geotechnical Drillers Offsider,Listed twenty three hours ago,"Jandakot,Perth WA",WA,$40 – $45 per hour,Casual,https://www.seek.com.au/job/93276454?type=standard&ref=search-standalone#sol=c517d8bdba42496dc245a7cdba578e4397a955f0,2026-07-14 02:58:02,N/A,N/A,N/A,N/A
Entry Level Mining opportunities,Listed seventeen days ago,"Kalgoorlie,Kalgoorlie, Goldfields & Esperance WA",WA,N/A,Casual,https://www.seek.com.au/job/92969281?type=standard&ref=search-standalone#sol=67b72e99dc586e9c1a7c7bda42a71864d2fb57ae,2026-07-14 02:58:02,N/A,N/A,N/A,N/A
Entry Level and Experienced Drillers and Offsiders,Listed four days ago,Perth WA(Hybrid),WA,N/A,N/A,https://www.seek.com.au/job/93241023?type=standard&ref=search-standalone#sol=52c38549568ca7d911170ea83c7e4812a8e34485,2026-07-14 02:58:02,N/A,N/A,N/A,N/A
Driller Assistant Position,Listed eleven days ago,Perth WA(Remote),WA,N/A,N/A,https://www.seek.com.au/job/93096782?type=standard&ref=search-standalone#sol=ba1997c17c7420222bfffa4cdbf642788aacb3a0,2026-07-14 02:58:02,N/A,N/A,N/A,N/A
Trainee Driller/Sampler,Listed six days ago,Perth WA,WA,$47 – $50 per hour,FIFO,https://www.seek.com.au/job/92721871?type=standard&ref=search-standalone#sol=39ec744c1d86e3b19a6f27dad93f3e10a8b022aa,2026-07-14 02:58:02,N/A,N/A,N/A,N/A
Nipper,Listed twenty eight days ago,Perth WA,WA,$57 per hour,Contract,https://www.seek.com.au/job/92249564?type=standard&ref=search-standalone#sol=1f9d86ae9d166572de9bd02343fffaf36a99490a,2026-07-14 02:58:02,N/A,N/A,N/A,N/A
Operator Nipper,Listed seven days ago,"Geraldton,Geraldton, Gascoyne & Midwest WA",WA,"Access Barminco's Employee Referral Program - earn up to $10,000 per referral",FIFO,https://www.seek.com.au/job/93162666?type=standard&ref=search-standalone#sol=582c67f9d2f564355a47199f5fdc34c433941661,2026-07-14 02:58:02,N/A,N/A,N/A,N/A
Production Worker - Mining OEM,Listed one day ago,Perth WA,WA,$36 - $38 p.h. + Super On Top,N/A,https://www.seek.com.au/job/93274575?type=standard&ref=search-standalone#sol=363e3d4e21b677520a91c9843d1a4a9c113155af,2026-07-14 02:58:02,N/A,N/A,N/A,N/A
Operator All Rounder Mine Development (Mt Holland),Listed twenty three hours ago,Perth WA,WA,N/A,N/A,https://www.seek.com.au/job/93278578?type=standard&ref=search-standalone#sol=f14860c44aa1f0a5e9aab2a6cc8c2a43b0989386,2026-07-14 02:58:02,N/A,N/A,N/A,N/A
Dump Truck Operators,Listed nineteen hours ago,Perth WA,WA,N/A,Contract,https://www.seek.com.au/job/93287102?type=standard&ref=search-standalone#sol=55397d9460bebb9058590adee6f12ca5b35b63ea,2026-07-14 02:58:02,N/A,N/A,N/A,N/A
Civil Operator - Mobile Plant,Listed one day ago,Perth WA,WA,N/A,N/A,https://www.seek.com.au/job/93266444?type=standard&ref=search-standalone#sol=0709094222e31d9a6b40155cafd1739c8af279ee,2026-07-14 02:58:02,N/A,N/A,N/A,N/A
Underground Diamond Drillers Offsider (entry level position must be WA based),Listed ten days ago,Perth WA,WA,"$120,000 – $130,000 per year",N/A,https://www.seek.com.au/job/93106857?type=standard&ref=search-standalone#sol=90b00a8dc350700f908243917e7b7314fc068fa3,2026-07-14 02:58:02,N/A,N/A,N/A,N/A
Drillers Offsider,Listed twenty one hours ago,"Helena Valley,Perth WA",WA,"From $90,000",Contract,https://www.seek.com.au/job/93281255?type=standard&ref=search-standalone#sol=fb21d26b762b1e0e49e79628920d3baa2224e856,2026-07-14 02:58:02,N/A,N/A,N/A,N/A
Underground Operators - Service Crew,Listed twenty nine days ago,Perth WA,WA,$90 – $100 per hour,Contract,https://www.seek.com.au/job/92706649?type=standard&ref=search-standalone#sol=9cfd38b7605d42a2e7ad30e117a39d1d6002934e,2026-07-14 02:58:02,N/A,N/A,N/A,N/A
Driller Assistant - Underground,Listed twenty hours ago,Perth WA,WA,"Earnings of $100,000+ in your first year as a Driller Assistant plus bonus",FIFO,https://www.seek.com.au/job/93284844?type=standard&ref=search-standalone#sol=ba9f184a2858f373f1315280be64567edb9f9988,2026-07-14 02:58:02,N/A,N/A,N/A,N/A
Dump Truck Operator,Listed one day ago,Perth WA,WA,$55/hr + Super on all hours worked,FIFO,https://www.seek.com.au/job/93272853?type=standard&ref=search-standalone#sol=76d989368c82db77d5e361adf00e346a7e82ce75,2026-07-14 02:58:02,N/A,N/A,N/A,N/A
Entry Level Drillers Offsider - FIFO | Surface & Underground | $120k+,Listed eighteen days ago,Perth WA,WA,"Circa $116,000 to $130,000",FIFO,https://www.seek.com.au/job/92944959?type=standard&ref=search-standalone#sol=fdde1b3fb8bb35c142f9a3afd816a956fbf3668e,2026-07-14 02:58:02,N/A,N/A,N/A,N/A
Entry Level Drillers Offsider - FIFO | Surface & Underground | $120k+,Listed eleven days ago,Perth WA,WA,"Circa $116,000 to $130,000",FIFO,https://www.seek.com.au/job/93083288?type=standard&ref=search-standalone#sol=6b514837d8a3bf57e9efa7ff05f7bf70d470561b,2026-07-14 02:58:02,N/A,N/A,N/A,N/A
5 x Dump Truck / HR Water Cart Operator - $55 Per Hour,Listed eighteen hours ago,Perth WA,WA,$50 Per Hour Days / $57.50 Per Hour Nights | ASAP Starts,Casual,https://www.seek.com.au/job/93289007?type=standard&ref=search-standalone#sol=19a72f54e86e38e63f90a6a3e50a3b2808fcc366,2026-07-14 02:58:02,N/A,N/A,N/A,N/A
10 x Loader Operators - $65+ Per Hour - 2/1 Roster,Listed eighteen hours ago,Perth WA,WA,2/1 Roster | $65 Per Hour | 12.5 Hour Days | ASAP Start,Casual,https://www.seek.com.au/job/93289420?type=standard&ref=search-standalone#sol=0c84191ef2a63fb20dd7c1414f9f2ffc19f10d80,2026-07-14 02:58:02,N/A,N/A,N/A,N/A
LOCAL | Drillers Assistant | Offsider | Labourer,Listed twenty two hours ago,Perth WA(Remote),WA,$35 – $45 per hour,N/A,https://www.seek.com.au/job/93280365?type=standard&ref=search-standalone#sol=e9f66aa714c22d4c9f4d06fb26f5ff35f2cba27b,2026-07-14 02:58:02,N/A,N/A,N/A,N/A
Plant Operator,Listed four days ago,"Kwinana Beach, Perth WA",WA,N/A,N/A,https://www.seek.com.au/job/93236191?type=standard&ref=search-standalone#sol=8728cb63dc2fbdc2a63316bdedd3dcf1a86061bb,2026-07-14 08:21:56,N/A,N/A,N/A,N/A
IMMEDIATE START FIFO 3:1 Watercart/Roller Operator,Listed one day ago,"Kalgoorlie, Kalgoorlie, Goldfields & Esperance WA",WA,$50 – $55 per hour,Contract,https://www.seek.com.au/job/93274156?type=standard&ref=search-standalone#sol=046e887a41226ba518d4709540241fb85bc2bfcc,2026-07-14 08:21:56,N/A,N/A,N/A,N/A
Civil Plant Operator | LOCAL,Listed one day ago,Perth WA,WA,N/A,Casual,https://www.seek.com.au/job/93287136?type=standard&ref=search-standalone#sol=fc3cea6bb092fc4c89d4faac49d801f3fa9bd0ca,2026-07-14 08:21:56,N/A,N/A,N/A,N/A
Mobile Plant Operator,Listed four days ago,"Port Hedland, Port Hedland, Karratha & Pilbara WA",WA,N/A,Casual,https://www.seek.com.au/job/93237456?type=standard&ref=search-standalone#sol=47fa99415297795b574be72e539b3cb7c8f4c5e0,2026-07-14 08:21:56,N/A,N/A,N/A,N/A
Mobile Plant Operators,Listed three days ago,"Karratha, Port Hedland, Karratha & Pilbara WA",WA,N/A,Contract,https://www.seek.com.au/job/93253852?type=standard&ref=search-standalone#sol=8bb8aa71486a795157ed835608112474c27a827b,2026-07-14 08:21:56,N/A,N/A,N/A,N/A
30x Mobile Plant Operator Up To $75 Per Hour**,Listed eleven days ago,Perth WA,WA,30+ VACANCIES | ASAP STARTS | UP TO $75 PER HOUR,Casual,https://www.seek.com.au/job/93098382?type=standard&ref=search-standalone#sol=b49721a630ee0d9f83f8faa122d4ce653d28f31b,2026-07-14 08:21:56,N/A,N/A,N/A,N/A
Excavator Operator,Listed seven days ago,"Rockingham, Perth WA",WA,$45 – $60 per hour,N/A,https://www.seek.com.au/job/93164195?type=standard&ref=search-standalone#sol=5eaee270006c9f7ff63bba1e3406f3404d162c53,2026-07-14 08:21:56,N/A,N/A,N/A,N/A
Civil Operator - Mobile Plant,Listed two days ago,Perth WA,WA,N/A,N/A,https://www.seek.com.au/job/93266444?type=standard&ref=search-standalone#sol=16deaf62d18cbc815b414f33dc9a679f046d87d6,2026-07-14 08:21:56,N/A,N/A,N/A,N/A
"FIFO Loader, Moxy & Water Cart Operators",Listed eleven days ago,Perth WA,WA,$55 – $80 per hour,Casual,https://www.seek.com.au/job/93106425?type=standard&ref=search-standalone#sol=bbef9d28b1f3183e05a08e5f230ec63d58ade3d1,2026-07-14 08:21:56,N/A,N/A,N/A,N/A
Loader Operator,Listed six days ago,"Toodyay, Northam & Wheatbelt WA",WA,N/A,N/A,https://www.seek.com.au/job/93199234?type=standard&ref=search-standalone#sol=b9f2d3f2a449e2f95e6c0cb7c1a1ee16af0c422b,2026-07-14 08:21:56,N/A,N/A,N/A,N/A
Mobile Plant Operators,Listed fourteen days ago,"Mandurah, Mandurah & Peel WA",WA,Up to $40.20 p.h. + Penalties and allowances,Contract,https://www.seek.com.au/job/93023787?type=standard&ref=search-standalone#sol=2db09ac2d69c875e21a9833b856eea61dc3a3f22,2026-07-14 08:21:56,N/A,N/A,N/A,N/A
Coal Plant Operator,Listed one day ago,"Collie, Bunbury & South West WA",WA,N/A,Casual,https://www.seek.com.au/job/93285151?type=standard&ref=search-standalone#sol=d1015f0307544b8c3a620af67c97eeb74b09cf67,2026-07-14 08:21:56,N/A,N/A,N/A,N/A
Operator - Mobile Plant,Listed fifty nine minutes ago,Perth WA,WA,$6K+ Referral Bonuses | Full PPE Supplied | Salary Sacrifice Options,N/A,https://www.seek.com.au/job/93315526?type=standard&ref=search-standalone#sol=107244fa29c59b5735c6b69e45393ee14b4319e6,2026-07-14 08:21:56,N/A,N/A,N/A,N/A
Excavator Operators / Loader Operators,Listed five days ago,"Cottesloe, Perth WA",WA,N/A,N/A,https://www.seek.com.au/job/93217029?type=standard&ref=search-standalone#sol=2b998c6b8bc84eb759404866aa35e7cee8f72dfe,2026-07-14 08:21:56,N/A,N/A,N/A,N/A
Mobile Plant Operators,Listed three days ago,Perth WA,WA,Operating a range of equipment | Ongoing Civil project works | Working with reputable clientele | $50 to $60 per hour dependent on experience,Contract,https://www.seek.com.au/job/93262375?type=standard&ref=search-standalone#sol=665ae61cd8cd2418ad5dcda945027c7f0a077ff8,2026-07-14 08:21:56,N/A,N/A,N/A,N/A
Plant Operator,Listed one day ago,"Bibra Lake, Perth WA",WA,$55 – $70 per hour,N/A,https://www.seek.com.au/job/93271103?type=standard&ref=search-standalone#sol=09d7843f3e03b5887b36fb40073ba64069ca42cd,2026-07-14 08:21:56,N/A,N/A,N/A,N/A
Mobile Plant Operators,Listed seven days ago,Perth WA,WA,$45 – $65 per hour,Contract,https://www.seek.com.au/job/93160605?type=standard&ref=search-standalone#sol=2ea108ec97eb64763ed15e1c85325fa6477a88f2,2026-07-14 08:21:56,N/A,N/A,N/A,N/A
FIFO Machine Operators - Loader/Excavator - Crushing & Screening,Listed four days ago,Perth WA,WA,$50 – $55 per hour plus opportunity for incentives,Casual,https://www.seek.com.au/job/93245610?type=standard&ref=search-standalone#sol=a43707d311e9dc62ef72604ab39249b2446c96aa,2026-07-14 08:21:56,N/A,N/A,N/A,N/A
Civil Mobile Plant Operators,Listed one day ago,Perth WA,WA,$60 - $65 per hour dependent on position and exp,FIFO,https://www.seek.com.au/job/93277782?type=standard&ref=search-standalone#sol=f7abbf45a6ecde638df5d5067d58d7628895b3b4,2026-07-14 08:21:56,N/A,N/A,N/A,N/A
Civil Operator - Civil Earthworks,Listed six days ago,Perth WA,WA,N/A,Casual,https://www.seek.com.au/job/93186192?type=standard&ref=search-standalone#sol=0cfe32e35bcd17fe443aa650f374703f9e0d59c2,2026-07-14 08:21:56,N/A,N/A,N/A,N/A
Mobile Plant Operators,Listed five days ago,"Rockingham & Kwinana, Perth WA",WA,N/A,Casual,https://www.seek.com.au/job/93214197?type=standard&ref=search-standalone#sol=b717783094fdd1edea8ddcd778d265f96d947bfe,2026-07-14 08:21:56,N/A,N/A,N/A,N/A
Machine Plant Operator,Listed seven days ago,"High Wycombe, Perth WA",WA,"$78,062 – $81,077 per year",N/A,https://www.seek.com.au/job/93169979?type=standard&ref=search-standalone#sol=ae351fd2c1ad80ad62662e5f1794b9e85f9b3603,2026-07-14 08:21:56,N/A,N/A,N/A,N/A
All Round Plant Operators,Listed eight days ago,Perth WA,WA,$55-$65 / Hr,Contract,https://www.seek.com.au/job/93127345?type=standard&ref=search-standalone#sol=85b26d1623ca03997a4c27c51a694b11184af5b5,2026-07-14 08:21:56,N/A,N/A,N/A,N/A
Mobile Plant Operator - Forestry in Albany WA,Listed eleven days ago,"Albany, Albany & Great Southern WA",WA,N/A,N/A,https://www.seek.com.au/job/93095962?type=standard&ref=search-standalone#sol=53e2da9f08b272e866222c80a767216bce7cd7f8,2026-07-14 08:21:56,N/A,N/A,N/A,N/A
Operator,Listed four hours ago,Perth WA,WA,N/A,FIFO,https://www.seek.com.au/job/93306797?type=standard&ref=search-standalone#sol=a86f245b00d065d3033529823b2172cb2155523a,2026-07-14 08:21:56,N/A,N/A,N/A,N/A
Experienced 8 wheel watercart operator,Listed seven days ago,"Tom Price, Port Hedland, Karratha & Pilbara WA",WA,$50 – $65 per hour,Casual,https://www.seek.com.au/job/93169297?type=standard&ref=search-standalone#sol=db462206efc176d5647009a0149bfc89142aaee8,2026-07-14 08:21:56,N/A,N/A,N/A,N/A
Quarry Operator,Listed five days ago,"Tom Price, Port Hedland, Karratha & Pilbara WA",WA,N/A,FIFO,https://www.seek.com.au/job/93213054?type=standard&ref=search-standalone#sol=43a9ceb1777e599d4ff1d3fe41bf239337fe9732,2026-07-14 08:21:56,N/A,N/A,N/A,N/A
All Round Plant Operators,Listed five hours ago,"Bibra Lake, Perth WA",WA,N/A,Contract,https://www.seek.com.au/job/93302498?type=standard&ref=search-standalone#sol=5a5bd9c64d3aa138e496aff810adb9576841b720,2026-07-14 08:21:56,N/A,N/A,N/A,N/A
Grinder/Mulcher Operator,Listed one day ago,"Postans, Perth WA",WA,$42 – $45 per hour,N/A,https://www.seek.com.au/job/93274990?type=standard&ref=search-standalone#sol=82050dbc99468aec7053600fd818a67322b0214e,2026-07-14 08:21:56,heavy_vehicle_license|machinery_ticket,machinery_ticket,mid_level,"Western Tree Recyclers is seeking an experienced and reliable Grinder/ Mulcher Operatorto join our team based in Postans.Key Responsibilities:Operate horizontal grinding equipment safely and efficiently.Conduct daily pre-start inspections and basic maintenance checks.Monitor production and material quality.Work closely with site supervisors and other plant operators.Maintain a clean and safe work environment.Comply with all company safety policies and procedures.Requirements:Experience operating grinding equipment or similar heavy machinery.Current driver's licence (HR licence preferred).Strong commitment to workplace health and safety.Ability to work independently and as part of a team.Reliable, punctual and hardworking.What We Offer:Competitive rates.Full-time ongoing work.Supportive team environment.Opportunity to work with a leading green waste recycling business.To apply, please send your resume and relevant experience details."
Dozer Operator,Listed five days ago,"Midland, Perth WA",WA,$59 - $60 p.h. + Fuel Assistance,Contract,https://www.seek.com.au/job/93224787?type=standard&ref=search-standalone#sol=1a9ad33a517ea39c4de6671ab942a1f4e8724de4,2026-07-14 08:21:56,N/A,N/A,N/A,N/A
Mobile Plant Operator,Listed four days ago,"Albany, Albany & Great Southern WA",WA,"$95,800 annual salary + additional penalties/rates for any extra hours worked",N/A,https://www.seek.com.au/job/93240061?type=standard&ref=search-standalone#sol=31568c4dc5debf3632f5ce9ae29784d1d62f8802,2026-07-14 08:21:56,N/A,N/A,N/A,N/A
Excavator Operator,Listed fourteen days ago,"Kununurra, Broome & Kimberley WA",WA,$45 – $60 per hour,Casual,https://www.seek.com.au/job/93016598?type=standard&ref=search-standalone#sol=28d4cb542534eb103c53341992383fbfe0707256,2026-07-14 08:21:56,N/A,N/A,N/A,N/A
Trainee Truck Driver,Trainee Truck DriveratGold Fields Australia Pty Limited,"Kalgoorlie, Kalgoorlie, Goldfields & Esperance WA",WA,N/A,N/A,https://www.seek.com.au/job/93280826?type=promoted&ref=search-standalone#sol=a160cd147378a96243170584247d7478bb7d3abc,2026-07-14 19:32:32,N/A,N/A,N/A,N/A
Haul Truck Operators - Sino Iron Mine,atNational Group,Perth WA,WA,N/A,N/A,https://www.seek.com.au/job/93239035?type=promoted&ref=search-standalone#sol=e81aa96834103702e02183b72b47c2b9643e2a9a,2026-07-14 19:32:32,N/A,N/A,N/A,N/A
Dump Truck Operator,Listed one day ago,Perth WA,WA,$55/hr + Super on all hours worked,FIFO,https://www.seek.com.au/job/93272853?type=standard&ref=search-standalone#sol=8ba758293b5001bdc950fc25bdd713d242923574,2026-07-14 19:32:32,N/A,N/A,N/A,N/A
Heavy Vehicle Operator / Transport Specialist,Listed three days ago,Perth WA,WA,N/A,N/A,https://www.seek.com.au/job/93260477?type=standard&ref=search-standalone#sol=faa3234af6438b57447978cef6230edec309c772,2026-07-14 19:32:32,N/A,N/A,N/A,N/A
Trainee Truck Driver,Listed one day ago,"Kalgoorlie, Kalgoorlie, Goldfields & Esperance WA",WA,N/A,N/A,https://www.seek.com.au/job/93280826?type=standard&ref=search-standalone#sol=84c64078d940d37022e49ad2c12e6e07a77f5195,2026-07-14 19:32:32,N/A,N/A,N/A,N/A
Traineeship - Dump Truck Operator,Listed one day ago,Perth WA,WA,N/A,N/A,https://www.seek.com.au/job/93279404?type=standard&ref=search-standalone#sol=b73512d41a5563ca17474f7df7ea1962efc9fd48,2026-07-14 19:32:32,N/A,N/A,N/A,N/A
Haul Truck Operators - Sino Iron Mine,Listed four days ago,Perth WA,WA,N/A,N/A,https://www.seek.com.au/job/93239035?type=standard&ref=search-standalone#sol=72a67abee3d341985b105ef9ae68c373dbaffbef,2026-07-14 19:32:32,N/A,N/A,N/A,N/A
Dump Truck Operators,Listed one day ago,Perth WA,WA,N/A,Contract,https://www.seek.com.au/job/93287102?type=standard&ref=search-standalone#sol=cab20c2219c4812c54b191a6591c85d3bf735c27,2026-07-14 19:32:32,drivers_license|drug_alcohol_test,excavator_ticket,mid_level,"Iron Mine Contracting (IMC) is a fast-growing Western Australian civil and mining contractor, offering great opportunities for people looking to join a supportive and high-performing team.  Since 2013, we’ve successfully delivered major projects for multiple Tier 1 clients across WA.At IMC, you’ll be part of a business that provides end-to-end mining and civil services and works across some of the most remote sites in the state. Our teams combine practical experience, technical skill and strong collaboration to meet project challenges safely and efficiently.Joining IMC means being valued, supported in your development, and contributing to high-quality outcomes for our clients and partners.IMC is callingExperienced Dump Truck Operatorsto join our safety-first team working FIFO ex Perth on a 2:1 roster.Experience is Essentialfor these positions.Your focus in this role:Operating CAT 777 or CAT 785 Dump Trucks in a Production EnvironmentBeing loaded out by Excavators and LoadersWork closely with supervisors and the production team to ensure smooth daily operationsIdentify and manage hazards to maintain a safe work environmentMinimising downtime through effective machine operatio9n and proactive reportingContribute to a positive site culture by supporting your crew and leading by exampleWhat You’ll Bring:Experience Operating CAT 777 or CAT 785 or larger Dump Trucks in a Production Environment is ESSENTIALValid WA Drivers LicenceA reliable, team-orientated attitude with clear commu"
5 x Dump Truck / HR Water Cart Operator - $55 Per Hour,Listed one day ago,Perth WA,WA,$50 Per Hour Days / $57.50 Per Hour Nights | ASAP Starts,Casual,https://www.seek.com.au/job/93289007?type=standard&ref=search-standalone#sol=2618f19b878fd2e6866f5f744023481afd122542,2026-07-14 19:32:32,N/A,N/A,N/A,N/A
Dump Truck Operators | FIFO Perth | URGENT START,Listed seventeen hours ago,Perth WA,WA,$62.50 per hour,Casual,https://www.seek.com.au/job/93301064?type=standard&ref=search-standalone#sol=d6d355f300735d1ee47a3666fdddc172eb85602e,2026-07-14 19:32:32,N/A,N/A,N/A,N/A
Dump Truck Operator,Listed five days ago,Perth WA,WA,"$2,500 sign on bonus, great benefits and culture",FIFO,https://www.seek.com.au/job/93224843?type=standard&ref=search-standalone#sol=d9bbb317f08708fb5147bbfccc3e90c78c67e896,2026-07-14 19:32:32,N/A,N/A,N/A,N/A
Truck Driver (HR / MC),Listed four days ago,"Port Hedland, Port Hedland, Karratha & Pilbara WA(Remote)",WA,$50 – $52 per hour,Casual,https://www.seek.com.au/job/93240297?type=standard&ref=search-standalone#sol=11f8578086211e472f8015b69717755d74ad2894,2026-07-14 19:32:32,N/A,N/A,N/A,N/A
Dump Truck Operators | 2:1 Roster | Permanent Role,Listed nineteen days ago,Perth WA,WA,$52–$59 ph. + super + hourly bonus + Benefits,FIFO,https://www.seek.com.au/job/92937554?type=standard&ref=search-standalone#sol=295bf19a4bc945ab5f120547f5148c7b6100ec60,2026-07-14 19:32:32,N/A,N/A,N/A,N/A
Dump Truck Operator,Listed seven days ago,"Kalgoorlie, Kalgoorlie, Goldfields & Esperance WA",WA,N/A,FIFO,https://www.seek.com.au/job/93172045?type=standard&ref=search-standalone#sol=1763327332721d085e1c2b3f9631d1af8faafcbc,2026-07-14 19:32:32,N/A,N/A,N/A,N/A
FIFO PERTH - Artic Dump Truck Operators $50 CASUAL,Listed one day ago,Perth WA,WA,$50 per hour,Casual,https://www.seek.com.au/job/93276123?type=standard&ref=search-standalone#sol=2ffd8c159d040bdf19a46c7cda7426b8512b6b49,2026-07-14 19:32:32,N/A,N/A,N/A,N/A
Dump Truck Operators - FIFO,Listed four days ago,Perth WA,WA,N/A,FIFO,https://www.seek.com.au/job/93247401?type=standard&ref=search-standalone#sol=cbdb675227fabe2a49a692712967195ee01a8095,2026-07-14 19:32:32,drug_alcohol_test,N/A,mid_level,"What MinRes can offer you!Full-time, permanent positionsFIFO from Perth with travel on MinRes Air (selected sites only). Enjoy up to 25cm more legroom when compared to industry standard and enjoy premium in-flight services and terminal refreshments, including breakfast before you fly!Competitive pay rates, plus quarterly bonuses and monthly recognition awards!Industry-leading food provided at MinRes site camps, prepared by our own MinRes chefsOngoing training and career progression with our MinRes Pathways program, including leadership development opportunitiesAccess to our head office facilities, including the MinRes GP Centre, Alba Café, Benny’s Restaurant, NextGen Childcare, and the Next Level gym, with group fitness classes included in all memberships. All MinRes services are available to employees at discounted rates.Up to 36 weeks of parental leave for primary carers and 4 weeks for secondary carersAccess to the MinRes employee benefits program, including the MinRes MyShare Plan, private health discounts, novated leasing through salary sacrifice, retail and hotel discounts and benefits for referring friends and family to our employee referral program.Support through our Mind Matters Team and Employee Assistance ProgramThe OpportunityAre you an experienced Dump Truck Operator looking for a new challenge? We're seeking talented operators to join our tight-knit mining crews across our iron ore and lithium operations in the Goldfields and Pilbara. This is your chance to wor"
Dump Truck Operator,Listed seven days ago,Perth WA,WA,N/A,N/A,https://www.seek.com.au/job/93167471?type=standard&ref=search-standalone#sol=5706bf5d3835c9eb6e95125c2d80b21d9e63da25,2026-07-14 19:32:32,N/A,N/A,N/A,N/A
DUMP TRUCK OPERATORS | ASAP STARTS | LONG-TERM FIFO WORK,Listed five days ago,Perth WA,WA,$55 - $58.02 p.h.,FIFO,https://www.seek.com.au/job/93210679?type=standard&ref=search-standalone#sol=8552028006427860958cce19e409983c54a51602,2026-07-14 19:32:32,N/A,N/A,N/A,N/A
Dump Truck Operator - Rosters 2/1 & 2/2,Listed fourteen hours ago,Perth WA,WA,N/A,N/A,https://www.seek.com.au/job/93309884?type=standard&ref=search-standalone#sol=407330eea54a9a08c8d2bc778e1d9457eca444f2,2026-07-14 19:32:32,N/A,N/A,N/A,N/A
Dump Truck Operators,Listed twenty one days ago,Perth WA,WA,$56/hr + Superannuation paid on all hours,FIFO,https://www.seek.com.au/job/92893107?type=standard&ref=search-standalone#sol=0adb9a62dcc2115e95ec59fee421bdbec30a592a,2026-07-14 19:32:32,N/A,N/A,N/A,N/A
Entry Level - Dump Truck / Loader Operator - Mine Site,Listed twenty days ago,"Kalgoorlie, Kalgoorlie, Goldfields & Esperance WA",WA,$40 – $50 per hour,N/A,https://www.seek.com.au/job/92921796?type=standard&ref=search-standalone#sol=0df5bdcb145ce3add551e4e693a920f45595b184,2026-07-14 19:32:32,N/A,N/A,N/A,N/A
Dump Truck Operator,Listed six days ago,Perth WA,WA,$53-$56/hr. + 12% super,Contract,https://www.seek.com.au/job/93189880?type=standard&ref=search-standalone#sol=45fb10a55fb0fa1ab5e5f54e13a7a66e899a0051,2026-07-14 19:32:32,N/A,N/A,N/A,N/A
Dump Truck Operators | CAT 793,Listed four days ago,Perth WA,WA,$ 53.00 p/h- $ 56.00 p/h | Weekly Pay,Casual,https://www.seek.com.au/job/93245832?type=standard&ref=search-standalone#sol=bf05769f0db1bda214a4485f881961464558f47e,2026-07-14 19:32:32,N/A,N/A,N/A,N/A
Road Train Operator - FIFO - Multiple Sites Available!,Listed twelve hours ago,Perth WA,WA,Earn Up To $600 Per Day!!,FIFO,https://www.seek.com.au/job/93315408?type=standard&ref=search-standalone#sol=fed4c8fa6aa44377f5b8a397ccb40db2dd94cc6f,2026-07-14 19:32:32,N/A,N/A,N/A,N/A
FIFO - Dump Truck Operator,Listed twenty two days ago,Perth WA,WA,$55 – $60 per hour,Casual,https://www.seek.com.au/job/92861050?type=standard&ref=search-standalone#sol=890c66f1d15d640ffcb43a95bec9c1f47171b06d,2026-07-14 19:32:32,N/A,N/A,N/A,N/A
Truck Driver/Trainee Truck Driver,Listed twenty nine days ago,"Kalgoorlie, Kalgoorlie, Goldfields & Esperance WA",WA,N/A,N/A,https://www.seek.com.au/job/92709304?type=standard&ref=search-standalone#sol=7e95dfc183ef315619238af8ad6c2b147492f57d,2026-07-14 19:32:32,drivers_license|drug_alcohol_test,excavator_ticket,N/A,"Ready to pursue your professional journey with Northern Star? As an ASX 50 global-scale gold miner, we have sizeable operations in Western Australia and Alaska. With unparalleled pathways for advancement and avenues for personal growth, we stand as Australia's premier gold employer. Your journey starts here.At Northern Star, we live by our STARR Core Values of Safety, Teamwork, Accountability, Respect and Results. These Values are not just words on paper; they are the cornerstone of our Company culture and guide everything we do. You will play a pivotal role in upholding these Values and contributing to our collective success.We are offering you the chance to build a career within the production sector of the mining industry as aTruck Driver or Truck Driver Traineeat our iconicKCGMSuper Pit. Promising a long term and fulfilling future, join our esteemed team on the convenience of an7/7 (12.5-hour day/night shift) residential roster.Here's what awaits you:Operating CAT 793 and 777 Haul Trucks in the Open Pit, working in conjunction with Face shovels, Excavators and Loaders, to fulfil production requirements in a safe and reliable manner.Operating Haul Trucks across various areas of the KCGM site, including the Fimiston Open Pit, Rehandle Ore Delivery area and other trainee-related activities to build your familiarisation to operating in a mining environment.Safely operating a Haul Trucks to transport ore and waste to designated areas to achieve production targets in the mine,Y"
Dump Truck Operator,Listed twenty four days ago,Perth WA,WA,N/A,N/A,https://www.seek.com.au/job/92839456?type=standard&ref=search-standalone#sol=d5e97d6bbeab9686ec849e18bbefca3aa4d3c826,2026-07-14 19:32:32,N/A,N/A,N/A,N/A
Dump Truck Operator - Multiple sites and rosters,Listed eleven days ago,Perth WA,WA,$55-$63 p/h,Contract,https://www.seek.com.au/job/93098553?type=standard&ref=search-standalone#sol=fd7121fe6aa2ff56c9f46f4deef7fc7fe8b988f3,2026-07-14 19:32:32,N/A,N/A,N/A,N/A
Dump Truck Operators  | FIFO Perth | 2/1,Listed eight days ago,Perth WA,WA,$55 – $57 per hour,Casual,https://www.seek.com.au/job/93130659?type=standard&ref=search-standalone#sol=41e846dbb004096cfe7c53635b07946066485e7c,2026-07-14 19:32:32,N/A,N/A,N/A,N/A
"FIFO Loader, Moxy & Water Cart Operators",Listed eleven days ago,Perth WA,WA,$55 – $80 per hour,Casual,https://www.seek.com.au/job/93106425?type=standard&ref=search-standalone#sol=4e2b3b4a7857810c88e44f140c0b8766d5c59587,2026-07-14 19:32:32,N/A,N/A,N/A,N/A
Dump Truck Operator 2:1 & 2:2 Rosters,Listed four days ago,Perth WA,WA,$63.30 P/H | 2/2 & 2/2 Rosters | DIDO/FIFO | Weekly Pay | Super on all hours | Temp - Perm,Contract,https://www.seek.com.au/job/93236864?type=standard&ref=search-standalone#sol=a6b91b1ebe3ba492775b241f3444793c770e6809,2026-07-14 19:32:32,N/A,N/A,N/A,N/A
Production Dump Truck Operator,Listed twenty five days ago,Perth WA,WA,N/A,Casual,https://www.seek.com.au/job/92830495?type=standard&ref=search-standalone#sol=0be4db42a453517e0f8a696b2948702c31fe4971,2026-07-14 19:32:32,N/A,N/A,N/A,N/A
Traineeship - Dump Truck Operator,Listed two days ago,Perth WA,WA,N/A,N/A,https://www.seek.com.au/job/93279404?type=standard&ref=search-standalone#sol=fd12a7b4068b92c2dc0c08e3fa7df9298d4fc561,2026-07-15 13:58:43,N/A,N/A,N/A,N/A
Mobile Plant Operators,Listed thirteen hours ago,Perth WA,WA,N/A,Casual,https://www.seek.com.au/job/93327346?type=standard&ref=search-standalone#sol=9b49a6e90550f668ab129c1a4ab4de1394dddfa2,2026-07-15 13:58:43,N/A,N/A,N/A,N/A
FIFO - Mobile Plant Operator,Listed eleven hours ago,Perth WA,WA,$60 – $65 per hour (Based on experience),Casual,https://www.seek.com.au/job/93331562?type=standard&ref=search-standalone#sol=70629cd131d9590ea09beab58d60388609272ba1,2026-07-15 13:58:43,N/A,N/A,N/A,N/A
Operator - Mobile Plant,Listed one day ago,Perth WA,WA,$6K+ Referral Bonuses | Full PPE Supplied | Salary Sacrifice Options,N/A,https://www.seek.com.au/job/93315526?type=standard&ref=search-standalone#sol=4c92dfdc37dba850c14ebd1248d0a8f0d6e82da9,2026-07-15 13:58:43,N/A,N/A,N/A,N/A
Dump Truck Operator,Listed two days ago,Perth WA,WA,$55/hr + Super on all hours worked,FIFO,https://www.seek.com.au/job/93272853?type=standard&ref=search-standalone#sol=48c8d7b72ac6ef9852b66a64c0ab97a8ce9b7d51,2026-07-15 13:58:43,N/A,N/A,N/A,N/A
Production Mining Operators,Listed seven days ago,Perth WA,WA,N/A,FIFO,https://www.seek.com.au/job/93187688?type=standard&ref=search-standalone#sol=ef259d1e5c631fd2092ad03f6a86e2fedd18c34e,2026-07-15 13:58:43,N/A,N/A,N/A,N/A
FIFO - All Round Operators,Listed ten hours ago,"Port Hedland, Karratha & Pilbara WA",WA,$65.00 - $84.00 Per Hour,Contract,https://www.seek.com.au/job/93333403?type=standard&ref=search-standalone#sol=82a9e0506ebf49a3002a9d902e2ae537ce39306b,2026-07-15 13:58:43,N/A,N/A,N/A,N/A
Dump Truck Operator | Fly direct to site! | Only 90mins,Listed ten hours ago,Perth WA,WA,N/A,FIFO,https://www.seek.com.au/job/93334573?type=standard&ref=search-standalone#sol=72bd661c529baca9127dbdc8351708156b8b0da5,2026-07-15 13:58:43,N/A,N/A,N/A,N/A
Dump Truck Operators,Listed two days ago,Perth WA,WA,N/A,Contract,https://www.seek.com.au/job/93287102?type=standard&ref=search-standalone#sol=6314a288cb181d64c4190efeb5fc880e588eca1b,2026-07-15 13:58:43,N/A,N/A,N/A,N/A
10 x Loader Operators - $65+ Per Hour - 2/1 Roster,Listed two days ago,Perth WA,WA,2/1 Roster | $65 Per Hour | 12.5 Hour Days | ASAP Start,Casual,https://www.seek.com.au/job/93289420?type=standard&ref=search-standalone#sol=301f83c0c503b8b663a744b14f33214819a28688,2026-07-15 13:58:43,N/A,N/A,N/A,N/A
FIFO Process Operators - Multiple Goldfields Sites,Listed five days ago,"Kalgoorlie, Goldfields & Esperance WA",WA,8:6 & 7:7 rosters | Up to $65/hr depending on experience,Casual,https://www.seek.com.au/job/93246086?type=standard&ref=search-standalone#sol=9ee2a4c3abf274b6f7d75bcde423e50c0b3febfa,2026-07-15 13:58:43,N/A,N/A,N/A,N/A
30x Mobile Plant Operator Up To $75 Per Hour**,Listed twelve days ago,Perth WA,WA,30+ VACANCIES | ASAP STARTS | UP TO $75 PER HOUR,Casual,https://www.seek.com.au/job/93098382?type=standard&ref=search-standalone#sol=43cd01adbca454edb5f718f4e67dfa02c023e3a7,2026-07-15 13:58:43,N/A,N/A,N/A,N/A
All Round Operators,Listed six days ago,"Cooljarloo, Northam & Wheatbelt WA",WA,$55 – $60 per hour,N/A,https://www.seek.com.au/job/93210077?type=standard&ref=search-standalone#sol=ab9973e2b949fee9013ea1083b9be7c003d4dd67,2026-07-15 13:58:43,N/A,N/A,N/A,N/A
Dump Truck Operators - FIFO,Listed five days ago,Perth WA,WA,N/A,FIFO,https://www.seek.com.au/job/93247401?type=standard&ref=search-standalone#sol=8fa6302e380b35dd00ab9f939fb32d1990a03d37,2026-07-15 13:58:43,drug_alcohol_test,N/A,mid_level,"What MinRes can offer you!Full-time, permanent positionsFIFO from Perth with travel on MinRes Air (selected sites only). Enjoy up to 25cm more legroom when compared to industry standard and enjoy premium in-flight services and terminal refreshments, including breakfast before you fly!Competitive pay rates, plus quarterly bonuses and monthly recognition awards!Industry-leading food provided at MinRes site camps, prepared by our own MinRes chefsOngoing training and career progression with our MinRes Pathways program, including leadership development opportunitiesAccess to our head office facilities, including the MinRes GP Centre, Alba Café, Benny’s Restaurant, NextGen Childcare, and the Next Level gym, with group fitness classes included in all memberships. All MinRes services are available to employees at discounted rates.Up to 36 weeks of parental leave for primary carers and 4 weeks for secondary carersAccess to the MinRes employee benefits program, including the MinRes MyShare Plan, private health discounts, novated leasing through salary sacrifice, retail and hotel discounts and benefits for referring friends and family to our employee referral program.Support through our Mind Matters Team and Employee Assistance ProgramThe OpportunityAre you an experienced Dump Truck Operator looking for a new challenge? We're seeking talented operators to join our tight-knit mining crews across our iron ore and lithium operations in the Goldfields and Pilbara. This is your chance to wor"
Loader Operator,Listed seven days ago,"Toodyay, Northam & Wheatbelt WA",WA,N/A,N/A,https://www.seek.com.au/job/93199234?type=standard&ref=search-standalone#sol=c61dc3ec3632da2f9a69725dd5d38f13399109a6,2026-07-15 13:58:43,N/A,N/A,N/A,N/A
DUMP TRUCK OPERATORS | ASAP STARTS | LONG-TERM FIFO WORK,Listed six days ago,Perth WA,WA,$55 - $58.02 p.h.,FIFO,https://www.seek.com.au/job/93210679?type=standard&ref=search-standalone#sol=43842679cb360ed889f7fe91ae24e99a54955f24,2026-07-15 13:58:43,N/A,N/A,N/A,N/A
FIFO Production All Round Operators,Listed twelve hours ago,"Perth Airport, Perth WA",WA,$60-$70p/hr,Contract,https://www.seek.com.au/job/93329687?type=standard&ref=search-standalone#sol=3645ef95ee97db24d9fa17099261cdaf61e20fd1,2026-07-15 13:58:43,N/A,N/A,N/A,N/A
All Round Plant Operators,Listed ten days ago,Perth WA,WA,$55-$65 / Hr,Contract,https://www.seek.com.au/job/93127345?type=standard&ref=search-standalone#sol=cc77b73d1a7d9c23d1dce39da77dabf9dd3ea4b6,2026-07-15 13:58:43,N/A,N/A,N/A,N/A
Civil Operator - Mobile Plant,Listed three days ago,Perth WA,WA,N/A,N/A,https://www.seek.com.au/job/93266444?type=standard&ref=search-standalone#sol=05fc7dc279e5aac6ed5870ae81794fc851e7ef44,2026-07-15 13:58:43,N/A,N/A,N/A,N/A
Quarry Operator,Listed six days ago,"Tom Price, Port Hedland, Karratha & Pilbara WA",WA,N/A,FIFO,https://www.seek.com.au/job/93213054?type=standard&ref=search-standalone#sol=c9764e9c3ee08470d9db081168e26681eb426371,2026-07-15 13:58:43,N/A,N/A,N/A,N/A
Dump Truck Operators | FIFO Perth | URGENT START,Listed one day ago,Perth WA,WA,$62.50 per hour,Casual,https://www.seek.com.au/job/93301064?type=standard&ref=search-standalone#sol=684447fc1289afa9a2c87a0be1c32ceb4d2bf426,2026-07-15 13:58:43,N/A,N/A,N/A,N/A
Excavator Operators / Loader Operators,Listed six days ago,"Cottesloe, Perth WA",WA,N/A,N/A,https://www.seek.com.au/job/93217029?type=standard&ref=search-standalone#sol=c74ef7c0c4fc8ae0fd2ebb4cd79420fe562acf52,2026-07-15 13:58:43,N/A,N/A,N/A,N/A
FIFO All rounder (Operating and Labouring) BHP,Listed twelve hours ago,"Port Hedland, Port Hedland, Karratha & Pilbara WA",WA,$55 – $65 per hour,Casual,https://www.seek.com.au/job/93328637?type=standard&ref=search-standalone#sol=4638c486fc61f5b0be960a32ce0b0872de1c8bd0,2026-07-15 13:58:43,N/A,N/A,N/A,N/A
Trainee Truck Driver,Listed two days ago,"Kalgoorlie, Kalgoorlie, Goldfields & Esperance WA",WA,N/A,N/A,https://www.seek.com.au/job/93280826?type=standard&ref=search-standalone#sol=138331f14a763fc60d0b86c01876626794849eea,2026-07-15 13:58:43,N/A,N/A,N/A,N/A
Mobile Plant Operators,Listed six days ago,"Rockingham & Kwinana, Perth WA",WA,N/A,Casual,https://www.seek.com.au/job/93214197?type=standard&ref=search-standalone#sol=ea495919c10875cd1aae61b51548fae9e6c8982d,2026-07-15 13:58:43,N/A,N/A,N/A,N/A
Mobile Plant Operators - FIFO,Listed fourteen days ago,Perth WA,WA,N/A,FIFO,https://www.seek.com.au/job/93065123?type=standard&ref=search-standalone#sol=64c23d44af2165bc69c32d28dd3a92c9ae4c9b04,2026-07-15 13:58:43,N/A,N/A,N/A,N/A
Excavator & All-Round Operators,Listed seven days ago,Perth WA,WA,$63 – $80 per hour,Casual,https://www.seek.com.au/job/93198514?type=standard&ref=search-standalone#sol=bada95d2ae27017997f1295b8b2ffe9f971a9fb6,2026-07-15 13:58:43,drug_alcohol_test,N/A,mid_level,"Fly or Drive to site, operate big toys, Fly or Drive home, repeat.We are looking for experienced digger ops & all round operators with open pit mining production experience for an immediate start (not today but after the medical, paperwork and stuff) Then pack your bags (but don’t forget your boots & ya jumper, it’s cold out there) — we want YOU!Various sites available – you take your pick at where you would like to workYou’ll work in a team that values safety, efficiency, and a good sense of humour — because let’s be honest, FIFO & DIDO life requires oneMUSThave open pit mining experienceDigger roles: Hitachi 1900, 2600, 3600or equivalent(Should be able to operate other ancillary machines and dump trucks when required)Money – $74.50 – $80.00 per hourRoster – 2:1 or 2:2 – DSNSWeekly paysFIFO or DOTemp to Perm – Test the waters before you commit, if you like it, stay on and enjoy the perks that come with permanent employmentAll-Rounder roles: Dozer, must have dozer + 2 or more of the following machines Grader, Loader, wheel dozer, dump truck(Must be willing to jump on a DT if required - remember your rate doesn't change)Money – $63.00 - $70.50 per hourRoster – 2:1 or 2:2 – DSNSWeekly paysFIFO or DOTemp to Perm – Test the waters before you commit, if you like it, stay on and enjoy the perks that come with permanent employmentMust HaveRequirements:National Police Clearance within 3, 6, 12 months (depending on site)Current valid Australian driver’s licenseApplicants to undergo an"
Expression Of Interest - Civil Multi Skilled Operators,Listed twenty one days ago,"Kalgoorlie, Kalgoorlie, Goldfields & Esperance WA",WA,N/A,FIFO,https://www.seek.com.au/job/92899749?type=standard&ref=search-standalone#sol=c13129f7c302126fb94c28a902dcf01838cdbedc,2026-07-15 13:58:43,N/A,N/A,N/A,N/A
Underground Mining Jobs | Underground Supervisors and Operators,Listed twelve hours ago,Perth WA,WA,$68 – $100 per hour,Contract,https://www.seek.com.au/job/93328685?type=standard&ref=search-standalone#sol=2411aea8a2d2a2e864fb2cd72468155714eba5ac,2026-07-15 13:58:43,N/A,N/A,N/A,N/A
EOI Talent Community: Experienced Excavator & Ancil Mining Operators,Listed five days ago,Perth WA,WA,N/A,N/A,https://www.seek.com.au/job/93246909?type=standard&ref=search-standalone#sol=b5df46c9e1fdcf83636677f706f55883cee9e40f,2026-07-15 13:58:43,N/A,N/A,N/A,N/A
Entry Level - Dump Truck / Loader Operator - Mine Site,Listed twenty one days ago,"Kalgoorlie, Kalgoorlie, Goldfields & Esperance WA",WA,$40 – $50 per hour,N/A,https://www.seek.com.au/job/92921796?type=standard&ref=search-standalone#sol=b53ee733e4bf7f631627e37830596d14cf4e8fe9,2026-07-15 13:58:43,N/A,N/A,N/A,N/A
EOI - Production Operators - Tennant Creek,Listed nine days ago,Perth WA,WA,"2/2 Roster - 12.5 Hrs Paid - $4,800 - $6,000 Per week",Contract,https://www.seek.com.au/job/93136697?type=standard&ref=search-standalone#sol=ca185eca6bbe796f4c2f93fcaae9cd6510dcc599,2026-07-15 13:58:43,N/A,N/A,N/A,N/A
Process Operator,Process OperatoratWiluna Mining,"Wiluna, Kalgoorlie, Goldfields & Esperance WA",WA,N/A,N/A,https://www.seek.com.au/job/93034695?type=promoted&ref=search-standalone#sol=7d7a99b85d248f5d98cc37255a1c7bdc3a2188f1,2026-07-15 19:23:34,N/A,N/A,N/A,N/A
Production Technician,Production TechnicianatJadestone Energy,Perth WA,WA,N/A,N/A,https://www.seek.com.au/job/93220764?type=promoted&ref=search-standalone#sol=24e2f5e050719bab6f890245d8fa8c1f02b2c418,2026-07-15 19:23:34,N/A,N/A,N/A,N/A
Production Operator,Listed seven days ago,"Bentley, Perth WA",WA,N/A,N/A,https://www.seek.com.au/job/93187411?type=standard&ref=search-standalone#sol=177ce09b5efe74a640e4dd389f2d0d726bb9f57c,2026-07-15 19:23:34,N/A,N/A,N/A,N/A
Production Operator,Listed one day ago,"Canning Vale, Perth WA",WA,$35 - $52 p.h.,Contract,https://www.seek.com.au/job/93314297?type=standard&ref=search-standalone#sol=93934283307cd9dce0adfeef2d6b420535f66ca7,2026-07-15 19:23:34,N/A,N/A,N/A,N/A
Production Operator,Listed two days ago,"Henderson, Perth WA",WA,N/A,Full-time,https://www.seek.com.au/job/93282776?type=standard&ref=search-standalone#sol=c8e4eaf6a988f464dcca49e1ee2e3a97e5c0b23b,2026-07-15 19:23:34,N/A,N/A,N/A,N/A
Production Operator,Listed nine days ago,"Collie, Bunbury & South West WA",WA,N/A,N/A,https://www.seek.com.au/job/93132315?type=standard&ref=search-standalone#sol=002db40ed88e86913be5cd11f33a41c327800dd4,2026-07-15 19:23:34,N/A,N/A,N/A,N/A
Production Operator,Listed twenty two days ago,"Harvey, Bunbury & South West WA",WA,$30.4677 per hour plus superannuation,N/A,https://www.seek.com.au/job/92881881?type=standard&ref=search-standalone#sol=d0968413d06e4de7e8e4332275836db0b2896b84,2026-07-15 19:23:34,N/A,N/A,N/A,N/A
Plant Operator,Listed five days ago,"Kwinana Beach, Perth WA",WA,N/A,N/A,https://www.seek.com.au/job/93236191?type=standard&ref=search-standalone#sol=888458b191d01fdeee4b232c5567785947c9e726,2026-07-15 19:23:34,N/A,N/A,N/A,N/A
Process Operator,Listed one day ago,Perth WA,WA,$60-$65/hr + Super paid on all hours worked!,Contract,https://www.seek.com.au/job/93307184?type=standard&ref=search-standalone#sol=4a0e9364d40af3173d04f6c68745d8cbfb9e5870,2026-07-15 19:23:34,N/A,N/A,N/A,N/A
Fixed Plant Machine Operator | Shift | Full Time,Listed one day ago,"Neerabup, Perth WA",WA,"Starting at $90,384.72 p/a + OT2.0 + Super",N/A,https://www.seek.com.au/job/93299041?type=standard&ref=search-standalone#sol=b56f7b3f580eb1658a121cfca0cf15eeba809dc8,2026-07-15 19:23:34,N/A,N/A,N/A,N/A
Production Operator,Listed fourteen days ago,"Palmyra, Perth WA",WA,N/A,N/A,https://www.seek.com.au/job/93051052?type=standard&ref=search-standalone#sol=704ee1f5891b199ecdcf68f6059169b560d44088,2026-07-15 19:23:34,N/A,N/A,N/A,N/A
Production Operator,Listed twenty six days ago,"Canning Vale, Perth WA",WA,$33 – $37 per hour,Casual,https://www.seek.com.au/job/92826112?type=standard&ref=search-standalone#sol=d96c5a155826030eb697506a120ee8adff85d9f5,2026-07-15 19:23:34,N/A,N/A,N/A,N/A
Production Operator - Manufacturing,Listed twenty nine days ago,"Hazelmere, Perth WA",WA,N/A,N/A,https://www.seek.com.au/job/92741487?type=standard&ref=search-standalone#sol=1fd3edd40d04177e37bc80743f4c9bc8046df74e,2026-07-15 19:23:34,N/A,N/A,N/A,N/A
Production Operator,Listed twenty seven days ago,"Welshpool, Perth WA",WA,$31.19 per hour plus super,Casual,https://www.seek.com.au/job/92804548?type=standard&ref=search-standalone#sol=b749f840adca7ff079e8d18aeebbff3fc8da4288,2026-07-15 19:23:34,N/A,N/A,N/A,N/A
Production Operator / Grain handler,Listed twelve days ago,"Hope Valley, Perth WA",WA,N/A,N/A,https://www.seek.com.au/job/93113669?type=standard&ref=search-standalone#sol=0376238ee487fd3ff4584caafdc4bdb660dc973b,2026-07-15 19:23:34,N/A,N/A,N/A,N/A
Packaging Machine Operator,Listed eight days ago,"Forrestfield, Perth WA",WA,N/A,N/A,https://www.seek.com.au/job/93164748?type=standard&ref=search-standalone#sol=3dc05e4351c414fe6c533d7b2f9fce9ac10020a1,2026-07-15 19:23:34,N/A,N/A,N/A,N/A
Manufacturing & Warehouse Production Line Operator,Listed two days ago,"Kelmscott, Perth WA",WA,N/A,N/A,https://www.seek.com.au/job/93283551?type=standard&ref=search-standalone#sol=41b80659647e1be8cc251db0b1a5ff8473c1d552,2026-07-15 19:23:34,N/A,N/A,N/A,N/A
Production Operator,Listed eight days ago,"Bibra Lake, Perth WA",WA,N/A,Full-time,https://www.seek.com.au/job/93165837?type=standard&ref=search-standalone#sol=d2b1bf3b03525d7b0f8227d6142e96a6084886a4,2026-07-15 19:23:34,N/A,N/A,N/A,N/A
Process Operator,Listed fifteen days ago,"Wiluna, Kalgoorlie, Goldfields & Esperance WA",WA,N/A,N/A,https://www.seek.com.au/job/93034695?type=standard&ref=search-standalone#sol=6b2e2e550d747ce15f72293185a2cb1a58354730,2026-07-15 19:23:34,N/A,N/A,N/A,N/A
Process Operator – Chemical Plant,Listed twenty eight days ago,"Kwinana Beach, Perth WA",WA,N/A,FIFO,https://www.seek.com.au/job/92769567?type=standard&ref=search-standalone#sol=2de4480b49cd98596f187fde3ab8a1a61bc77cdf,2026-07-15 19:23:34,N/A,N/A,senior,"About TronoxWe are seeking bright and brilliant people to join our team.We are a fully integrated titanium minerals producer and pigment manufacturer. Across our Australian operations, we extract and process rich mineral sands into a range of valuable products including ilmenite, zircon, rutile and titanium dioxide pigment which are then exported to international markets.Our sites are part of the global operations of Tronox Limited, the world’s leading integrated manufacturer of titanium dioxide.Position - Process OperatorLocation - Tronox Pigment Plant - (Mason rd Kwinana)Employment Type - Permanent rotating Day / Night ShiftAbout the RoleJoin the team atTronox’s Kwinana Pigment Plantas aProcess Shift Operatorensuring our plant runs safely, smoothly, and efficiently. This is an excellent opportunity for a motivated operator who enjoys hands-on work, problem-solving, and contributing to a high-performing production environment.This position operates on a12-hour rotating Day/Night Sportsman roster:2D/2N – 5 days off→2D/3N – 4 days off→3D/2N – 5 days offKey ResponsibilitiesMonitor and control plant processes and equipment to ensure safe, stable, and efficient operation.Operate, troubleshoot, and maintain process equipment—such as pumps, valves, and control systems—to minimise downtime and maximise output.Conduct routine inspections and quality checks to ensure products meet strict specifications.Work proactively with safety protocols, including conducting safety inspections and"
Process Operator,Listed six days ago,Perth WA,WA,$65 an hour!,Contract,https://www.seek.com.au/job/93213068?type=standard&ref=search-standalone#sol=0a607b3ad2b6436b2e51a4ff31b1ae0299cf4a16,2026-07-15 19:23:34,N/A,N/A,N/A,N/A
Manufacturing Process Operator,Listed seven days ago,Perth WA,WA,N/A,Contract,https://www.seek.com.au/job/93185121?type=standard&ref=search-standalone#sol=55d0398055a3481fd2509dc5ee7d3821ea4ef9c8,2026-07-15 19:23:34,N/A,N/A,N/A,N/A
Machine Operator,Listed twenty days ago,"Welshpool, Perth WA",WA,N/A,N/A,https://www.seek.com.au/job/92946278?type=standard&ref=search-standalone#sol=e5a83761714bcb08f61f2b6392bd904913af11c3,2026-07-15 19:23:34,N/A,N/A,N/A,N/A
Operator Refinery Process,Listed eight days ago,"Collie, Bunbury & South West WA",WA,N/A,N/A,https://www.seek.com.au/job/93172858?type=standard&ref=search-standalone#sol=b1badd701201b2b6abcdd89e0c6b928fd0d27592,2026-07-15 19:23:34,N/A,N/A,N/A,N/A
Fixed Plant Process Operator,Listed nineteen days ago,"Bunbury, Bunbury & South West WA",WA,N/A,FIFO,https://www.seek.com.au/job/92965659?type=standard&ref=search-standalone#sol=436ad10373067dfba3c9cb14ca2ef570df436526,2026-07-15 19:23:34,N/A,N/A,N/A,N/A
Process Technician,Listed two days ago,"Naval Base, Perth WA",WA,N/A,Casual,https://www.seek.com.au/job/93275527?type=standard&ref=search-standalone#sol=de720eee6f663d40f02013816c8616b03da5f0c8,2026-07-15 19:23:34,N/A,N/A,N/A,N/A
Process Operator,Listed six days ago,"Kalgoorlie, Kalgoorlie, Goldfields & Esperance WA",WA,N/A,FIFO,https://www.seek.com.au/job/93208976?type=standard&ref=search-standalone#sol=462551da5cef3206bd202e29fd1b45f9e19caf1c,2026-07-15 19:23:34,N/A,N/A,N/A,N/A
Process/ Paste Plant Operator,Listed twenty six days ago,Perth WA,WA,N/A,FIFO,https://www.seek.com.au/job/92831326?type=standard&ref=search-standalone#sol=db17407cd8945d1f5410b52e78f44462ae4c82f7,2026-07-15 19:23:34,N/A,N/A,N/A,N/A
Production Technician,Listed six days ago,Perth WA,WA,N/A,N/A,https://www.seek.com.au/job/93220764?type=standard&ref=search-standalone#sol=cbdb5c5a6f52613aefbea438c69fefac9c9d5b16,2026-07-15 19:23:34,N/A,N/A,N/A,N/A
Process Operator,Listed twenty days ago,"Port Hedland, Karratha & Pilbara WA",WA,N/A,Contract,https://www.seek.com.au/job/92944607?type=standard&ref=search-standalone#sol=34fbea4b8898adc0cc0b560e1627aa2dd180e173,2026-07-15 19:23:34,N/A,N/A,N/A,N/A
Production Machine Operator/Factoryhand,Listed twenty two days ago,"Northern Suburbs & Joondalup, Perth WA",WA,N/A,Casual,https://www.seek.com.au/job/92878195?type=standard&ref=search-standalone#sol=7a06ab3f2afa4485608bbf21fe9bcfd710e9910a,2026-07-15 19:23:34,N/A,N/A,N/A,N/A
Process Operator,Listed thirteen days ago,Perth WA,WA,N/A,FIFO,https://www.seek.com.au/job/93082339?type=standard&ref=search-standalone#sol=517cb92c9028e3324d64f8d624b2abb0f6ea5ded,2026-07-15 19:23:34,N/A,N/A,N/A,N/A
Trainee Truck Driver,atGold Fields Australia Pty Limited,"Kalgoorlie, Kalgoorlie, Goldfields & Esperance WA",WA,N/A,N/A,https://www.seek.com.au/job/93280826?type=promoted&ref=search-standalone#sol=31c8defaa004413f41fa34366604090406a1cac3,2026-07-16 08:26:12,N/A,N/A,mid_level,"Gold Fields Group Services (Pty) LtdKickstart your career with one of the largest gold producers in the world!Gold Fields is a globally diversified gold producer with nine operating mines across Australia, South Africa, Ghana, Peru, Canada and Chile.Join our iconicSt Ives Mine Site, located 20 minutes drive from Kambalda,where you'll gain hands-on experience, structured training and exposure to a real-world mining environment - all while working alongside an experienced team committed to helping you succeed.We are hosting an Assessment Day for enthusiastic, safety-focused individuals interested in upcomingTrainee / Entry-Level Miningopportunities. If you're reliable, eager to learn, and ready to build a career in mining, we want to hear from you.These opportunities are only open to residents of Kambalda, Kalgoorlie, and surrounding communities, and include:Trainee Process OperatorsTrainee Truck DriversTrainee Paste-FillWhy join us?Learn fromindustry expertswho willmentor you every step of the way.Enjoy alifestyle rosterwith great work-life balanceCompetitive pay,site allowance, private health allowance andquarterly bonuses!Access to our Employee Assistance ProgramVariety of career pathways at a local gold mine with decades of operational mine life.Daily bus transportation to siteWhat you'll bringA genuine passion for learning and a can-do attitude.Experience with mobile equipment or labour-intensive work advantageous.Strong teamwork, communication and basic computer skills.Cu"
Fuel Tanker Driver - MOORA REGION,Fuel Tanker Driver - MOORA REGIONatFuel Distributors of Western Australia,atFuel Distributors of Western Australia,WA,$45 – $55 per hour,N/A,https://www.seek.com.au/job/93083561?type=promoted&ref=search-standalone#sol=d2b4117cfda3889cf511f377081bbdba1934006f,2026-07-16 08:26:12,N/A,N/A,N/A,N/A
Truck Driver (HR / MC),Listed six days ago,"Port Hedland, Port Hedland, Karratha & Pilbara WA(Remote)",WA,$50 – $52 per hour,Casual,https://www.seek.com.au/job/93240297?type=standard&ref=search-standalone#sol=a0030452f4022f34d8e1138e5115308047df2922,2026-07-16 08:26:12,N/A,N/A,N/A,N/A
Trainee Truck Driver,Listed three days ago,"Kalgoorlie, Kalgoorlie, Goldfields & Esperance WA",WA,N/A,N/A,https://www.seek.com.au/job/93280826?type=standard&ref=search-standalone#sol=a5d7e05acba963a810da005b84109f4a49a29901,2026-07-16 08:26:12,N/A,N/A,N/A,N/A
Truck Driver/Trainee Truck Driver,Listed nine hours ago,"Kalgoorlie, Kalgoorlie, Goldfields & Esperance WA",WA,N/A,N/A,https://www.seek.com.au/job/93351292?type=standard&ref=search-standalone#sol=f19ace03082d211d1b18730b0f2430cb2544e60b,2026-07-16 08:26:12,N/A,N/A,N/A,N/A
HR Relief Driver,Listed one day ago,"Kewdale, Perth WA",WA,$38.18-$42.19/hr base depending on experience,N/A,https://www.seek.com.au/job/93332732?type=standard&ref=search-standalone#sol=c94d007f1efc5cb58714b630acc7d3c67617ad3c,2026-07-16 08:26:12,N/A,N/A,N/A,N/A
HR Hotshot Drivers | Mine-Site Logistics & Specialised Transport,Listed five days ago,"Wangara, Perth WA",WA,N/A,Casual,https://www.seek.com.au/job/93263286?type=standard&ref=search-standalone#sol=d6f7a8a611104cf57eae8f14f1f4535ace0dd8ce,2026-07-16 08:26:12,N/A,N/A,N/A,N/A
HC Driver Night Shift,Listed seven days ago,"Osborne Park, Perth WA",WA,"$100,000 – $101,000 per year",N/A,https://www.seek.com.au/job/93210093?type=standard&ref=search-standalone#sol=502e1eacf89b50f00468640a4cdc1f11db8fd40c,2026-07-16 08:26:12,N/A,N/A,N/A,N/A
Truck Driver,Listed two days ago,"Kwinana Beach, Perth WA",WA,$36 per hour,N/A,https://www.seek.com.au/job/93307705?type=standard&ref=search-standalone#sol=63862560dc05522757edfc6a8882ad0b21f232fa,2026-07-16 08:26:12,N/A,N/A,N/A,N/A
HR Driver,Listed one day ago,"Wattleup, Perth WA",WA,N/A,N/A,https://www.seek.com.au/job/93318555?type=standard&ref=search-standalone#sol=61c9bf5c3b4bd5e75fd0ba82b83fae5445d7fbf6,2026-07-16 08:26:12,N/A,N/A,N/A,N/A
HR Driver,Listed twelve days ago,"Karratha, Port Hedland, Karratha & Pilbara WA",WA,N/A,Full-time,https://www.seek.com.au/job/93120437?type=standard&ref=search-standalone#sol=a33772b08b11dce9e28a6c7ee56be23a363662d7,2026-07-16 08:26:12,N/A,N/A,N/A,N/A
HR Truck Driver,Listed one hour ago,"Kwinana Beach, Perth WA",WA,N/A,Contract,https://www.seek.com.au/job/93366943?type=standard&ref=search-standalone#sol=18335be3a7bfade826e48d2bb50e1ffe95da63bc,2026-07-16 08:26:12,N/A,N/A,N/A,N/A
Fuel Tanker Driver - MOORA REGION,Listed fourteen days ago,atFuel Distributors of Western Australia,WA,$45 – $55 per hour,N/A,https://www.seek.com.au/job/93083561?type=standard&ref=search-standalone#sol=081d814039cd1be4787673581ce210681ff07732,2026-07-16 08:26:12,N/A,N/A,N/A,N/A
Truck driver/operator,Listed twenty two days ago,"Bayswater, Perth WA(Remote)",WA,$35 per hour,N/A,https://www.seek.com.au/job/92911060?type=standard&ref=search-standalone#sol=53cdad8d59baed783a9648e0ce7156e88169e390,2026-07-16 08:26:12,N/A,N/A,N/A,N/A
HR Drivers - Multi Drop Delivery | Perth Metro,Listed one day ago,"Hazelmere, Perth WA",WA,N/A,N/A,https://www.seek.com.au/job/93339287?type=standard&ref=search-standalone#sol=1336f6b439b61c42771653d20d8fb78496af454f,2026-07-16 08:26:12,N/A,N/A,N/A,N/A
HR Truck Driver,Listed twenty two hours ago,"Canning Vale, Perth WA",WA,N/A,Casual,https://www.seek.com.au/job/93345954?type=standard&ref=search-standalone#sol=276135b0b0b4d93dfc40dd9eb931ba061864878f,2026-07-16 08:26:12,white_card|drivers_license|forklift_license|heavy_vehicle_license,forklift_license,mid_level,"We are seeking an experiencedHR Truck Driverto join our Canning Vale depot in Perth!What we offer:Immediate startModern, well-maintained trucks for your comfort and safetyOpportunity for casual to permanent transitionSupportive team environment with a focus on employee well-beingAbout the role:Perform multiple pickups and deliveries of shopfittingsPlan routes and manage time efficientlyDeliver excellent customer serviceEnsure safe and timely delivery of goodsMaintain accurate driver logs and paperworkRequirements:HR LicenseWhite CardForklift License (desirable)PPE: Hi-Vis clothing and steel cap bootsClean driving recordAbout You:At least 2 years of experience in professional truck drivingSkilled in manual handling tasksFlexible with start timesExperience with major supermarket delivery routesWho are we:Dutt is a leading Australian-owned company specialising in store development logistics for the retail and commercial sectors. We focus on project management, warehousing, distribution, and transportation of shopfittings. Join us and be part of a dedicated team committed to quality and service.Join Our Team!If you meet the above criteria and are ready to take the next step in your career, we invite you to apply now! Click on the 'Apply' to submit your application."
Watercart Operators - 2/1 roster - Opportunity for upskilling to RTO,Listed one day ago,Perth WA,WA,"$133,952 + super (all hours) & weekly pay",N/A,https://www.seek.com.au/job/93330667?type=standard&ref=search-standalone#sol=b7adeb64bfa31703a83d1915365ce64469dad426,2026-07-16 08:26:12,N/A,N/A,N/A,N/A
Fuel Tanker Driver | HC Driver | Rockingham / Perth Metro,Listed one day ago,"Rockingham, Perth WA",WA,$38.27 p.h. + penalty rates and allowances,N/A,https://www.seek.com.au/job/93341786?type=standard&ref=search-standalone#sol=60766feec6f00ef17a3fa279f733aee9e6113469,2026-07-16 08:26:12,N/A,N/A,N/A,N/A
Road Train Driver,Listed nine days ago,"Port Hedland, Port Hedland, Karratha & Pilbara WA",WA,N/A,N/A,https://www.seek.com.au/job/93155382?type=standard&ref=search-standalone#sol=aa066a93789c61237d6220c5d699f9bc201e2bdb,2026-07-16 08:26:12,N/A,N/A,N/A,N/A
HR/HC/ MC Driver - Local work - Perth based,Listed two days ago,"Kewdale, Perth WA",WA,N/A,N/A,https://www.seek.com.au/job/93308700?type=standard&ref=search-standalone#sol=cd8e83c439d8f8687db4161811fe9ae9bbcaf69f,2026-07-16 08:26:12,N/A,N/A,N/A,N/A
Casual HR Concrete Truck Driver | Busselton,Listed three minutes ago,"Busselton, Bunbury & South West WA",WA,$46.24 p.h. (includes casual loading) + overtime,Casual,https://www.seek.com.au/job/93369614?type=standard&ref=search-standalone#sol=43388127a11febb55a5c836ec8d02c46f88270ec,2026-07-16 08:26:12,drivers_license|drug_alcohol_test|heavy_vehicle_license,N/A,senior,"Casual Agitator DriverDriving a concrete agitator truck for Heidelberg Materials is more than just going from A to B and back again. Our Agitator drivers and Batchers provide high levels of customer service to our clients receiving our products, becoming the face of our business. As a Driver/Batcher, you will be making multiple deliveries throughout the day, operating the batch plant, and interacting with lots of different people. Every day will be different; there's nothing routine about this role!About the role:Rates: $36.99ph plus casual loading & penalties (rate X 1.5 after 8 hours, rate X 2.0 after 10 hours).You will be based at Busselton Concrete Plant.Most days will start at 7am-3pm and drivers can do up to and over 10 hours per day, and around 50 - 55 hours per week.As we mentioned, driving an Agi is like being a Customer Service Agent on wheels. You will be dealing with lots of different personalities every day, so you need to be comfortable interacting with people you haven't met beforeWe provide cutting edge technology to not only keep you safe whilst driving, but also to help you map your routes and keep track of your loadsAll new starts go through a 10-day training program before we let you loose by yourself.Occasional concrete batching when required.About you:Minimum of HR license (essential) with previous driving experience (preferred)You enjoy meeting people and having a chat with them when you're onsiteYou prefer variety in your working life. No two days are "
MC Road Train Driver,Listed one day ago,"Tom Price, Port Hedland, Karratha & Pilbara WA",WA,Competitive rates - $55.00 per hour flat rate,N/A,https://www.seek.com.au/job/93331965?type=standard&ref=search-standalone#sol=eab309f3d6f5e626dfa35ff54835e6a3bc5ba875,2026-07-16 08:26:12,N/A,N/A,N/A,N/A
HR Driver,Listed eight days ago,"Gnangara, Perth WA",WA,$35.11 – $38.72 DOE + O/Time + Penalties,N/A,https://www.seek.com.au/job/93190999?type=standard&ref=search-standalone#sol=64a525c0099e8f5837477142ddc5adc52c0f001f,2026-07-16 08:26:12,N/A,N/A,N/A,N/A
Road Train Drivers - $62.56 p/h,Listed two days ago,"Onslow, Port Hedland, Karratha & Pilbara WA",WA,"$5,250+ Per Week!",Contract,https://www.seek.com.au/job/93303388?type=standard&ref=search-standalone#sol=7d9684eced0db01b43fad92aa2303ee048707545,2026-07-16 08:26:12,N/A,N/A,N/A,N/A
Tipper Driver,Listed two days ago,"Lexia, Perth WA",WA,$37.08 - $40.46 p.h. + penalty rates + overtime,N/A,https://www.seek.com.au/job/93307832?type=standard&ref=search-standalone#sol=c739618a153580b3cce1038579c753afb4f7f129,2026-07-16 08:26:12,N/A,N/A,N/A,N/A
MC Unrestricted Truck Driver,Listed two days ago,"Hazelmere, Perth WA",WA,$40 – $60 per hour,N/A,https://www.seek.com.au/job/93305285?type=standard&ref=search-standalone#sol=1a28d49792a3a926f9401b280a6094119e2c1499,2026-07-16 08:26:12,N/A,N/A,N/A,N/A
Day Shift Truck Driver,Listed five days ago,"Bibra Lake, Perth WA",WA,N/A,N/A,https://www.seek.com.au/job/93253730?type=standard&ref=search-standalone#sol=a346bce5ca3370fff8dd67de71b6841742127e90,2026-07-16 08:26:12,N/A,N/A,N/A,N/A
Truck Driver,Listed one day ago,"Carabooda, Perth WA(Hybrid)",WA,N/A,N/A,https://www.seek.com.au/job/93329456?type=standard&ref=search-standalone#sol=fc20e41560f564694eaf74025b99004126acb63d,2026-07-16 08:26:12,N/A,N/A,N/A,N/A
Casual Waste Collection Driver,Listed five hours ago,"Bibra Lake, Perth WA",WA,$40.60 p/h,Casual,https://www.seek.com.au/job/93358127?type=standard&ref=search-standalone#sol=171861b5ec0cc75ced70bcb39a7cd62b3ae34ed4,2026-07-16 08:26:12,drivers_license,N/A,mid_level,"The City of Cockburn is dynamic and rapidly growing. It provides its employees with generous employment conditions and highly desirable lifestyle benefits including:Professional development opportunitiesSupportive and collaborative team cultureOpportunity to become permanent full timeThe CityCockburn is one of the major coastal cities found in the state of Western Australia. With a current population of over 120,000, the City is dynamic, rapidly growing and an exciting place to be.Situated just 22km south of the Perth CBD, Cockburn boasts an amazing coastline, beautiful beaches and parks, and is supported by a rich mix of community facilities and diverse employment opportunities.The PositionThe City of Cockburn is an industry leader in waste collection and management, undertaking weekly collection of both domestic and recycling bins for all residents.We are looking for an experienced, safety focussed Waste Collection Driver who enjoys working in small teams, by supporting fellow team members on their rounds if required.In addition to being able to provide a current Police Clearance and be able to pass a pre-employment medical, the successful applicant will possess:Previous experience operating side arm vehiclesSignificant experience in operating trucks over 18tHR Drivers LicenceSalary:$40.60 p/h plus 25% casual loading, Waste Collection Allowance of $105.13 per fortnightHours:6am to 4pmHow to Apply:Please read the attached position description and selection criteria for a ful"
Road Train Operator - FIFO - Multiple Sites Available!,Listed two days ago,Perth WA,WA,Earn Up To $600 Per Day!!,FIFO,https://www.seek.com.au/job/93315408?type=standard&ref=search-standalone#sol=7a52dd88acb53a38294906d9a77927674cb8db6b,2026-07-16 08:26:12,N/A,N/A,N/A,N/A
MC Drivers - Road Train Operators (Local and Long Distance),Listed one day ago,"Bibra Lake, Perth WA",WA,N/A,N/A,https://www.seek.com.au/job/93318694?type=standard&ref=search-standalone#sol=d48b7db3829fd3392de212a1a292c104d232609e,2026-07-16 08:26:12,N/A,N/A,N/A,N/A
Vacuum Truck Operator,Listed six days ago,"Malaga, Perth WA",WA,N/A,Full-time,https://www.seek.com.au/job/93236744?type=standard&ref=search-standalone#sol=4be716add0f368b9696007dbedf2d57d56599445,2026-07-16 08:26:12,N/A,N/A,N/A,N/A
Road Train Driver,Road Train DriveratJamieson Transport,"Port Hedland, Port Hedland, Karratha & Pilbara WA",WA,N/A,N/A,https://www.seek.com.au/job/93155382?type=promoted&ref=search-standalone#sol=01a7b95eed61df592c12bbe86bcc974973407629,2026-07-16 14:09:19,N/A,N/A,N/A,N/A
FIFO - Mobile Plant Operator,FIFO - Mobile Plant OperatoratDrive Personnel,Perth WA,WA,$60 – $65 per hour (Based on experience),Casual,https://www.seek.com.au/job/93331562?type=promoted&ref=search-standalone#sol=309ea79bc0ea2f2a45886c6feddd53e8b19b2cf7,2026-07-16 14:09:19,N/A,N/A,N/A,N/A
Heavy Vehicle Operator / Transport Specialist,Listed five days ago,Perth WA,WA,N/A,N/A,https://www.seek.com.au/job/93260477?type=standard&ref=search-standalone#sol=13eb2727a38a89d5ff0f7f2e9305e8d8b93f6ce5,2026-07-16 14:09:19,N/A,N/A,N/A,N/A
HR Hotshot Drivers | Mine-Site Logistics & Specialised Transport,Listed five days ago,"Wangara, Perth WA",WA,N/A,Casual,https://www.seek.com.au/job/93263286?type=standard&ref=search-standalone#sol=96360962a0cd958756993ccd1b0c5496769bc663,2026-07-16 14:09:19,N/A,N/A,N/A,N/A
Truck Driver (HR / MC),Listed six days ago,"Port Hedland, Port Hedland, Karratha & Pilbara WA(Remote)",WA,$50 – $52 per hour,Casual,https://www.seek.com.au/job/93240297?type=standard&ref=search-standalone#sol=5dad89159e9b11ad1b92192a20b3de9a12d296b3,2026-07-16 14:09:19,N/A,N/A,N/A,N/A
Truck Driver/Trainee Truck Driver,Listed fourteen hours ago,"Kalgoorlie, Kalgoorlie, Goldfields & Esperance WA",WA,N/A,N/A,https://www.seek.com.au/job/93351292?type=standard&ref=search-standalone#sol=125fc9389c5115f70edee4f529db73e0841307e5,2026-07-16 14:09:19,N/A,N/A,N/A,N/A
MC Drivers - Onslow FIFO,Listed six days ago,"Onslow, Port Hedland, Karratha & Pilbara WA",WA,Up to $172k package inc super + bonuses + benefits,Full-time,https://www.seek.com.au/job/93238663?type=standard&ref=search-standalone#sol=dcb9e48eb8d7b6437365742fb14acdc7766a670d,2026-07-16 14:09:19,N/A,N/A,N/A,N/A
MC Truck Driver - Long Haul,Listed one day ago,"Kewdale, Perth WA",WA,N/A,N/A,https://www.seek.com.au/job/93342325?type=standard&ref=search-standalone#sol=95bb0ab4a2cca9ba6487ba6abfe92b44864bc367,2026-07-16 14:09:19,N/A,N/A,N/A,N/A
HR Relief Driver,Listed one day ago,"Kewdale, Perth WA",WA,$38.18-$42.19/hr base depending on experience,N/A,https://www.seek.com.au/job/93332732?type=standard&ref=search-standalone#sol=659ed7788d9a9fc6067b28706f15e67e43910b68,2026-07-16 14:09:19,N/A,N/A,N/A,N/A
Road Train Driver,Listed nine days ago,"Port Hedland, Port Hedland, Karratha & Pilbara WA",WA,N/A,N/A,https://www.seek.com.au/job/93155382?type=standard&ref=search-standalone#sol=ea14741798c6dd230108c87e3e5a3de38de4562c,2026-07-16 14:09:19,N/A,N/A,N/A,N/A
Watercart Operators - 2/1 roster - Opportunity for upskilling to RTO,Listed one day ago,Perth WA,WA,"$133,952 + super (all hours) & weekly pay",N/A,https://www.seek.com.au/job/93330667?type=standard&ref=search-standalone#sol=5443966f35094eb6af3ac1a87a29edabdcb8eca1,2026-07-16 14:09:19,N/A,N/A,N/A,N/A
Road Train Operator - FIFO - Multiple Sites Available!,Listed two days ago,Perth WA,WA,Earn Up To $600 Per Day!!,FIFO,https://www.seek.com.au/job/93315408?type=standard&ref=search-standalone#sol=3bbde936813d02cf1128326f9a32981e4cd6c135,2026-07-16 14:09:19,N/A,N/A,N/A,N/A
FIFO - Mobile Plant Operator,Listed one day ago,Perth WA,WA,$60 – $65 per hour (Based on experience),Casual,https://www.seek.com.au/job/93331562?type=standard&ref=search-standalone#sol=9764b876392834498c31520ffb02e7480d43bbde,2026-07-16 14:09:19,N/A,N/A,N/A,N/A
Trainee Truck Driver,Listed three days ago,"Kalgoorlie, Kalgoorlie, Goldfields & Esperance WA",WA,N/A,N/A,https://www.seek.com.au/job/93280826?type=standard&ref=search-standalone#sol=d069cbb76039f8bde939389445f0905e3e0c9692,2026-07-16 14:09:19,N/A,N/A,N/A,N/A
FIFO - Dump Truck Operator,Listed twenty four days ago,Perth WA,WA,$55 – $60 per hour,Casual,https://www.seek.com.au/job/92861050?type=standard&ref=search-standalone#sol=a2e56303c967a502d8ac24ccc7fcb31768bc1e72,2026-07-16 14:09:19,N/A,N/A,N/A,N/A
HC Driver Night Shift,Listed seven days ago,"Osborne Park, Perth WA",WA,"$100,000 – $101,000 per year",N/A,https://www.seek.com.au/job/93210093?type=standard&ref=search-standalone#sol=d7e3eaa73fcea2710b1141873bc5eb29c180a3e5,2026-07-16 14:09:19,N/A,N/A,N/A,N/A
HR Driver,Listed twelve days ago,"Karratha, Port Hedland, Karratha & Pilbara WA",WA,N/A,Full-time,https://www.seek.com.au/job/93120437?type=standard&ref=search-standalone#sol=3141d9d5673292e5df3869eddbca9a49e877b036,2026-07-16 14:09:19,N/A,N/A,N/A,N/A
Road Train Drivers - $62.56 p/h,Listed two days ago,"Onslow, Port Hedland, Karratha & Pilbara WA",WA,"$5,250+ Per Week!",Contract,https://www.seek.com.au/job/93303388?type=standard&ref=search-standalone#sol=edc4c107ba4b0ca62b1e315edaf5bd3d0473c308,2026-07-16 14:09:19,N/A,N/A,N/A,N/A
MC Driver | FIFO from Perth,Listed two days ago,Perth WA,WA,N/A,Contract,https://www.seek.com.au/job/93302605?type=standard&ref=search-standalone#sol=c2f7a49895141369d806f40719809b93a93f6cf5,2026-07-16 14:09:19,N/A,N/A,N/A,N/A
MC Road Train Driver,Listed one day ago,"Tom Price, Port Hedland, Karratha & Pilbara WA",WA,Competitive rates - $55.00 per hour flat rate,N/A,https://www.seek.com.au/job/93331965?type=standard&ref=search-standalone#sol=7e54730666cb1429e926bdf2cade1e68791b3654,2026-07-16 14:09:19,N/A,N/A,N/A,N/A
Dump Truck Operator | Fly direct to site! | Only 90mins,Listed one day ago,Perth WA,WA,N/A,FIFO,https://www.seek.com.au/job/93334573?type=standard&ref=search-standalone#sol=4b3df6d649810484813b4aa91df5e5bad96a12b3,2026-07-16 14:09:19,N/A,N/A,N/A,N/A
Tipper Driver,Listed two days ago,"Lexia, Perth WA",WA,$37.08 - $40.46 p.h. + penalty rates + overtime,N/A,https://www.seek.com.au/job/93307832?type=standard&ref=search-standalone#sol=55272462aca17254e008f5b8e30ba9a254781912,2026-07-16 14:09:19,N/A,N/A,N/A,N/A
Dump Truck Operator,Listed three days ago,Perth WA,WA,$55/hr + Super on all hours worked,FIFO,https://www.seek.com.au/job/93272853?type=standard&ref=search-standalone#sol=c91651975c43e2cadb803b751165265389e6f35c,2026-07-16 14:09:19,N/A,N/A,N/A,N/A
Heavy Rigid Truck Driver,Listed eight days ago,"Maddington, Perth WA",WA,$43+ per hour with regular overtime available!,Casual,https://www.seek.com.au/job/93196639?type=standard&ref=search-standalone#sol=e07f3d0f3a8bc72874dcdcd900023b351c426f5e,2026-07-16 14:09:19,N/A,N/A,N/A,N/A
Haul Truck Operators - Sino Iron Mine,Listed six days ago,Perth WA,WA,N/A,N/A,https://www.seek.com.au/job/93239035?type=standard&ref=search-standalone#sol=d847fb58d9405f2945bcbd7badad0dbe17c32ec9,2026-07-16 14:09:19,N/A,N/A,N/A,N/A
Vacuum Truck Operator,Listed six days ago,"Malaga, Perth WA",WA,N/A,Full-time,https://www.seek.com.au/job/93236744?type=standard&ref=search-standalone#sol=2bae1c0ef3199d7f3c54d83877ad1510d2add246,2026-07-16 14:09:19,N/A,N/A,N/A,N/A
Truck Driver,Listed three hours ago,"Bunbury, Bunbury & South West WA",WA,N/A,Casual,https://www.seek.com.au/job/93373067?type=standard&ref=search-standalone#sol=c462fe0a604f2962dd77ded8f2bd94eed5fb5198,2026-07-16 14:09:19,N/A,N/A,N/A,N/A
Metro HC Driver,Listed twelve hours ago,"Forrestfield, Perth WA",WA,$36.58 – $41.21 per hour,N/A,https://www.seek.com.au/job/93354815?type=standard&ref=search-standalone#sol=898363e7defae57eef24b750c19162cbb721946d,2026-07-16 14:09:19,N/A,N/A,N/A,"Location:Forrestfield, WARole Type:Mixed Role –Pallet Dehires & Yard Shunt DrivingJoin Sands Fridge LinesAt Sands Fridge Lines, we do more than move freight—we keep Australia’s supply chain moving. As a proudly family-owned Western Australian business with over 45 years of industry experience, we offer stable employment, genuine career opportunities, and a supportive team culture where people come first.Why Join Sands Fridge Lines?Family-Owned ValuesWith more than four decades in the transport industry, Sands Fridge Lines has built a reputation for reliability, integrity, and looking after its people. We foster a strong sense of community and teamwork across the business.Modern FleetOur well-maintained, modern fleet ensures safe, efficient, and reliable transportation of temperature-sensitive freight throughout Australia.Job Security & StabilityEnjoy consistent work with regular scheduled operations and a strong customer base, providing long-term employment opportunities.Career DevelopmentWe invest in our people through quality training, competitive pay, and genuine opportunities for career progression.Supportive Team EnvironmentJoin a close-knit team where colleagues support one another and where your contribution is valued and recognised.At Sands Fridge Lines, you'll be part of an essential industry that keeps goods moving safely and efficiently across Western Australia.Key ResponsibilitiesSafely operate Heavy Combination (HC) vehicles for metropolitan pallet dehire and yar"
Heavy Haulage Truck Driver,Listed eight days ago,atWA Limestone,WA,N/A,N/A,https://www.seek.com.au/job/93186787?type=standard&ref=search-standalone#sol=454c9033372bcda628c7eaf2ce390ec234b995eb,2026-07-16 14:09:19,N/A,N/A,N/A,N/A
FIFO MC Road Train Drivers,Listed seven days ago,Perth WA,WA,N/A,FIFO,https://www.seek.com.au/job/93210058?type=standard&ref=search-standalone#sol=5702d330cf634c3c36d227c257fd0d61acab04db,2026-07-16 14:09:19,N/A,N/A,N/A,N/A
Heavy Haulage Truck Driver,Listed ten days ago,Perth WA,WA,N/A,Contract,https://www.seek.com.au/job/93147150?type=standard&ref=search-standalone#sol=bea9451f67cb1e97df50c22c96ced8338e0a7f2d,2026-07-16 14:09:19,N/A,N/A,N/A,N/A
5 x Dump Truck / HR Water Cart Operator - $55 Per Hour,Listed three days ago,Perth WA,WA,$50 Per Hour Days / $57.50 Per Hour Nights | ASAP Starts,Casual,https://www.seek.com.au/job/93289007?type=standard&ref=search-standalone#sol=63cbdcfdea3fe9eff0a999de0b404f4a1bf81f27,2026-07-16 14:09:19,N/A,N/A,N/A,N/A
Road Train Driver,Road Train DriveratJamieson Transport,"Port Hedland, Port Hedland, Karratha & Pilbara WA",WA,N/A,N/A,https://www.seek.com.au/job/93155382?type=promoted&ref=search-standalone#sol=5545591f3eee2065f8e27378d51366c3ca7f4cad,2026-07-16 19:24:31,drivers_license|drug_alcohol_test,N/A,senior,"MC Drivers Wanted – Join a Market Leader in Bulk Haulage!Location:Western Australia (FIFO from capital cities)Position:MC OperatorsPay:Highly Competitive Rates – Paid WeeklyWhy Join Us?Top-Tier Pay:Highly competitive rates paid weekly!FIFO Convenience:Flights from Australia and New Zealand capital cities including with the opportunity obtain frequent flyer points!Premium Accommodation:High-end, residential-style living.Family Values:A supportive team environment built on strong company ethics.About the Role:Operating quad, super, ultra quads transporting bulk commodities while working closely with our operations team. Attention to detail, mechanical aptitude, and a positive attitude are essential.What You’ll Need:🔹 Current MC driver’s license🔹 Experience with triple or quad road trains🔹 Strong understanding of fatigue management strategies🔹 Valid police clearance and traffic report🔹 Willingness to undergo a pre-employment medical and drug/alcohol screeningApply Now:📞 Call us at [+61 456801987]✉️ Send your resume to [••••@jamiesontransport.com.au]Join Jamieson Transport today and enjoy a fulfilling career."
FIFO - Mobile Plant Operator,FIFO - Mobile Plant OperatoratDrive Personnel,Perth WA,WA,$60 – $65 per hour (Based on experience),Casual,https://www.seek.com.au/job/93331562?type=promoted&ref=search-standalone#sol=7fc610e0fff1cf9ccefdbe3d9733eedf759e86dc,2026-07-16 19:24:31,N/A,N/A,N/A,N/A
Heavy Vehicle Operator / Transport Specialist,Listed five days ago,Perth WA,WA,N/A,N/A,https://www.seek.com.au/job/93260477?type=standard&ref=search-standalone#sol=108790bd3d2ca15baa25b911cce9dbc1e4b1c530,2026-07-16 19:24:31,N/A,N/A,N/A,N/A
HR Hotshot Drivers | Mine-Site Logistics & Specialised Transport,Listed five days ago,"Wangara, Perth WA",WA,N/A,Casual,https://www.seek.com.au/job/93263286?type=standard&ref=search-standalone#sol=600a2706616200d8e12c994fc1f562aa653fc248,2026-07-16 19:24:31,N/A,N/A,N/A,N/A
Truck Driver/Trainee Truck Driver,Listed twenty hours ago,"Kalgoorlie, Kalgoorlie, Goldfields & Esperance WA",WA,N/A,N/A,https://www.seek.com.au/job/93351292?type=standard&ref=search-standalone#sol=ee287e757a1f612eec7ce5aa36bc8cabe61924ed,2026-07-16 19:24:31,drivers_license|drug_alcohol_test,excavator_ticket,N/A,"Ready to pursue your professional journey with Northern Star? As an ASX 50 global-scale gold miner, we have sizeable operations in Western Australia and Alaska. With unparalleled pathways for advancement and avenues for personal growth, we stand as Australia's premier gold employer. Your journey starts here.At Northern Star, we live by our STARR Core Values of Safety, Teamwork, Accountability, Respect and Results. These Values are not just words on paper; they are the cornerstone of our Company culture and guide everything we do. You will play a pivotal role in upholding these Values and contributing to our collective success.We are offering you the chance to build a career within the production sector of the mining industry as aTruck Driver or Truck Driver Traineeat our iconicKCGMSuper Pit. Promising a long term and fulfilling future, join our esteemed team on the convenience of an7/7 (12.5-hour day/night shift) residential roster.Here's what awaits you:Operating CAT 793 and 777 Haul Trucks in the Open Pit, working in conjunction with Face shovels, Excavators and Loaders, to fulfil production requirements in a safe and reliable manner.Operating Haul Trucks across various areas of the KCGM site, including the Fimiston Open Pit, Rehandle Ore Delivery area and other trainee-related activities to build your familiarisation to operating in a mining environment.Safely operating a Haul Trucks to transport ore and waste to designated areas to achieve production targets in the mine,Y"
Truck Driver (HR / MC),Listed six days ago,"Port Hedland, Port Hedland, Karratha & Pilbara WA(Remote)",WA,$50 – $52 per hour,Casual,https://www.seek.com.au/job/93240297?type=standard&ref=search-standalone#sol=0f089354f7e66d6e528e3f829300ea0f81516004,2026-07-16 19:24:31,N/A,N/A,N/A,N/A
MC Drivers - Onslow FIFO,Listed six days ago,"Onslow, Port Hedland, Karratha & Pilbara WA",WA,Up to $172k package inc super + bonuses + benefits,Full-time,https://www.seek.com.au/job/93238663?type=standard&ref=search-standalone#sol=edd13ff726a78f8be11b6c916a9ecae3dc9d12fc,2026-07-16 19:24:31,N/A,N/A,N/A,N/A
HR Relief Driver,Listed one day ago,"Kewdale, Perth WA",WA,$38.18-$42.19/hr base depending on experience,N/A,https://www.seek.com.au/job/93332732?type=standard&ref=search-standalone#sol=3107b077cbd36b0e33eff1c82dcd8e37996c3ee6,2026-07-16 19:24:31,N/A,N/A,N/A,N/A
MC Truck Driver - Long Haul,Listed one day ago,"Kewdale, Perth WA",WA,N/A,N/A,https://www.seek.com.au/job/93342325?type=standard&ref=search-standalone#sol=be9ac92da32c967b8e1122922fc96ba551496300,2026-07-16 19:24:31,N/A,N/A,N/A,N/A
Road Train Driver,Listed nine days ago,"Port Hedland, Port Hedland, Karratha & Pilbara WA",WA,N/A,N/A,https://www.seek.com.au/job/93155382?type=standard&ref=search-standalone#sol=c48ab6842c06094d42b1049343f2d841873ca699,2026-07-16 19:24:31,N/A,N/A,N/A,N/A
Road Train Operator - FIFO - Multiple Sites Available!,Listed two days ago,Perth WA,WA,Earn Up To $600 Per Day!!,FIFO,https://www.seek.com.au/job/93315408?type=standard&ref=search-standalone#sol=55a638efb8f43c34e642ba40c18215cd6c0edbf9,2026-07-16 19:24:31,N/A,N/A,N/A,N/A
FIFO - Mobile Plant Operator,Listed one day ago,Perth WA,WA,$60 – $65 per hour (Based on experience),Casual,https://www.seek.com.au/job/93331562?type=standard&ref=search-standalone#sol=b9a4d3902df0cc13a771b4adf7950babd60db601,2026-07-16 19:24:31,N/A,N/A,N/A,N/A
Watercart Operators - 2/1 roster - Opportunity for upskilling to RTO,Listed one day ago,Perth WA,WA,"$133,952 + super (all hours) & weekly pay",N/A,https://www.seek.com.au/job/93330667?type=standard&ref=search-standalone#sol=af423cfe0c286b6d1c5ae89eae0ee66452400b1a,2026-07-16 19:24:31,N/A,N/A,N/A,N/A
Trainee Truck Driver,Listed three days ago,"Kalgoorlie, Kalgoorlie, Goldfields & Esperance WA",WA,N/A,N/A,https://www.seek.com.au/job/93280826?type=standard&ref=search-standalone#sol=1eff50fec86794a115ed60ee6e50e9ad4f96026d,2026-07-16 19:24:31,N/A,N/A,N/A,N/A
FIFO - Dump Truck Operator,Listed twenty four days ago,Perth WA,WA,$55 – $60 per hour,Casual,https://www.seek.com.au/job/92861050?type=standard&ref=search-standalone#sol=98760921890d8620bb8cfb088b86bf0e4a86b650,2026-07-16 19:24:31,N/A,N/A,N/A,N/A
HR Driver,Listed twelve days ago,"Karratha, Port Hedland, Karratha & Pilbara WA",WA,N/A,Full-time,https://www.seek.com.au/job/93120437?type=standard&ref=search-standalone#sol=305af13c868e188cf938ec9488ecc1f6c1d46382,2026-07-16 19:24:31,N/A,N/A,N/A,N/A
MC Driver | FIFO from Perth,Listed two days ago,Perth WA,WA,N/A,Contract,https://www.seek.com.au/job/93302605?type=standard&ref=search-standalone#sol=bd7793368cf0263e6a95dc79aff9d3935f72d8b3,2026-07-16 19:24:31,N/A,N/A,N/A,N/A
Dump Truck Operator | Fly direct to site! | Only 90mins,Listed one day ago,Perth WA,WA,N/A,FIFO,https://www.seek.com.au/job/93334573?type=standard&ref=search-standalone#sol=154d32e0975cccdbc25f917df9ee66e1466f1053,2026-07-16 19:24:31,N/A,N/A,N/A,N/A
Road Train Drivers - $62.56 p/h,Listed two days ago,"Onslow, Port Hedland, Karratha & Pilbara WA",WA,"$5,250+ Per Week!",Contract,https://www.seek.com.au/job/93303388?type=standard&ref=search-standalone#sol=ad3961234597b131535fd504212b013c2f5210e4,2026-07-16 19:24:31,N/A,N/A,N/A,N/A
HC Driver Night Shift,Listed seven days ago,"Osborne Park, Perth WA",WA,"$100,000 – $101,000 per year",N/A,https://www.seek.com.au/job/93210093?type=standard&ref=search-standalone#sol=d23dea230e26c7ba7b2c5de2ece44b4b1dc92bbd,2026-07-16 19:24:31,N/A,N/A,N/A,N/A
MC Road Train Driver,Listed one day ago,"Tom Price, Port Hedland, Karratha & Pilbara WA",WA,Competitive rates - $55.00 per hour flat rate,N/A,https://www.seek.com.au/job/93331965?type=standard&ref=search-standalone#sol=687bfcc2a32ae1cbcfc3ea12a90034a09a5af624,2026-07-16 19:24:31,N/A,N/A,N/A,N/A
Dump Truck Operator,Listed three days ago,Perth WA,WA,$55/hr + Super on all hours worked,FIFO,https://www.seek.com.au/job/93272853?type=standard&ref=search-standalone#sol=5b1cc47940ae2ddd95f0fa564e31225f8988f52c,2026-07-16 19:24:31,N/A,N/A,N/A,N/A
Heavy Rigid Truck Driver,Listed eight days ago,"Maddington, Perth WA",WA,$43+ per hour with regular overtime available!,Casual,https://www.seek.com.au/job/93196639?type=standard&ref=search-standalone#sol=df7875e4320ddd980c6286159802951a3a2617e9,2026-07-16 19:24:31,N/A,N/A,N/A,N/A
Tipper Driver,Listed two days ago,"Lexia, Perth WA",WA,$37.08 - $40.46 p.h. + penalty rates + overtime,N/A,https://www.seek.com.au/job/93307832?type=standard&ref=search-standalone#sol=0706835e764815c44865d234e0081cc50bf5e06c,2026-07-16 19:24:31,N/A,N/A,N/A,N/A
Haul Truck Operators - Sino Iron Mine,Listed six days ago,Perth WA,WA,N/A,N/A,https://www.seek.com.au/job/93239035?type=standard&ref=search-standalone#sol=0c5b7a39db99ad8696148f58bfa441616dd2f813,2026-07-16 19:24:31,N/A,N/A,N/A,N/A
Vacuum Truck Operator,Listed six days ago,"Malaga, Perth WA",WA,N/A,Full-time,https://www.seek.com.au/job/93236744?type=standard&ref=search-standalone#sol=ab51f51ebbd2057a56cbe7135066e91e20a4acf8,2026-07-16 19:24:31,N/A,N/A,N/A,N/A
Heavy Haulage Truck Driver,Listed eight days ago,atWA Limestone,WA,N/A,N/A,https://www.seek.com.au/job/93186787?type=standard&ref=search-standalone#sol=8b89f7cf28395d0048f34461fda47dd2488cd88f,2026-07-16 19:24:31,N/A,N/A,N/A,N/A
Heavy Haulage Truck Driver,Listed ten days ago,Perth WA,WA,N/A,Contract,https://www.seek.com.au/job/93147150?type=standard&ref=search-standalone#sol=e9b1f9e8ffbdbf9393a3ccc448e1365555240b9c,2026-07-16 19:24:31,N/A,N/A,N/A,N/A
Metro HC Driver,Listed seventeen hours ago,"Forrestfield, Perth WA",WA,$36.58 – $41.21 per hour,N/A,https://www.seek.com.au/job/93354815?type=standard&ref=search-standalone#sol=cbf9d255235c95a61c7d6081d2834641c49b4803,2026-07-16 19:24:31,N/A,N/A,N/A,N/A
FIFO MC Road Train Drivers,Listed seven days ago,Perth WA,WA,N/A,FIFO,https://www.seek.com.au/job/93210058?type=standard&ref=search-standalone#sol=7fda652b17c5fc94aafad0a531cf459e661dba68,2026-07-16 19:24:31,N/A,N/A,N/A,N/A
5 x Dump Truck / HR Water Cart Operator - $55 Per Hour,Listed three days ago,Perth WA,WA,$50 Per Hour Days / $57.50 Per Hour Nights | ASAP Starts,Casual,https://www.seek.com.au/job/93289007?type=standard&ref=search-standalone#sol=80469f3acb59593b513036955fe438c22cfbfa92,2026-07-16 19:24:31,N/A,N/A,N/A,N/A
Day Shift Truck Driver,Listed six days ago,"Bibra Lake, Perth WA",WA,N/A,N/A,https://www.seek.com.au/job/93253730?type=standard&ref=search-standalone#sol=d3bd30939808ca729815e6202a25fad97eef41ac,2026-07-16 19:24:31,N/A,N/A,N/A,N/A
FIFO - Mobile Plant Operator,FIFO - Mobile Plant OperatoratDrive Personnel,Perth WA,WA,$60 – $65 per hour (Based on experience),Casual,https://www.seek.com.au/job/93331562?type=promoted&ref=search-standalone#sol=092b6a28a83eccad74ea5611929363eb48209b0d,2026-07-17 13:55:16,N/A,N/A,N/A,N/A
All Rounder Operator,All Rounder OperatoratMaca Mining Pty Ltd,Perth WA,WA,$2500 sign on bonus. Competitive rates and superannuation paid on all hours.,N/A,https://www.seek.com.au/job/93381055?type=promoted&ref=search-standalone#sol=74627e4c82b738722cd3cdb9e4d600d0b5a9dacd,2026-07-17 13:55:16,N/A,N/A,N/A,N/A
Traineeship - Dump Truck Operator,Listed four days ago,Perth WA,WA,N/A,N/A,https://www.seek.com.au/job/93279404?type=standard&ref=search-standalone#sol=81e311cc47e41888889935648c1ac8a87d25c401,2026-07-17 13:55:16,N/A,N/A,N/A,N/A
Mobile Plant Operators,Listed two days ago,Perth WA,WA,N/A,Casual,https://www.seek.com.au/job/93327346?type=standard&ref=search-standalone#sol=a927c88db94b094a5e5957003335c5381b318e5b,2026-07-17 13:55:16,N/A,N/A,N/A,N/A
FIFO - Mobile Plant Operator,Listed two days ago,Perth WA,WA,$60 – $65 per hour (Based on experience),Casual,https://www.seek.com.au/job/93331562?type=standard&ref=search-standalone#sol=dd33f48a824ee8c44696cb5bdeff6f57951822c7,2026-07-17 13:55:16,N/A,N/A,N/A,N/A
Dump Truck Operator | Fly direct to site! | Only 90mins,Listed two days ago,Perth WA,WA,N/A,FIFO,https://www.seek.com.au/job/93334573?type=standard&ref=search-standalone#sol=89541924292f8f06d568a3f51ec6b2e11a9a3e19,2026-07-17 13:55:16,N/A,N/A,N/A,N/A
Dump Truck Operator,Listed four days ago,Perth WA,WA,$55/hr + Super on all hours worked,FIFO,https://www.seek.com.au/job/93272853?type=standard&ref=search-standalone#sol=0e5b2f4a0794340881046ad6c1063dedbff47f79,2026-07-17 13:55:16,N/A,N/A,N/A,N/A
All Rounder Operator,Listed thirteen hours ago,Perth WA,WA,$2500 sign on bonus. Competitive rates and superannuation paid on all hours.,N/A,https://www.seek.com.au/job/93381055?type=standard&ref=search-standalone#sol=287cf915fabb88108b3f07bf25c4335a0de27ff5,2026-07-17 13:55:16,N/A,N/A,N/A,N/A
FIFO - All Round Operators,Listed two days ago,"Port Hedland, Karratha & Pilbara WA",WA,$65.00 - $84.00 Per Hour,Contract,https://www.seek.com.au/job/93333403?type=standard&ref=search-standalone#sol=6aa289fd181ef91ac999600fe8846acc8d30964c,2026-07-17 13:55:16,N/A,N/A,N/A,N/A
Production Mining Operators,Listed nine days ago,Perth WA,WA,N/A,FIFO,https://www.seek.com.au/job/93187688?type=standard&ref=search-standalone#sol=cffea42be57c8a0cfbaf9124872e470795aa7b59,2026-07-17 13:55:16,N/A,N/A,N/A,N/A
Mobile Plant Operators,Listed seven hours ago,Perth WA,WA,N/A,Contract,https://www.seek.com.au/job/93393582?type=standard&ref=search-standalone#sol=10ecf4a81d9737284b0b83b1bb382e1e6f7408e8,2026-07-17 13:55:16,N/A,N/A,N/A,N/A
10 x Loader Operators - $65+ Per Hour - 2/1 Roster,Listed four days ago,Perth WA,WA,2/1 Roster | $65 Per Hour | 12.5 Hour Days | ASAP Start,Casual,https://www.seek.com.au/job/93289420?type=standard&ref=search-standalone#sol=95ae1dd6a8f20070ebaeb29f04da7fa8a0455606,2026-07-17 13:55:16,N/A,N/A,N/A,N/A
Dump Truck Operators,Listed four days ago,Perth WA,WA,N/A,Contract,https://www.seek.com.au/job/93287102?type=standard&ref=search-standalone#sol=1a02b4a3603561e9de040272714f96337646439a,2026-07-17 13:55:16,drivers_license|drug_alcohol_test,excavator_ticket,mid_level,"Iron Mine Contracting (IMC) is a fast-growing Western Australian civil and mining contractor, offering great opportunities for people looking to join a supportive and high-performing team.  Since 2013, we’ve successfully delivered major projects for multiple Tier 1 clients across WA.At IMC, you’ll be part of a business that provides end-to-end mining and civil services and works across some of the most remote sites in the state. Our teams combine practical experience, technical skill and strong collaboration to meet project challenges safely and efficiently.Joining IMC means being valued, supported in your development, and contributing to high-quality outcomes for our clients and partners.IMC is callingExperienced Dump Truck Operatorsto join our safety-first team working FIFO ex Perth on a 2:1 roster.Experience is Essentialfor these positions.Your focus in this role:Operating CAT 777 or CAT 785 Dump Trucks in a Production EnvironmentBeing loaded out by Excavators and LoadersWork closely with supervisors and the production team to ensure smooth daily operationsIdentify and manage hazards to maintain a safe work environmentMinimising downtime through effective machine operatio9n and proactive reportingContribute to a positive site culture by supporting your crew and leading by exampleWhat You’ll Bring:Experience Operating CAT 777 or CAT 785 or larger Dump Trucks in a Production Environment is ESSENTIALValid WA Drivers LicenceA reliable, team-orientated attitude with clear commu"
Multiskilled Operator - 2/1 & 2/2,Listed one day ago,Perth WA,WA,N/A,N/A,https://www.seek.com.au/job/93368665?type=standard&ref=search-standalone#sol=1d7fe1ece00509c7c1e8203ca80aa51de5db7d19,2026-07-17 13:55:16,N/A,N/A,N/A,N/A
Dump Truck Operators,Listed one day ago,"Geraldton, Geraldton, Gascoyne & Midwest WA",WA,N/A,Contract,https://www.seek.com.au/job/93356092?type=standard&ref=search-standalone#sol=6ba166ec6b9fcfbed71476dca541f334427bdd83,2026-07-17 13:55:16,N/A,N/A,N/A,N/A
Multi-skilled Mobile Plant Operators,Listed two days ago,Perth WA,WA,N/A,Full-time,https://www.seek.com.au/job/93342566?type=standard&ref=search-standalone#sol=0f3ff2fc261b7e104272decccabbfce62586bfe4,2026-07-17 13:55:16,N/A,N/A,N/A,N/A
Excavator Operator,Listed one day ago,Perth WA,WA,N/A,Casual,https://www.seek.com.au/job/93366731?type=standard&ref=search-standalone#sol=991bfc0c538fb9be847271112468eca8dfe78d5a,2026-07-17 13:55:16,N/A,N/A,N/A,N/A
FIFO All rounder (Operating and Labouring) BHP,Listed two days ago,"Port Hedland, Port Hedland, Karratha & Pilbara WA",WA,$55 – $65 per hour,Casual,https://www.seek.com.au/job/93328637?type=standard&ref=search-standalone#sol=4250a24262d38ea4cc6dc95a776a389f09e1ab8b,2026-07-17 13:55:16,N/A,N/A,N/A,N/A
Loader Operator,Listed nine days ago,"Toodyay, Northam & Wheatbelt WA",WA,N/A,N/A,https://www.seek.com.au/job/93199234?type=standard&ref=search-standalone#sol=1e712f3cfe2ec7ffe76c9ae27e7eee991c0a777c,2026-07-17 13:55:16,N/A,N/A,N/A,N/A
Operator - Mobile Plant,Listed three days ago,Perth WA,WA,$6K+ Referral Bonuses | Full PPE Supplied | Salary Sacrifice Options,N/A,https://www.seek.com.au/job/93315526?type=standard&ref=search-standalone#sol=33ace9c479f93e9817ee4f6bbcc3b57b41dcb227,2026-07-17 13:55:16,drivers_license|forklift_license|machinery_ticket,forklift_license|machinery_ticket|excavator_ticket,mid_level,"About UsAs an ASX-listed company, MLG Oz is a contractor of choice, employing more than 1,400 people across over 30 operational sites. We deliver a comprehensive range of services, including:Aggregate and sand supplyBulk haulage and integrated site servicesCrushing and screeningExport logisticsMLG Oz is guided by strong core values and is committed to fostering a diverse and inclusive workplace. We recognise that inclusion drives engagement, builds trust, encourages fresh perspectives, and supports innovation, ultimately enhancing our overall performance. Our people are our greatest asset, and through their collective efforts and contributions, we are able to achieve our objectives while maintaining an uncompromising commitment to the health and safety of our workforce, the environment, and the communities in which we operate.POWER YOUR CAREER WITH MLG OZReady to turn your skills into serious rewards?MLG Oz is hiring experienced Mobile Plant Operatorsto work with industry-leading equipment on high-performing sites. If safety, teamwork, and top-tier machinery excite you—this is your next move.THE ROLEOperateCAT & KOMATSU Mobile Plantwith confidence and precision across dynamic environments. You’ll be trusted with:Excavators, Dozers, Graders, Loaders, Watercarts & Dump TrucksAdditional mobile plant as requiredWHAT YOU’LL DOOperate heavy mobile plant safely and efficientlyConductpre-starts, inspections, and minor maintenanceLoad, haul, and move materialslike a proChampion safety"
All Round Operators,Listed eight days ago,"Cooljarloo, Northam & Wheatbelt WA",WA,$55 – $60 per hour,N/A,https://www.seek.com.au/job/93210077?type=standard&ref=search-standalone#sol=0363432bdf2ea8169d45eac25b64ee1c479f41e6,2026-07-17 13:55:16,N/A,N/A,N/A,N/A
Quarry Operator,Listed eight days ago,"Tom Price, Port Hedland, Karratha & Pilbara WA",WA,N/A,FIFO,https://www.seek.com.au/job/93213054?type=standard&ref=search-standalone#sol=2cf335df826c8f5b86613e2b88a63755cf52a149,2026-07-17 13:55:16,N/A,N/A,N/A,N/A
30x Mobile Plant Operator Up To $75 Per Hour**,Listed fourteen days ago,Perth WA,WA,30+ VACANCIES | ASAP STARTS | UP TO $75 PER HOUR,Casual,https://www.seek.com.au/job/93098382?type=standard&ref=search-standalone#sol=643135b48bc83317d8cefa8d657ea8921d611dd8,2026-07-17 13:55:16,N/A,N/A,N/A,N/A
Civil Operator - Mobile Plant,Listed five days ago,Perth WA,WA,N/A,N/A,https://www.seek.com.au/job/93266444?type=standard&ref=search-standalone#sol=b1ba2b3082cda0d91351ec24f1f60d2ce8e7704d,2026-07-17 13:55:16,N/A,N/A,N/A,N/A
Excavator Operators / All Rounders,Listed one day ago,Perth WA,WA,$68 Per Hour plus super on all hours,FIFO,https://www.seek.com.au/job/93354266?type=standard&ref=search-standalone#sol=99cd9ce36f5d02f33c432809c146e9d66bcca04b,2026-07-17 13:55:16,N/A,N/A,N/A,N/A
FIFO Production All Round Operators,Listed two days ago,"Perth Airport, Perth WA",WA,$60-$70p/hr,Contract,https://www.seek.com.au/job/93329687?type=standard&ref=search-standalone#sol=4192add1a9189fad02daaf900cf50bcf989e75f1,2026-07-17 13:55:16,N/A,N/A,N/A,N/A
$57+ PER HOUR Dump Truck Operators,Listed six hours ago,Perth WA,WA,$57 PER HOUR | 2/1 | ASAP STARTS,Casual,https://www.seek.com.au/job/93396475?type=standard&ref=search-standalone#sol=4579f35ccc61aa6eb9dcafb2983af20ab5a95d0b,2026-07-17 13:55:16,N/A,N/A,N/A,N/A
Loader Operator,Listed nine hours ago,"Perenjori, Geraldton, Gascoyne & Midwest WA",WA,N/A,FIFO,https://www.seek.com.au/job/93391051?type=standard&ref=search-standalone#sol=9c329c9bb5accd02437bd53845da75aee160a853,2026-07-17 13:55:16,N/A,N/A,N/A,N/A
All Rounders + Excavator - FIFO WA,Listed six hours ago,Perth WA,WA,$65-68/hr + Super on ALL hours,FIFO,https://www.seek.com.au/job/93395291?type=standard&ref=search-standalone#sol=0d1b896f64f407d7594de29c0fd7a79b6fc3a450,2026-07-17 13:55:16,N/A,N/A,N/A,N/A
FIFO Process Operators - Multiple Goldfields Sites,Listed seven days ago,"Kalgoorlie, Goldfields & Esperance WA",WA,8:6 & 7:7 rosters | Up to $65/hr depending on experience,Casual,https://www.seek.com.au/job/93246086?type=standard&ref=search-standalone#sol=2177aa09b087be414cf1137ee44d357d82edcf2a,2026-07-17 13:55:16,N/A,N/A,N/A,N/A
EOI Talent Community: Experienced Excavator & Ancil Mining Operators,Listed seven days ago,Perth WA,WA,N/A,N/A,https://www.seek.com.au/job/93246909?type=standard&ref=search-standalone#sol=94d6fd0384c984333a60a57059ab922df94715f6,2026-07-17 13:55:16,N/A,N/A,senior,"Our OpportunityAre you looking for the next step in your career and want to be a part of something big?Established in Western Australia in 2003, Fortescue is a global green technology, energy and metals company, recognised for its culture, innovation and industry leading development of infrastructure, mining assets and green energy initiatives.As we move towards a more sustainable future and work towards decarbonising our iron ore mining operations, we're seeking passionate, driven individuals who are eager to contribute to our Real Zero mission and help shape the future.We are currently seeking expressions of interest fromMining Operatorswith experience working on some or all of the beloq equipment to join our talent community.D10T/D11T Dozer854 Wheel Dozer993/994 Wheel Loader16/24M GraderCAT6060 shovel, CAT 6040, Hitachi 3600, CAT 6030 or Hitachi 2500 ExcavatorWork Location:Opportunities areFIFOfrom Perth, Busselton, Karratha, Port Hedland, Fitzroy Crossing or Kununurra to our Pilbara WA mine sites.Rosters available:Our rosters range from 7D7N14R OR 7D7N7R depending on site and department.About this Talent CommunityPlease note that this is a centralised talent community for current and future opportunities across all operational sites.By submitting your application, you will be added to our Talent Pool and may be notified if your application is forwarded for review against a similar role.Unless you are actively being considered for a specific position, you may not receive f"
Excavator & All-Round Operators,Listed nine days ago,Perth WA,WA,$74 – $88.85 per hour,Casual,https://www.seek.com.au/job/93198514?type=standard&ref=search-standalone#sol=60ff7517aef95067db5814e995e8a2165cc8a983,2026-07-17 13:55:16,N/A,N/A,N/A,N/A
Underground Mining Vacancies,Underground Mining VacanciesatPRYCE MINING SERVICES PTY LTD,Perth WA,WA,N/A,N/A,https://www.seek.com.au/job/93147568?type=promoted&ref=search-standalone#sol=1b33b1379197a96d7050b6011c493ddb15e24eb6,2026-07-18 13:29:57,N/A,N/A,N/A,N/A
Underground Mining Vacancies,Underground Mining VacanciesatPRYCE MINING SERVICES PTY LTD,Perth WA,WA,N/A,N/A,https://www.seek.com.au/job/92882516?type=promoted&ref=search-standalone#sol=8e79a8ce0078b50e34cfb47e5da940a0180a110f,2026-07-18 13:29:57,N/A,N/A,N/A,N/A
Underground Mining Vacancies,Listed two days ago,Perth WA,WA,N/A,N/A,https://www.seek.com.au/job/93368499?type=standard&ref=search-standalone#sol=64e7ffaa71816493fd045edca154c068e9f21a00,2026-07-18 13:29:57,N/A,N/A,N/A,N/A
Underground Operators,Listed eleven days ago,Perth WA,WA,N/A,Contract,https://www.seek.com.au/job/93177088?type=standard&ref=search-standalone#sol=34e24472bd9422d84d17addf10c1dd7c755b0bb2,2026-07-18 13:29:57,N/A,N/A,N/A,N/A
Underground Mining Operators,Listed two days ago,Perth WA,WA,$60 – $79 per hour PLUS Super,Contract,https://www.seek.com.au/job/93366433?type=standard&ref=search-standalone#sol=b4bd43de16447dd7b63d63cc1d00d5b0424b98fa,2026-07-18 13:29:57,N/A,N/A,N/A,N/A
Underground Mining Jobs | Underground Supervisors and Operators,Listed three days ago,Perth WA,WA,$68 – $100 per hour,Contract,https://www.seek.com.au/job/93328685?type=standard&ref=search-standalone#sol=46b81c98fb905ffe3f79ed7e30fd73914b366b31,2026-07-18 13:29:57,N/A,N/A,N/A,N/A
Underground Mining Vacancies,Listed twelve days ago,Perth WA,WA,N/A,N/A,https://www.seek.com.au/job/93147568?type=standard&ref=search-standalone#sol=8a8631ddf1fdadbbd66e2d9877cbc5329cc05dec,2026-07-18 13:29:57,N/A,N/A,N/A,N/A
Nippers | Paste Crew | Service Crew,Listed ten days ago,Perth WA,WA,N/A,Contract,https://www.seek.com.au/job/93186360?type=standard&ref=search-standalone#sol=f0dcc68b21e0f55d979f013e8e473b21266f041b,2026-07-18 13:29:57,N/A,N/A,N/A,N/A
Underground Mining Vacancies,Listed twenty five days ago,Perth WA,WA,N/A,N/A,https://www.seek.com.au/job/92882516?type=standard&ref=search-standalone#sol=53a4c94cafba76832188e54c3bad950f9f33ab8d,2026-07-18 13:29:57,N/A,N/A,N/A,N/A
Underground Bogger Operators – Development & Remote Production,Listed nine days ago,Perth WA,WA,N/A,Contract,https://www.seek.com.au/job/93211632?type=standard&ref=search-standalone#sol=e532715565d12bfa7068ea6741759b98a4b5798b,2026-07-18 13:29:57,N/A,N/A,N/A,N/A
Bogger Operator,Listed ten days ago,Perth WA,WA,N/A,Contract,https://www.seek.com.au/job/93185911?type=standard&ref=search-standalone#sol=584c51190713fd032e333695063f7770fa8479c9,2026-07-18 13:29:57,N/A,N/A,N/A,N/A
Underground Positions,Listed five days ago,"Kalgoorlie, Kalgoorlie, Goldfields & Esperance WA",WA,N/A,Contract,https://www.seek.com.au/job/93273224?type=standard&ref=search-standalone#sol=071dc119277ee9028a7da227356be7a5d36d618e,2026-07-18 13:29:57,N/A,N/A,N/A,N/A
Underground Nipper,Listed two days ago,Perth WA,WA,$45.83 ph + (Fulltime) + Super on all hours worked,N/A,https://www.seek.com.au/job/93369332?type=standard&ref=search-standalone#sol=fb888f5b42ce6c2bd59092283a3c78c13e1f38fb,2026-07-18 13:29:57,N/A,N/A,N/A,N/A
Teleremote Bogger Operator,Listed one day ago,Perth WA,WA,$950 - $1020 p.d. + Super on all hours,FIFO,https://www.seek.com.au/job/93388186?type=standard&ref=search-standalone#sol=d12b9ce749ad1e569c83f765db5b163bf1260105,2026-07-18 13:29:57,N/A,N/A,N/A,N/A
Experienced Underground Operators for Andy Well Mine,Listed nineteen days ago,Perth WA,WA,N/A,FIFO,https://www.seek.com.au/job/92992677?type=standard&ref=search-standalone#sol=8a6ad4539d4c75847ba6ebc545571e18a83b2d47,2026-07-18 13:29:57,N/A,N/A,N/A,"More than ore…You've spent years underground. You also know what a good site feels like, and you know that the best job is underground on small crews, everyone pitching in, working hard together but having fun doing it!We're Access Mining, and we're building our crew on an underground gold project in Western Australia.If you're a skilled operator who takes pride in your work and wants to be somewhere that gives a damn about the people running the machines, we'd like to hear from you.The Roles:We’re building a small, tight-knit crew. If you know the work, we want you on the team:Shift SupervisorsJumbo OperatorsLoader OperatorsShotfirersService Crew / All RoundersWhat You Bring:Solid underground hours — you know how to read a site and work safeA  zero-harm mindset that’s second nature, not just a tick-boxThe ability to show up, pull your weight, and back your crew in a high performing team environmentWhat You Get:Small crews14/14 Roster – two weeks on, two weeks of quality R&RFortnightly PayShort charter flight from Perth to site and returnOnsite accommodation at the recently established mine village, inclusive of a fully equipped gymHigh quality catering provided by the Client’s catering teamFree WIFI with streaming capacity and full Telstra CoverageOrientation Program – Access Mining employees will help you settle into the project and the village during the first three monthsWho We’re Looking For:Experience speaks for itself. If you’ve done the hours underground, we want to h"
Underground Bogger Operator,Listed eighteen days ago,Perth WA,WA,$900 - $1k p.d. + Super on all hours,N/A,https://www.seek.com.au/job/93028679?type=standard&ref=search-standalone#sol=2ed438544b715fbe76dd546d00128fe933c66033,2026-07-18 13:29:57,N/A,N/A,N/A,N/A
Underground Mining Operators - FIFO WA Gold Mines,Listed twenty six days ago,Perth WA,WA,$65 – $98 per hour,FIFO,https://www.seek.com.au/job/92863297?type=standard&ref=search-standalone#sol=8355bdc3d87f2ac7da45f64f833456cc2c0c1fb7,2026-07-18 13:29:57,N/A,N/A,N/A,N/A
Underground Service Crew,Listed five days ago,Perth WA,WA,N/A,FIFO,https://www.seek.com.au/job/93282513?type=standard&ref=search-standalone#sol=5fc476cdfbe4d6af1b58e45fec54a96097e1d5f6,2026-07-18 13:29:57,N/A,N/A,N/A,N/A
Underground Mining Operators,Listed sixteen days ago,"Kalgoorlie, Kalgoorlie, Goldfields & Esperance WA",WA,N/A,N/A,https://www.seek.com.au/job/93071338?type=standard&ref=search-standalone#sol=c42063a76b06e2ebbbca21f56eea6bbe66bcb0a1,2026-07-18 13:29:57,N/A,N/A,N/A,N/A
Underground Truck Operators & Nippers,Listed seventeen days ago,"Laverton, Kalgoorlie, Goldfields & Esperance WA",WA,$50 – $55 per hour,Casual,https://www.seek.com.au/job/93043467?type=standard&ref=search-standalone#sol=c6ca852301dfe609a2985625480a48afe4dfb9b2,2026-07-18 13:29:57,N/A,N/A,N/A,N/A
Underground Operations Crew & Service Crew roles,Listed four days ago,"Nullagine, Port Hedland, Karratha & Pilbara WA",WA,N/A,FIFO,https://www.seek.com.au/job/93308347?type=standard&ref=search-standalone#sol=6a016d07106b1e386387c8553d6970a3b00e1959,2026-07-18 13:29:57,N/A,N/A,N/A,N/A
New Entrant - Underground MPU Operator,Listed eleven days ago,Perth WA,WA,"$127,500.00 to $143,202 base + Super + Benefits + Nightshift",FIFO,https://www.seek.com.au/job/93173498?type=standard&ref=search-standalone#sol=96205afdb2e42d6a7b8f8c35d9b7d2a97c142920,2026-07-18 13:29:57,N/A,N/A,N/A,N/A
Underground Nipper,Listed two days ago,Perth WA,WA,N/A,FIFO,https://www.seek.com.au/job/93361853?type=standard&ref=search-standalone#sol=c4dcc41c8094f705bc8dca632c8e83cda3188216,2026-07-18 13:29:57,N/A,N/A,N/A,N/A
Underground Supervisor,Listed ten days ago,Perth WA,WA,Top Tier Rates: Up to $125ph (Contract) or $235k + Bonus + Super (Perm),Contract,https://www.seek.com.au/job/93196833?type=standard&ref=search-standalone#sol=de5f6b7a70b1819da17c1ab29e75e2b49acd46c7,2026-07-18 13:29:57,N/A,N/A,N/A,N/A
Underground Dump Truck Operator,Listed three days ago,Perth WA,WA,N/A,Contract,https://www.seek.com.au/job/93330501?type=standard&ref=search-standalone#sol=f13ca6d79d0a9f4f3bfd4e972b3f24e3e434f912,2026-07-18 13:29:57,N/A,N/A,N/A,N/A
Underground Mining Operators,Listed seventeen days ago,Perth WA,WA,N/A,N/A,https://www.seek.com.au/job/93057465?type=standard&ref=search-standalone#sol=428d870034e694e3f5c6937986f3e5dec65c4552,2026-07-18 13:29:57,N/A,N/A,N/A,N/A
Expression Of Interest - Underground Mining Positions,Listed eighteen days ago,"Kalgoorlie, Kalgoorlie, Goldfields & Esperance WA",WA,$High $ + 10% -20% Bonus + GU Health + Allowances,FIFO,https://www.seek.com.au/job/93016833?type=standard&ref=search-standalone#sol=6d8c6dda0008a5d2aea88bb5c8e1a5f56aa32e36,2026-07-18 13:29:57,N/A,N/A,N/A,N/A
Underground Bogger Operator,Listed twenty four days ago,Perth WA,WA,$100/hr (casual),N/A,https://www.seek.com.au/job/92922303?type=standard&ref=search-standalone#sol=691e85b7ad17435b6903ef500bde6dabd4935398,2026-07-18 13:29:57,N/A,N/A,N/A,N/A
Underground Agitator Operator,Listed twenty four days ago,Perth WA,WA,$50 - $60 p.h. + Super on all hours + Flights,N/A,https://www.seek.com.au/job/92910496?type=standard&ref=search-standalone#sol=cc9ef7237a352c4db863e292d84a79b9a2707a8d,2026-07-18 13:29:57,N/A,N/A,N/A,N/A
Operator Nipper,Listed eleven days ago,"Broome, Broome & Kimberley WA",WA,"Access Barminco's Employee Referral Program - earn up to $10,000 per referral",FIFO,https://www.seek.com.au/job/93162660?type=standard&ref=search-standalone#sol=54a3297df85af45eed46e513fd3da8a9d26d5f77,2026-07-18 13:29:57,N/A,N/A,N/A,N/A
Underground Mining Opportunities | Multiple Roles Available,Listed sixteen days ago,"Kalgoorlie, Kalgoorlie, Goldfields & Esperance WA",WA,N/A,FIFO,https://www.seek.com.au/job/93084672?type=standard&ref=search-standalone#sol=00e5046f5c76c6829b7870da82d477ed67c5a186,2026-07-18 13:29:57,N/A,N/A,N/A,N/A
Shift Boss - Underground Mining Operator,Listed nine days ago,Perth WA,WA,N/A,Contract,https://www.seek.com.au/job/93214580?type=standard&ref=search-standalone#sol=074b6c678d9c3014b710d7392a24dcb21a1ca25a,2026-07-18 13:29:57,N/A,N/A,N/A,N/A
Underground Mining Vacancies,Underground Mining VacanciesatPRYCE MINING SERVICES PTY LTD,Perth WA,WA,N/A,N/A,https://www.seek.com.au/job/93147568?type=promoted&ref=search-standalone#sol=4dae6756d50d7165887aac5f79ee3c47a9de54a8,2026-07-18 19:15:15,N/A,N/A,N/A,N/A
Underground Mining Vacancies,Underground Mining VacanciesatPRYCE MINING SERVICES PTY LTD,Perth WA,WA,N/A,N/A,https://www.seek.com.au/job/92882516?type=promoted&ref=search-standalone#sol=d62762f765382afa95071a944bba3ddc55bbdf7f,2026-07-18 19:15:15,N/A,N/A,N/A,N/A
Underground Mining Vacancies,Listed two days ago,Perth WA,WA,N/A,N/A,https://www.seek.com.au/job/93368499?type=standard&ref=search-standalone#sol=78330e6a5f1e80e213967e2ec729c012e35602b2,2026-07-18 19:15:15,N/A,N/A,N/A,N/A
Underground Operators,Listed eleven days ago,Perth WA,WA,N/A,Contract,https://www.seek.com.au/job/93177088?type=standard&ref=search-standalone#sol=ecc31b03beb466f029060fb38a1b4ead336faae3,2026-07-18 19:15:15,N/A,N/A,N/A,N/A
Underground Mining Operators,Listed two days ago,Perth WA,WA,$60 – $79 per hour PLUS Super,Contract,https://www.seek.com.au/job/93366433?type=standard&ref=search-standalone#sol=0a55c3e1da5f900b5300b34157bc88a9508a1b5e,2026-07-18 19:15:15,N/A,N/A,N/A,N/A
Underground Mining Jobs | Underground Supervisors and Operators,Listed three days ago,Perth WA,WA,$68 – $100 per hour,Contract,https://www.seek.com.au/job/93328685?type=standard&ref=search-standalone#sol=5a4127ef1f280be2312a05434dad8ba299c3ad2d,2026-07-18 19:15:15,N/A,N/A,N/A,N/A
Underground Mining Vacancies,Listed twelve days ago,Perth WA,WA,N/A,N/A,https://www.seek.com.au/job/93147568?type=standard&ref=search-standalone#sol=a3e44519be647a02276065f1d8c37d8eddb0b2d2,2026-07-18 19:15:15,N/A,N/A,N/A,N/A
Nippers | Paste Crew | Service Crew,Listed ten days ago,Perth WA,WA,N/A,Contract,https://www.seek.com.au/job/93186360?type=standard&ref=search-standalone#sol=b62147ad1bbbb767c10e6de4fdaa52719298d493,2026-07-18 19:15:15,drug_alcohol_test,N/A,mid_level,"Underground Service Crew & Nippers | Tier 1 Projects | WA & SAThe good crews are already underground.The best opportunities don't wait around.Techforce Personnelhas partnered with aTier 1 underground mining leader, and we're building experienced crews across multiple long-life operations throughoutWA & SA.Whether you're a seasonedService  or Paste Crewoperator or aNipperready to step up, this is your chance to lock in long-term work, even-time rosters, and a genuine pathway into bigger underground roles.What's Waiting for YouService Crew/ Paste Crew – $60/hrNippers – $50–$55/hr2:2, 2:1 & 7:7 FIFO rostersImmediate startsTemp-to-Perm – Secure Your ShirtClear progression into Charge-Up, Jumbo, Development and beyondModern camps and quality site facilitiesLong-term projects with one of the industry's biggest underground contractorsSERVICE CREW – KEEP PRODUCTION MOVINGEvery metre advanced starts with a strong Service Crew.You're the crew behind the crews—keeping air flowing, water moving, services online and development heading forward.You'll be responsible for:Installing and maintaining underground servicesVentilation, pumping, air and water infrastructureDelivering ground support, tooling and materials undergroundSupporting development and production crewsKeeping headings safe, operational and production-readyIf you thrive underground and take pride in keeping the mine moving, we want you on our crew.NIPPERS – YOUR FAST TRACK INTO UNDERGROUNDEvery experienced Jumbo Operator, Cha"
Underground Mining Vacancies,Listed twenty five days ago,Perth WA,WA,N/A,N/A,https://www.seek.com.au/job/92882516?type=standard&ref=search-standalone#sol=a4bef39bb8a6f864a5bf9a10a34021b4a031c986,2026-07-18 19:15:15,N/A,N/A,N/A,N/A
Underground Bogger Operators – Development & Remote Production,Listed nine days ago,Perth WA,WA,N/A,Contract,https://www.seek.com.au/job/93211632?type=standard&ref=search-standalone#sol=fd2f8e623b21c81f13a7a0fb11f8a82dbeac0ee5,2026-07-18 19:15:15,N/A,N/A,N/A,N/A
Bogger Operator,Listed ten days ago,Perth WA,WA,N/A,Contract,https://www.seek.com.au/job/93185911?type=standard&ref=search-standalone#sol=24693e232dea2ba161239c6d51eca59567f9b4bb,2026-07-18 19:15:15,N/A,N/A,N/A,N/A
Underground Positions,Listed five days ago,"Kalgoorlie, Kalgoorlie, Goldfields & Esperance WA",WA,N/A,Contract,https://www.seek.com.au/job/93273224?type=standard&ref=search-standalone#sol=8e29038a99fa140af4e6be7f6cba2da8f942f778,2026-07-18 19:15:15,N/A,N/A,N/A,N/A
Experienced Underground Operators for Andy Well Mine,Listed nineteen days ago,Perth WA,WA,N/A,FIFO,https://www.seek.com.au/job/92992677?type=standard&ref=search-standalone#sol=29039d82c3fa3b5e63f7a583a37bd8e55db61b96,2026-07-18 19:15:15,N/A,N/A,N/A,N/A
Teleremote Bogger Operator,Listed one day ago,Perth WA,WA,$950 - $1020 p.d. + Super on all hours,FIFO,https://www.seek.com.au/job/93388186?type=standard&ref=search-standalone#sol=fe5300561fca6d11c6ee1c1c35355f5f05223d4d,2026-07-18 19:15:15,N/A,N/A,N/A,N/A
Underground Bogger Operator,Listed eighteen days ago,Perth WA,WA,$900 - $1k p.d. + Super on all hours,N/A,https://www.seek.com.au/job/93028679?type=standard&ref=search-standalone#sol=57fa183d8d07ef6b6cbc80d96dd9940d4a687108,2026-07-18 19:15:15,N/A,N/A,N/A,N/A
Underground Mining Operators - FIFO WA Gold Mines,Listed twenty six days ago,Perth WA,WA,$65 – $98 per hour,FIFO,https://www.seek.com.au/job/92863297?type=standard&ref=search-standalone#sol=08e988fe4936a13516fdfca74511d3d23f8c0780,2026-07-18 19:15:15,drug_alcohol_test,N/A,mid_level,"Mining Employment Services is currently seeking experienced underground mining personnel for multiple FIFO opportunities across Western Australian underground gold mining operations.We are currently looking to speak with candidates across a range of underground roles, with a particular focus on:Underground SupervisorsGrader Operators / Watercart OperatorsBogger OperatorsUnderground Project CrewUnderground Charge-up OperatorsLong Hole DrillersUnderground Service CrewThese roles are suited to experienced underground mining personnel looking for FIFO work from Perth with reputable WA mining operations.Rosters may include 14:14, 8:6, 7:7 or other site-based rosters, depending on the role and client requirements.Current OpportunitiesRoles may include:Underground SupervisorGrader OperatorWatercart OperatorBogger OperatorLong Hole DrillerUnderground Charge-up OperatorShotfirer / Charge-up OperatorUnderground Service CrewUnderground Project CrewUnderground Construction / Services OperatorsUnderground All-roundersDuties May IncludeDepending on the role, duties may include:Supervising underground crews and coordinating daily work activitiesOperating graders, watercarts, boggers and underground mobile plantBogging development headings, stockpiles and haul trucksLong hole drilling to mine plans and design patternsInstalling and maintaining underground servicesInstalling air, water, pump lines, ventilation, comms and firing linesCharging production and development drill holesReading and f"
Underground Nipper,Listed two days ago,Perth WA,WA,$45.83 ph + (Fulltime) + Super on all hours worked,N/A,https://www.seek.com.au/job/93369332?type=standard&ref=search-standalone#sol=543099523bd217f2dcffb606840da8d117c33ebc,2026-07-18 19:15:15,N/A,N/A,N/A,N/A
Underground Mining Operators,Listed sixteen days ago,"Kalgoorlie, Kalgoorlie, Goldfields & Esperance WA",WA,N/A,N/A,https://www.seek.com.au/job/93071338?type=standard&ref=search-standalone#sol=9d4f684d5bd0e18bccc0a495349b4ebf2d99466b,2026-07-18 19:15:15,N/A,N/A,N/A,N/A
Underground Service Crew,Listed five days ago,Perth WA,WA,N/A,FIFO,https://www.seek.com.au/job/93282513?type=standard&ref=search-standalone#sol=5557c5f1a24883df70bbae591aa8a7e481c53d7f,2026-07-18 19:15:15,N/A,N/A,N/A,N/A
Underground Truck Operators & Nippers,Listed seventeen days ago,"Laverton, Kalgoorlie, Goldfields & Esperance WA",WA,$50 – $55 per hour,Casual,https://www.seek.com.au/job/93043467?type=standard&ref=search-standalone#sol=34e56b7d188e4ef610f0a8bed23f8390d8fd16ec,2026-07-18 19:15:15,N/A,N/A,N/A,N/A
Underground Operations Crew & Service Crew roles,Listed four days ago,"Nullagine, Port Hedland, Karratha & Pilbara WA",WA,N/A,FIFO,https://www.seek.com.au/job/93308347?type=standard&ref=search-standalone#sol=2f7ebebaeb64a3d4f497a2aab1325dd9e4c34e6f,2026-07-18 19:15:15,N/A,N/A,N/A,N/A
Underground Dump Truck Operator,Listed three days ago,Perth WA,WA,N/A,Contract,https://www.seek.com.au/job/93330501?type=standard&ref=search-standalone#sol=517318a9975f3cfa2849cd324a0a318d3d3abac4,2026-07-18 19:15:15,N/A,N/A,N/A,N/A
Underground Supervisor,Listed ten days ago,Perth WA,WA,Top Tier Rates: Up to $125ph (Contract) or $235k + Bonus + Super (Perm),Contract,https://www.seek.com.au/job/93196833?type=standard&ref=search-standalone#sol=a3b514f9fb266724ef523c05fde6ed0e70550856,2026-07-18 19:15:15,N/A,N/A,N/A,N/A
Underground Nipper,Listed two days ago,Perth WA,WA,N/A,FIFO,https://www.seek.com.au/job/93361853?type=standard&ref=search-standalone#sol=f4b412081701355baff59f81bd9fdee2216022e7,2026-07-18 19:15:15,N/A,N/A,N/A,N/A
Expression Of Interest - Underground Mining Positions,Listed eighteen days ago,"Kalgoorlie, Kalgoorlie, Goldfields & Esperance WA",WA,$High $ + 10% -20% Bonus + GU Health + Allowances,FIFO,https://www.seek.com.au/job/93016833?type=standard&ref=search-standalone#sol=4c41ad68857a7de5d54ab0e984d6c5d903e08555,2026-07-18 19:15:15,drivers_license,N/A,mid_level,"Underground Mining Opportunities – Slippery GimletLocation:Kalgoorlie, Western AustraliaRoster:7/7 and 8/6 rosters availableEmployment Type:Permanent Full-TimeCommute:Residential and FIFO options available, role dependentAs our underground operations continue to grow, we are inviting expressions of interest from experienced underground mining personnel to join our new Slippery Gimlet team.We are seeking expressions of interest for the following roles:• Shift Supervisors• Jumbo Operators• Long Hole Operators• Charge-Up Operators• Bogger Operators• NippersRequirements will vary depending on the role, however, may include:• Previous underground mining experience relevant to the position• Current unrestricted C Class manual driver’s license• Valid operating tickets and competencies, where applicable• Charge-Up certification, where applicable• WA Underground Shift Supervisor Certificate and Statutory Supervisor qualifications, essential for Shift Supervisor roles• Ability to work a 7/7 or 8/6 roster• Experience in owner-operator underground environments• Strong safety focus and ability to follow site procedures• Strong communication and teamwork skills• Commitment to safe, consistent and productive work practicesWhy Join Norton Gold Fields?• Permanent full-time employment• Consistent rosters and strong site leadership• Competitive remuneration and benefits• Long-term, stable gold producer in Kalgoorlie• Strong focus on safety, training and career development• Fully covered family "
New Entrant - Underground MPU Operator,Listed eleven days ago,Perth WA,WA,"$127,500.00 to $143,202 base + Super + Benefits + Nightshift",FIFO,https://www.seek.com.au/job/93173498?type=standard&ref=search-standalone#sol=fb69c45b8fbd57ca4d4aa3ff0a60708d39742d81,2026-07-18 19:15:15,N/A,N/A,N/A,N/A
Underground Mining Operators,Listed seventeen days ago,Perth WA,WA,N/A,N/A,https://www.seek.com.au/job/93057465?type=standard&ref=search-standalone#sol=aa685c0b0522e1b4c691df7f6d2e4dfe0dab65ce,2026-07-18 19:15:15,N/A,N/A,N/A,N/A
Underground Bogger Operator,Listed twenty four days ago,Perth WA,WA,$100/hr (casual),N/A,https://www.seek.com.au/job/92922303?type=standard&ref=search-standalone#sol=c96bae62bd28cc560837b234a17630cea63a4801,2026-07-18 19:15:15,N/A,N/A,N/A,N/A
Underground Mining Opportunities | Multiple Roles Available,Listed sixteen days ago,"Kalgoorlie, Kalgoorlie, Goldfields & Esperance WA",WA,N/A,FIFO,https://www.seek.com.au/job/93084672?type=standard&ref=search-standalone#sol=5ae17db2b52bb2d14455379db768978e84f51c02,2026-07-18 19:15:15,N/A,N/A,N/A,N/A
Underground Agitator Operator,Listed twenty four days ago,Perth WA,WA,$50 - $60 p.h. + Super on all hours + Flights,N/A,https://www.seek.com.au/job/92910496?type=standard&ref=search-standalone#sol=69b45c0a2daf7843c69c5b2bd9949e3c36384440,2026-07-18 19:15:15,N/A,N/A,N/A,N/A
Operator Nipper,Listed eleven days ago,"Broome, Broome & Kimberley WA",WA,"Access Barminco's Employee Referral Program - earn up to $10,000 per referral",FIFO,https://www.seek.com.au/job/93162660?type=standard&ref=search-standalone#sol=7269b6916e183860f167cb0fed6c695172dba3ab,2026-07-18 19:15:15,N/A,N/A,N/A,N/A
Shift Boss - Underground Mining Operator,Listed nine days ago,Perth WA,WA,N/A,Contract,https://www.seek.com.au/job/93214580?type=standard&ref=search-standalone#sol=373b54d19c2df2273c1d5347747530ab3a7eb050,2026-07-18 19:15:15,N/A,N/A,N/A,N/A
Civil Earthworks Mobile Plant Operator,atGuma Pty Ltd,"Port Hedland, Port Hedland, Karratha & Pilbara WA",WA,N/A,Contract,https://www.seek.com.au/job/93360118?type=promoted&ref=search-standalone#sol=490f5229ce838753118659e72e9911dd5101a211,2026-07-19 08:30:32,N/A,N/A,N/A,N/A
FIFO - Mobile Plant Operator,atDrive Personnel,Perth WA,WA,$60 – $65 per hour (Based on experience),Casual,https://www.seek.com.au/job/93331562?type=promoted&ref=search-standalone#sol=816040bbbab47657adcb53a5aa3e475247ca19a8,2026-07-19 08:30:32,N/A,N/A,N/A,N/A
Plant Operator,Listed nine days ago,"Kwinana Beach, Perth WA",WA,N/A,N/A,https://www.seek.com.au/job/93236191?type=standard&ref=search-standalone#sol=2ba0b601d9357c3548c37d4293af8a573a06fe90,2026-07-19 08:30:32,N/A,N/A,N/A,N/A
Civil Earthworks Mobile Plant Operator,Listed three days ago,"Port Hedland, Port Hedland, Karratha & Pilbara WA",WA,N/A,Contract,https://www.seek.com.au/job/93360118?type=standard&ref=search-standalone#sol=dab2eb999cf0f933e30c002b76498b20d0872f71,2026-07-19 08:30:32,N/A,N/A,N/A,N/A
FIFO - Mobile Plant Operator,Listed four days ago,Perth WA,WA,$60 – $65 per hour (Based on experience),Casual,https://www.seek.com.au/job/93331562?type=standard&ref=search-standalone#sol=9f797db6573e75e598f1679afc8c5276ca1ca065,2026-07-19 08:30:32,N/A,N/A,N/A,N/A
Mobile Plant Operators,Listed four days ago,Perth WA,WA,N/A,Casual,https://www.seek.com.au/job/93327346?type=standard&ref=search-standalone#sol=1dd552097f6e1c3d941f1ab3ca135cc66d2d2de2,2026-07-19 08:30:32,N/A,N/A,N/A,N/A
Excavator Operators FIFO 7:7 Roster Perth & Regional,Listed two days ago,"Perth Airport, Perth WA",WA,"$130,000 – $180,000 per year",FIFO,https://www.seek.com.au/job/93392515?type=standard&ref=search-standalone#sol=8a2d78b866008f9c714e28374295ec36abaae561,2026-07-19 08:30:32,N/A,N/A,N/A,N/A
Loader Operator,Listed eleven days ago,"Toodyay, Northam & Wheatbelt WA",WA,N/A,N/A,https://www.seek.com.au/job/93199234?type=standard&ref=search-standalone#sol=48db49b261a6b138330b2775a4cb5c18f3ce72c4,2026-07-19 08:30:32,N/A,N/A,N/A,N/A
Plant Operators,Listed two days ago,"Karratha, Port Hedland, Karratha & Pilbara WA",WA,N/A,FIFO,https://www.seek.com.au/job/93384714?type=standard&ref=search-standalone#sol=3e0bc99c67b05c829cebd782dcf0ec5c43308286,2026-07-19 08:30:32,N/A,N/A,N/A,N/A
Multi-skilled Mobile Plant Operators,Listed four days ago,Perth WA,WA,N/A,Full-time,https://www.seek.com.au/job/93342566?type=standard&ref=search-standalone#sol=c35240f3097cf537340b5068f494e5c79605ea9e,2026-07-19 08:30:32,N/A,N/A,N/A,N/A
Operator - Mobile Plant,Listed five days ago,Perth WA,WA,$6K+ Referral Bonuses | Full PPE Supplied | Salary Sacrifice Options,N/A,https://www.seek.com.au/job/93315526?type=standard&ref=search-standalone#sol=2a0e4aacacf23e67c29d978adca3d3991f672ef4,2026-07-19 08:30:32,N/A,N/A,N/A,N/A
FIFO - All Round Operators,Listed four days ago,"Port Hedland, Karratha & Pilbara WA",WA,$65.00 - $84.00 Per Hour,Contract,https://www.seek.com.au/job/93333403?type=standard&ref=search-standalone#sol=50b79de62d2cd7fc710815ad298ee028e64d0139,2026-07-19 08:30:32,N/A,N/A,N/A,N/A
IMMEDIATE START FIFO 3:1 Watercart/Roller Operator,Listed six days ago,"Kalgoorlie, Kalgoorlie, Goldfields & Esperance WA",WA,$50 – $55 per hour,Contract,https://www.seek.com.au/job/93274156?type=standard&ref=search-standalone#sol=93f10400d30e59f0c1f05c72f9a859f4606072cb,2026-07-19 08:30:32,N/A,N/A,N/A,N/A
Loader Operator,Listed one day ago,Perth WA,WA,N/A,FIFO,https://www.seek.com.au/job/93405378?type=standard&ref=search-standalone#sol=9261ab33b4b5829745a3f18fc59e01fdecf576f3,2026-07-19 08:30:32,N/A,N/A,N/A,N/A
Mobile Plant Operators,Listed eight days ago,"Karratha, Port Hedland, Karratha & Pilbara WA",WA,N/A,Contract,https://www.seek.com.au/job/93253852?type=standard&ref=search-standalone#sol=b4e476eb7f23e3b15c5007334687a3dbc1412059,2026-07-19 08:30:32,N/A,N/A,N/A,N/A
Excavator Operator,Listed twelve days ago,"Rockingham, Perth WA",WA,$45 – $60 per hour,N/A,https://www.seek.com.au/job/93164195?type=standard&ref=search-standalone#sol=14e37c0e28598f0916b972e47e0b0e2bc955a7cc,2026-07-19 08:30:32,N/A,N/A,N/A,N/A
Plant Operator,Listed six days ago,"Bibra Lake, Perth WA",WA,$55 – $70 per hour,N/A,https://www.seek.com.au/job/93271103?type=standard&ref=search-standalone#sol=1365bb2c4dba87faa799b6d42ef34b441ad37f2d,2026-07-19 08:30:32,N/A,N/A,N/A,N/A
Mobile Plant Operators (Rehab Work) - $65 Per Hour -  2/1 DAYS ONLY**,Listed three days ago,Perth WA,WA,2/1 Roster | Days Only | 12 Hour Days | Retention Bonus $,Casual,https://www.seek.com.au/job/93345881?type=standard&ref=search-standalone#sol=b77a2b1904371765a9e8a551845caeaf05a70efd,2026-07-19 08:30:32,N/A,N/A,N/A,N/A
30x Mobile Plant Operator Up To $75 Per Hour**,Listed sixteen days ago,Perth WA,WA,30+ VACANCIES | ASAP STARTS | UP TO $75 PER HOUR,Casual,https://www.seek.com.au/job/93098382?type=standard&ref=search-standalone#sol=77542fde9b838b95d71173b082a0246f8c8aebcf,2026-07-19 08:30:32,N/A,N/A,N/A,N/A
Mobile Plant Operator,Listed four days ago,"North Bannister, Northam & Wheatbelt WA",WA,$40.83 – $52 per hour,Casual,https://www.seek.com.au/job/93334491?type=standard&ref=search-standalone#sol=58e715f1ccef889565bc03419683dff29a70b27f,2026-07-19 08:30:32,N/A,N/A,N/A,N/A
Civil Operator - Mobile Plant,Listed seven days ago,Perth WA,WA,N/A,N/A,https://www.seek.com.au/job/93266444?type=standard&ref=search-standalone#sol=2875719cd863063fc53e060560662f59aa0fab72,2026-07-19 08:30:32,N/A,N/A,N/A,N/A
Mobile Plant Operator,Listed nine days ago,"Port Hedland, Port Hedland, Karratha & Pilbara WA",WA,N/A,Casual,https://www.seek.com.au/job/93237456?type=standard&ref=search-standalone#sol=eb47590227c6698abd12faa99c22445e327fce91,2026-07-19 08:30:32,N/A,N/A,N/A,N/A
Quarry Operator,Listed ten days ago,"Tom Price, Port Hedland, Karratha & Pilbara WA",WA,N/A,FIFO,https://www.seek.com.au/job/93213054?type=standard&ref=search-standalone#sol=486b0b8b2c4e7c2c6def992ee92df49066f08a46,2026-07-19 08:30:32,N/A,N/A,N/A,N/A
Coal Plant Operator,Listed six days ago,"Collie, Bunbury & South West WA",WA,N/A,Casual,https://www.seek.com.au/job/93285151?type=standard&ref=search-standalone#sol=c22f86c5fd94265262f53a27965d279e98495f7c,2026-07-19 08:30:32,N/A,N/A,N/A,N/A
Civil Operator - Civil Earthworks,Listed eleven days ago,Perth WA,WA,N/A,Casual,https://www.seek.com.au/job/93186192?type=standard&ref=search-standalone#sol=57c1272814020ac7f14b7aacad269eb3f48bda94,2026-07-19 08:30:32,N/A,N/A,N/A,N/A
Mobile Plant Operators,Listed two days ago,Perth WA,WA,N/A,Contract,https://www.seek.com.au/job/93393582?type=standard&ref=search-standalone#sol=64b967bb088ec48bba7e59be46ccfa83b9c5bd3f,2026-07-19 08:30:32,N/A,N/A,N/A,N/A
Civil Plant Operator | LOCAL,Listed six days ago,Perth WA,WA,N/A,Casual,https://www.seek.com.au/job/93287136?type=standard&ref=search-standalone#sol=9ea5c2d1824b970119ec62268d37dcd1baa645da,2026-07-19 08:30:32,N/A,N/A,N/A,N/A
Mobile Plant Operators,Listed nineteen days ago,"Mandurah, Mandurah & Peel WA",WA,Up to $40.20 p.h. + Penalties and allowances,Contract,https://www.seek.com.au/job/93023787?type=standard&ref=search-standalone#sol=bcd935db30d392d1a5967ecbd887c76939857546,2026-07-19 08:30:32,N/A,N/A,N/A,N/A
FIFO Production All Round Operators,Listed four days ago,"Perth Airport, Perth WA",WA,$60-$70p/hr,Contract,https://www.seek.com.au/job/93329687?type=standard&ref=search-standalone#sol=8182086e11d39b4a4bbb7cac27131bf9bb6b53d5,2026-07-19 08:30:32,N/A,N/A,N/A,N/A
"FIFO Loader, Moxy & Water Cart Operators",Listed sixteen days ago,Perth WA,WA,$55 – $80 per hour,Casual,https://www.seek.com.au/job/93106425?type=standard&ref=search-standalone#sol=599ed1c6076fd3751d8b81b8875ff914209de963,2026-07-19 08:30:32,N/A,N/A,N/A,N/A
Mobile Plant Operator,Listed eleven days ago,Perth WA(Remote),WA,N/A,FIFO,https://www.seek.com.au/job/93194446?type=standard&ref=search-standalone#sol=ecf3a82fce82ef20597327b2946407464a053f7b,2026-07-19 08:30:32,N/A,N/A,N/A,N/A
Mobile Plant Operators,Listed eight days ago,Perth WA,WA,Operating a range of equipment | Ongoing Civil project works | Working with reputable clientele | $50 to $60 per hour dependent on experience,Contract,https://www.seek.com.au/job/93262375?type=standard&ref=search-standalone#sol=725f3238470d9352e422accdf7cdea2d0e06bce4,2026-07-19 08:30:32,N/A,N/A,N/A,N/A
"Painter Blasters| Long-tem Defence Work | Home Every Night | Hendersone, WA!",atInfrastructure People,"Henderson, Perth WA",WA,N/A,FIFO,https://www.seek.com.au/job/93276897?type=promoted&ref=search-standalone#sol=76d59d8e8a397004b8861eeac66cdb0cc5bc68d2,2026-07-19 13:40:12,N/A,N/A,N/A,N/A
Workshop Painter/Blaster,atCPC Labour Hire Pty Ltd,"Port Hedland, Port Hedland, Karratha & Pilbara WA",WA,N/A,Contract,https://www.seek.com.au/job/93343514?type=promoted&ref=search-standalone#sol=cef284bbadb8e36fa5dcd8000aef1150ef1b1d81,2026-07-19 13:40:12,N/A,N/A,N/A,N/A
Blaster / Painter,Listed eleven days ago,"Kelmscott, Perth WA(Remote)",WA,N/A,Casual,https://www.seek.com.au/job/93205548?type=standard&ref=search-standalone#sol=5495534888acb0f15bb8a001c98d66854b1e21ab,2026-07-19 13:40:12,N/A,N/A,N/A,N/A
Industrial Painter/Blaster,Listed four days ago,"Jandakot, Perth WA",WA,$52.65 – $62.01 per hour,Casual,https://www.seek.com.au/job/93344746?type=standard&ref=search-standalone#sol=3ba9ebe58599bb10e1032599f618394caf1d046b,2026-07-19 13:40:12,N/A,N/A,N/A,N/A
Blaster Painter,Listed sixteen days ago,"Boddington, Mandurah & Peel WA",WA,N/A,Casual,https://www.seek.com.au/job/93101106?type=standard&ref=search-standalone#sol=48d8917b00e163355672dd66ad1aac04102d8acb,2026-07-19 13:40:12,N/A,N/A,N/A,N/A
"Painter Blasters| Long-tem Defence Work | Home Every Night | Hendersone, WA!",Listed six days ago,"Henderson, Perth WA",WA,N/A,FIFO,https://www.seek.com.au/job/93276897?type=standard&ref=search-standalone#sol=097e6c01520cf90015407256b091e741ec33509f,2026-07-19 13:40:12,N/A,N/A,N/A,N/A
Painter/Blaster,Listed five days ago,"Geraldton, Geraldton, Gascoyne & Midwest WA",WA,$35 – $45 per hour +,N/A,https://www.seek.com.au/job/93315728?type=standard&ref=search-standalone#sol=37e7f08a658350e46e75aeab92ef986c4eb41358,2026-07-19 13:40:12,N/A,N/A,N/A,N/A
Blaster Painter,Listed ten days ago,"Karratha, Port Hedland, Karratha & Pilbara WA",WA,N/A,Casual,https://www.seek.com.au/job/93221887?type=standard&ref=search-standalone#sol=e4c9099c636cd4664640159504df572df5cb6fe8,2026-07-19 13:40:12,N/A,N/A,N/A,N/A
Industrial Painter / Abrasive Blaster,Listed six days ago,"Naval Base, Perth WA",WA,$40 – $50 per hour,N/A,https://www.seek.com.au/job/93277270?type=standard&ref=search-standalone#sol=05869f66ad88c9a612bbecdde3f2d789e60ec5ac,2026-07-19 13:40:12,N/A,N/A,N/A,N/A
Workshop Painter/Blaster,Listed four days ago,"Port Hedland, Port Hedland, Karratha & Pilbara WA",WA,N/A,Contract,https://www.seek.com.au/job/93343514?type=standard&ref=search-standalone#sol=2c69fd7c98144bd1c5efb8c75243b3b42cbc7582,2026-07-19 13:40:12,N/A,N/A,N/A,N/A
High Pressure Water Blasters,Listed five days ago,Perth WA,WA,$47 – $55 per hour,Casual,https://www.seek.com.au/job/93310024?type=standard&ref=search-standalone#sol=61c9b0f18f1a2077425778a5d01d55aa50e302e9,2026-07-19 13:40:12,N/A,N/A,N/A,N/A
Blaster/Painter,Listed two days ago,Perth WA,WA,N/A,Casual,https://www.seek.com.au/job/93397360?type=standard&ref=search-standalone#sol=5dc05431c06627b003657983cdc73c1af5a8f4ef,2026-07-19 13:40:12,N/A,N/A,N/A,N/A
Industrial Blaster & Painter | Defence Projects,Listed ten days ago,"Henderson, Perth WA",WA,N/A,Casual,https://www.seek.com.au/job/93223810?type=standard&ref=search-standalone#sol=83bfe6f4e1061bb35107cda4b47939101c29b27e,2026-07-19 13:40:12,N/A,N/A,N/A,N/A
Painter Blaster,Listed nine days ago,Perth WA,WA,N/A,Contract,https://www.seek.com.au/job/93238202?type=standard&ref=search-standalone#sol=ae93e90c5d718d0161508189cf193a315938eae2,2026-07-19 13:40:12,N/A,N/A,N/A,N/A
Blast Crew Operators,Listed three days ago,"Boddington, Mandurah & Peel WA",WA,N/A,Casual,https://www.seek.com.au/job/93357375?type=standard&ref=search-standalone#sol=f6134d88cb0afbe944c1ed433f4ffbe6453744e7,2026-07-19 13:40:12,N/A,N/A,N/A,N/A
Trade Assistant,Listed five days ago,"Geraldton, Geraldton, Gascoyne & Midwest WA",WA,$35 – $45 per hour,Casual,https://www.seek.com.au/job/93315083?type=standard&ref=search-standalone#sol=517e1d0c771bf18f4b2cfe9e03758e2adaec20cc,2026-07-19 13:40:12,N/A,N/A,N/A,N/A
Industrial Painter / Blaster,Listed two days ago,"Kwinana Beach, Perth WA",WA,N/A,Casual,https://www.seek.com.au/job/93384997?type=standard&ref=search-standalone#sol=267c651e202f8fbab296d16a7c26f1398141af67,2026-07-19 13:40:12,N/A,N/A,N/A,N/A
Industrial Blaster,Listed twenty four days ago,"Canning Vale, Perth WA",WA,$40 – $44 per hour,N/A,https://www.seek.com.au/job/92933492?type=standard&ref=search-standalone#sol=461b6d0fa4d31853f90e064ea28e423c80327357,2026-07-19 13:40:12,N/A,N/A,N/A,N/A
Painter Blaster,Listed five days ago,Perth WA,WA,N/A,Contract,https://www.seek.com.au/job/93302960?type=standard&ref=search-standalone#sol=e63dd78414587cd6194567cfed4c6d337c2b4842,2026-07-19 13:40:12,N/A,N/A,N/A,N/A
Industrial Painter Blaster - Bunbury Workshop,Listed four days ago,"Bunbury, Bunbury & South West WA",WA,N/A,N/A,https://www.seek.com.au/job/93339853?type=standard&ref=search-standalone#sol=16adf0f14846ed5d8edab134c4f435bef79f6cde,2026-07-19 13:40:12,N/A,N/A,N/A,N/A
Industrial Painter Coating Applicator Blaster,Listed five days ago,"Canning Vale, Perth WA",WA,N/A,Casual,https://www.seek.com.au/job/93298477?type=standard&ref=search-standalone#sol=9765559e156a558339f82acf199c71cb29fe0e5e,2026-07-19 13:40:12,N/A,N/A,N/A,N/A
Painter/Blaster,Listed seventeen days ago,"Canning Vale, Perth WA",WA,N/A,N/A,https://www.seek.com.au/job/93075810?type=standard&ref=search-standalone#sol=cf30ee5af6b64a52e84874b603c5875009825a8f,2026-07-19 13:40:12,N/A,N/A,N/A,N/A
Blaster/Painter,Listed nine days ago,"Naval Base, Perth WA",WA,N/A,N/A,https://www.seek.com.au/job/93253707?type=standard&ref=search-standalone#sol=968833c2b980ce66fb934dc89af808e5127a9339,2026-07-19 13:40:12,N/A,N/A,N/A,N/A
Abrasive Blaster / Industrial Spray Painter,Listed sixteen days ago,Perth WA,WA,N/A,Contract,https://www.seek.com.au/job/93091840?type=standard&ref=search-standalone#sol=fd760467640b6ed60643968a159d533bd0f3a592,2026-07-19 13:40:12,N/A,N/A,N/A,N/A
Blast Crew Labourers (Experienced),Listed eighteen days ago,Perth WA,WA,$48 Per Hr + Super on all hours,FIFO,https://www.seek.com.au/job/93047164?type=standard&ref=search-standalone#sol=8423dba29b9aa368118c3102dc8ddb2f2a1d084e,2026-07-19 13:40:12,N/A,N/A,N/A,N/A
Blast Crew,Listed four days ago,Perth WA,WA,$50/hr + super on all hours worked,Contract,https://www.seek.com.au/job/93336050?type=standard&ref=search-standalone#sol=f8de9f99bbe0bd4e26b96f4b9289030fb8da58d4,2026-07-19 13:40:12,N/A,N/A,N/A,N/A
Local Blaster/Painters,Listed four days ago,"Kalgoorlie, Kalgoorlie, Goldfields & Esperance WA",WA,N/A,Casual,https://www.seek.com.au/job/93329902?type=standard&ref=search-standalone#sol=8540259ebf1bf6398faf1249b6744fffb750cb40,2026-07-19 13:40:12,N/A,N/A,N/A,N/A
Painter & Blaster,Listed six days ago,Perth WA,WA,N/A,FIFO,https://www.seek.com.au/job/93272525?type=standard&ref=search-standalone#sol=ea034021a017983220cb00e4a21a29ed798d9627,2026-07-19 13:40:12,N/A,N/A,N/A,N/A
Painter Blaster | Perth Based | Start ASAP,Listed twenty five days ago,Perth WA,WA,$58 - $70 p/h Depending on Shift,Casual,https://www.seek.com.au/job/92919241?type=standard&ref=search-standalone#sol=02e67153a5ebd331a04fdf14a1241ed4431eb025,2026-07-19 13:40:12,N/A,N/A,N/A,N/A
FIFO Painter Blaster,Listed twenty four days ago,Perth WA,WA,$60 – $75 per hour,Casual,https://www.seek.com.au/job/92934117?type=standard&ref=search-standalone#sol=e1bd3ed8b9c17601d732a9863b503d066e5f8c20,2026-07-19 13:40:12,N/A,N/A,N/A,N/A
UHP Operators,Listed four days ago,Perth WA,WA,$48 - $55,Casual,https://www.seek.com.au/job/93330446?type=standard&ref=search-standalone#sol=8cda143733ee3887b0524fc63f183cf9a37a53d0,2026-07-19 13:40:12,N/A,N/A,N/A,N/A
Blast Crew,Listed eleven days ago,Perth WA,WA,N/A,N/A,https://www.seek.com.au/job/93198005?type=standard&ref=search-standalone#sol=549cfde0a0dcb97911911a04b51808e8a3e95158,2026-07-19 13:40:12,N/A,N/A,N/A,N/A
Civil Earthworks Mobile Plant Operator,atGuma Pty Ltd,"Port Hedland, Port Hedland, Karratha & Pilbara WA",WA,N/A,Contract,https://www.seek.com.au/job/93360118?type=promoted&ref=search-standalone#sol=0225f8bea243c1dec8cf284b23eebd380dfe9cfc,2026-07-19 13:40:26,N/A,N/A,N/A,N/A
FIFO - Mobile Plant Operator,atDrive Personnel,Perth WA,WA,$60 – $65 per hour (Based on experience),Casual,https://www.seek.com.au/job/93331562?type=promoted&ref=search-standalone#sol=e1a93a052ee2979d9db3e75fad9396b9df3c7042,2026-07-19 13:40:26,drug_alcohol_test|machinery_ticket,machinery_ticket|excavator_ticket,mid_level,"About The RoleAs a Mobile Plant Operator working FIFO in the Goldfields region within open cut mining operations, you will be responsible for the safe and efficient operation of a wide range of heavy machinery including Excavators, Loaders, Dozer, Grader, Moxy articulated dump trucks, Watercarts etc. You will support production and mine services activities across large-scale open pit environments and civil, contributing to earthworks.Essential Skills & QualificationsValid Driver's Licence (HR is highly desirable)Machine Operating TicketsNational Police Clearance (Recent of 3 months or willing to obtain new one)Construction CardFull Working Rights in AustraliaAble to pass pre-employment medical including drug and alcoholPrevious mining experience3+ years machine experienceFinal trim & GPS experience (Highly desirable)Duties & ResponsibilitiesPerform bulk earthworks, trenching, backfilling and material movement in line with project requirementsCarry out final trim and detailed finishing works using GPSLoad, haul and dump materials efficiently while maintaining safe production worksCarry out dust suppression duties using watercarts across work zonesComplete pre-start checks, basic servicing and routine plant inspectionsIdentify and report hazards, defects and maintenance requirementsWhat We OfferOngoing work long term projects with job stability - no constant site changesWeekly pay cycleOpportunity to transition from casual to permanentClear career progression pathways leading t"
Plant Operator,Listed nine days ago,"Kwinana Beach, Perth WA",WA,N/A,N/A,https://www.seek.com.au/job/93236191?type=standard&ref=search-standalone#sol=7d59d8b7d30f5e8a3fc3411ec45f8bcd20895ec3,2026-07-19 13:40:26,N/A,N/A,N/A,N/A
Civil Earthworks Mobile Plant Operator,Listed three days ago,"Port Hedland, Port Hedland, Karratha & Pilbara WA",WA,N/A,Contract,https://www.seek.com.au/job/93360118?type=standard&ref=search-standalone#sol=43207a2fcb117b0979b2cd8623c3f52c24bbbab6,2026-07-19 13:40:26,N/A,N/A,N/A,N/A
FIFO - Mobile Plant Operator,Listed four days ago,Perth WA,WA,$60 – $65 per hour (Based on experience),Casual,https://www.seek.com.au/job/93331562?type=standard&ref=search-standalone#sol=e6d312a55c32b6ba13c9cc5bf2d65de353208a89,2026-07-19 13:40:26,N/A,N/A,N/A,N/A
Mobile Plant Operators,Listed four days ago,Perth WA,WA,N/A,Casual,https://www.seek.com.au/job/93327346?type=standard&ref=search-standalone#sol=811cdf5f9fefffb58cfb8c1b46681cc017d3ce8b,2026-07-19 13:40:26,N/A,N/A,N/A,N/A
Excavator Operators FIFO 7:7 Roster Perth & Regional,Listed two days ago,"Perth Airport, Perth WA",WA,"$130,000 – $180,000 per year",FIFO,https://www.seek.com.au/job/93392515?type=standard&ref=search-standalone#sol=b713be53217e730e69fdccac73b143f35ce4554c,2026-07-19 13:40:26,N/A,N/A,N/A,N/A
Loader Operator,Listed eleven days ago,"Toodyay, Northam & Wheatbelt WA",WA,N/A,N/A,https://www.seek.com.au/job/93199234?type=standard&ref=search-standalone#sol=a39963cf7a94a290c0605b59c8aa8dc01a7c12d2,2026-07-19 13:40:26,white_card|drivers_license,N/A,mid_level,"NRW has recently been awarded a new project involving the reconstruction and realignment of sections of Toodyay Road, including the construction of a bridge over Jimperding Brook. We are now seeking experienced civil construction operators to join our team..Roles available:Loader Operator – experience operating 950, 980 & IT LoadersWhat we look for in our people:Australian Drivers LicenceMachine Statement of Attainment requiredMain Roads WA experience would be advantageous2 years’ experience in operating Dozer D10OHS Construction White cardAustralian working rightsRelevant bulk earthworks experience in previous role/s clearly outlined on your resume including makes and sizes of equipment operatedThe ability to actively demonstrate behaviours in alignment to NRW’s company values and safety standardsA “can do” attitude and strong team player mentalityWhat can we offer you:Monday – Friday, Half day Saturday’s – day shift onlyFull time employment on a long-term projectLoyalty Bonus Scheme – Get paid a bonus for continuing your employment with NRWEmployee Referral BonusPaid parental leaveWork with an experienced civil & mining contractor with over 30 years in the businessLong term employment opportunitiesA culture driven organisation, be a part of a great crewMultiple company benefits including - income protection insurance / Employee Assistance Program (EAP) / discounted private health insurance / paid parental leave / salary sacrifice options & novated leases availableEnjoy empl"
Multi-skilled Mobile Plant Operators,Listed four days ago,Perth WA,WA,N/A,Full-time,https://www.seek.com.au/job/93342566?type=standard&ref=search-standalone#sol=da28fd66beb4c4234c0ba615c5fcd9aa63e6cea9,2026-07-19 13:40:26,N/A,N/A,N/A,N/A
Operator - Mobile Plant,Listed five days ago,Perth WA,WA,$6K+ Referral Bonuses | Full PPE Supplied | Salary Sacrifice Options,N/A,https://www.seek.com.au/job/93315526?type=standard&ref=search-standalone#sol=58be328301b0dd835cd86ec3f775ec169578985c,2026-07-19 13:40:26,N/A,N/A,N/A,N/A
Plant Operators,Listed two days ago,"Karratha, Port Hedland, Karratha & Pilbara WA",WA,N/A,FIFO,https://www.seek.com.au/job/93384714?type=standard&ref=search-standalone#sol=8b2c424464a9e1b8efd74bea72380489b9c0b098,2026-07-19 13:40:26,N/A,N/A,N/A,N/A
IMMEDIATE START FIFO 3:1 Watercart/Roller Operator,Listed six days ago,"Kalgoorlie, Kalgoorlie, Goldfields & Esperance WA",WA,$50 – $55 per hour,Contract,https://www.seek.com.au/job/93274156?type=standard&ref=search-standalone#sol=d54346763f376d59b80ccbf7e0500c5fad1ac71e,2026-07-19 13:40:26,N/A,N/A,N/A,N/A
Loader Operator,Listed one day ago,Perth WA,WA,N/A,FIFO,https://www.seek.com.au/job/93405378?type=standard&ref=search-standalone#sol=46b630cb8c99a7dd72072ec030996b3e2ddecab9,2026-07-19 13:40:26,N/A,N/A,N/A,N/A
Mobile Plant Operators,Listed nine days ago,"Karratha, Port Hedland, Karratha & Pilbara WA",WA,N/A,Contract,https://www.seek.com.au/job/93253852?type=standard&ref=search-standalone#sol=d425beab299ec9594d8a72e441f3ace7b3aa38a7,2026-07-19 13:40:26,N/A,N/A,N/A,N/A
FIFO - All Round Operators,Listed four days ago,"Port Hedland, Karratha & Pilbara WA",WA,$65.00 - $84.00 Per Hour,Contract,https://www.seek.com.au/job/93333403?type=standard&ref=search-standalone#sol=7b994a5cb823c9c1af6cd085203f75ef4ae7772b,2026-07-19 13:40:26,N/A,N/A,N/A,N/A
Excavator Operator,Listed twelve days ago,"Rockingham, Perth WA",WA,$45 – $60 per hour,N/A,https://www.seek.com.au/job/93164195?type=standard&ref=search-standalone#sol=5a461ae33ff5fc05ca7cb2e45999fbe21b0172ba,2026-07-19 13:40:26,N/A,N/A,N/A,N/A
Plant Operator,Listed six days ago,"Bibra Lake, Perth WA",WA,$55 – $70 per hour,N/A,https://www.seek.com.au/job/93271103?type=standard&ref=search-standalone#sol=f2a16d51dccdb6f7dc9586aeb8dffeb3daae31f0,2026-07-19 13:40:26,N/A,N/A,N/A,N/A
Mobile Plant Operators (Rehab Work) - $65 Per Hour -  2/1 DAYS ONLY**,Listed four days ago,Perth WA,WA,2/1 Roster | Days Only | 12 Hour Days | Retention Bonus $,Casual,https://www.seek.com.au/job/93345881?type=standard&ref=search-standalone#sol=b591a15db48f9b539e991d5e42aa84cbe7be9dfb,2026-07-19 13:40:26,N/A,N/A,N/A,N/A
Quarry Operator,Listed ten days ago,"Tom Price, Port Hedland, Karratha & Pilbara WA",WA,N/A,FIFO,https://www.seek.com.au/job/93213054?type=standard&ref=search-standalone#sol=fa3db8dba5fc818cd538d182d4c1ae56a2f2cd42,2026-07-19 13:40:26,N/A,N/A,N/A,N/A
Mobile Plant Operator,Listed nine days ago,"Port Hedland, Port Hedland, Karratha & Pilbara WA",WA,N/A,Casual,https://www.seek.com.au/job/93237456?type=standard&ref=search-standalone#sol=0a8b398c0b14d35064e1007eda352257d4aca2f6,2026-07-19 13:40:26,N/A,N/A,N/A,N/A
30x Mobile Plant Operator Up To $75 Per Hour**,Listed sixteen days ago,Perth WA,WA,30+ VACANCIES | ASAP STARTS | UP TO $75 PER HOUR,Casual,https://www.seek.com.au/job/93098382?type=standard&ref=search-standalone#sol=55ad51efceb595574bb578a543686736d6cb7f37,2026-07-19 13:40:26,N/A,N/A,N/A,N/A
Mobile Plant Operator,Listed four days ago,"North Bannister, Northam & Wheatbelt WA",WA,$40.83 – $52 per hour,Casual,https://www.seek.com.au/job/93334491?type=standard&ref=search-standalone#sol=acb40d1247c8bb8cd5a3afe88bb0d8f6b56424ac,2026-07-19 13:40:26,N/A,N/A,N/A,N/A
Coal Plant Operator,Listed six days ago,"Collie, Bunbury & South West WA",WA,N/A,Casual,https://www.seek.com.au/job/93285151?type=standard&ref=search-standalone#sol=9bb05ca2435772ee7cb61b98950a37f3aa12e442,2026-07-19 13:40:26,N/A,N/A,N/A,N/A
Civil Operator - Mobile Plant,Listed seven days ago,Perth WA,WA,N/A,N/A,https://www.seek.com.au/job/93266444?type=standard&ref=search-standalone#sol=d4f4a62f6e400edd77bc590b5c198c43ea99b982,2026-07-19 13:40:26,N/A,N/A,N/A,N/A
Civil Operator - Civil Earthworks,Listed eleven days ago,Perth WA,WA,N/A,Casual,https://www.seek.com.au/job/93186192?type=standard&ref=search-standalone#sol=43fb64cd2bacb5c1b811b98738231186db1d4244,2026-07-19 13:40:26,N/A,N/A,N/A,N/A
Civil Plant Operator | LOCAL,Listed six days ago,Perth WA,WA,N/A,Casual,https://www.seek.com.au/job/93287136?type=standard&ref=search-standalone#sol=a2ee59bdb67349b6d6ad6dfa4464247351985958,2026-07-19 13:40:26,N/A,N/A,N/A,N/A
Mobile Plant Operators,Listed nineteen days ago,"Mandurah, Mandurah & Peel WA",WA,Up to $40.20 p.h. + Penalties and allowances,Contract,https://www.seek.com.au/job/93023787?type=standard&ref=search-standalone#sol=3a5a1d5735d806b6a04914f569db3219546921cf,2026-07-19 13:40:26,N/A,N/A,N/A,N/A
Mobile Plant Operator,Listed eleven days ago,Perth WA(Remote),WA,N/A,FIFO,https://www.seek.com.au/job/93194446?type=standard&ref=search-standalone#sol=5ea2d28d037ff37766b23ea241ed3e397edd68b7,2026-07-19 13:40:26,N/A,machinery_ticket,senior,"ConsMin produces some of the world’s highest grade manganese ore and is considered a world leader in manganese mining. Our ConsMin Australian operation (Woodie Woodie) is based in the WA Pilbara, 407kms south-east of Port Hedland. Enjoy a short two-hour flight direct to our well-equipped camp and mining operation - only a five-minute drive from Woodie airport.Reporting to the Team Leader the successful applicants will be required to:Operate equipment safely in line with ConsMin policies and procedures as well as advocating safe working practices in your crewOperate rigid haul trucks, predominantly CAT 777F/G and CAT 789'sBe self-motivated and contribute to the team culture by expressing a positive attitude towards a long-term career in open pit miningShow high levels of teamwork by liaising with other mining personnel to ensure ConsMin achieve production targetsTo be successful in this role you will have:Minimum valid C Class Driver’s LicenseNational Police Clearance (No older than 6 months)The right to work in Australia (Perm resident or Citizen)Minimum 1-2 years’ experience operating the above machinery in an open pit production mining environmentStrong commitment to following health, safety and environment policies and proceduresStrong communication skillsConsMin offers:Excellent food, great camp facilities and welcoming site culturePrivate health, hotel & major retailer corporate discountsCompetitive benefits including retention bonus's and birthday leaveReside outside of"
FIFO Production All Round Operators,Listed four days ago,"Perth Airport, Perth WA",WA,$60-$70p/hr,Contract,https://www.seek.com.au/job/93329687?type=standard&ref=search-standalone#sol=477345a8cb7c5cda2ab5a5c2979558f2fbb88e78,2026-07-19 13:40:26,N/A,N/A,N/A,N/A
Mobile Plant Operators,Listed two days ago,Perth WA,WA,N/A,Contract,https://www.seek.com.au/job/93393582?type=standard&ref=search-standalone#sol=f219756485c08d1f3665afb584d52374e15067de,2026-07-19 13:40:26,N/A,N/A,N/A,N/A
All Round Plant Operators,Listed five days ago,"Bibra Lake, Perth WA",WA,N/A,Contract,https://www.seek.com.au/job/93302498?type=standard&ref=search-standalone#sol=b0bbeb620eb572adca642d77b8f1156e1d6d55bf,2026-07-19 13:40:26,N/A,N/A,N/A,N/A
Plant Operator,Listed twenty days ago,Perth WA,WA,$50 – $55 per hour,N/A,https://www.seek.com.au/job/92998320?type=standard&ref=search-standalone#sol=b1d9825b6914246ed44eba81abb6ff0a388b435d,2026-07-19 13:40:26,N/A,N/A,N/A,N/A
Underground Mining Vacancies,Underground Mining VacanciesatPRYCE MINING SERVICES PTY LTD,Perth WA,WA,N/A,N/A,https://www.seek.com.au/job/93147568?type=promoted&ref=search-standalone#sol=998bd2617bb8dcf9c8d75619425e6d86392c9114,2026-07-20 14:22:21,N/A,N/A,N/A,N/A
Underground Mining Vacancies,Underground Mining VacanciesatPRYCE MINING SERVICES PTY LTD,Perth WA,WA,N/A,N/A,https://www.seek.com.au/job/92882516?type=promoted&ref=search-standalone#sol=8dca1fa261d98b246dd1fe949c0798a5ee2a4ca4,2026-07-20 14:22:21,N/A,N/A,N/A,N/A
Underground Mining Vacancies,Listed four days ago,Perth WA,WA,N/A,N/A,https://www.seek.com.au/job/93368499?type=standard&ref=search-standalone#sol=d97be7ff0e4d1d9783b0b2f796342570a9446e71,2026-07-20 14:22:21,N/A,N/A,N/A,N/A
Underground Mining Operators,Listed four days ago,Perth WA,WA,$60 – $79 per hour PLUS Super,Contract,https://www.seek.com.au/job/93366433?type=standard&ref=search-standalone#sol=9eebd649f977e14b1cf7314629cc34bc68dbd4eb,2026-07-20 14:22:21,N/A,N/A,N/A,N/A
Underground Operators,Listed thirteen days ago,Perth WA,WA,N/A,Contract,https://www.seek.com.au/job/93177088?type=standard&ref=search-standalone#sol=e0019a6c530a6728822d1b325470170788f540a0,2026-07-20 14:22:21,N/A,N/A,N/A,N/A
Underground Mining Opportunites,Listed seven hours ago,Perth WA,WA,N/A,Contract,https://www.seek.com.au/job/93430061?type=standard&ref=search-standalone#sol=2825b0745a21095377aded617e141102aef51691,2026-07-20 14:22:21,N/A,N/A,N/A,N/A
Underground Mining Jobs | Underground Supervisors and Operators,Listed five days ago,Perth WA,WA,$68 – $100 per hour,Contract,https://www.seek.com.au/job/93328685?type=standard&ref=search-standalone#sol=50a5aad7b301232e23353e7b4f231ac008e58f63,2026-07-20 14:22:21,drug_alcohol_test,N/A,mid_level,"Multiple FIFO rosters available: 7/7, 8/6, 14/7 and 14/14Contract and permanent opportunities with established WA gold producersRoles available from underground operators through to leading hands and supervisorsReady for Your Next Underground Opportunity?Mining Employment Services is currently recruiting experienced underground mining personnel for multiple opportunities across established and growing gold operations throughout Western Australia.Whether you are looking for a better roster, stronger rates, a permanent position, contract flexibility or the opportunity to step into a leadership role, we may have the right position for you.Current OpportunitiesWe are seeking experienced candidates across the following positions:Underground Mining SupervisorsLeading Hand – Underground Service CrewUnderground Charge-up OperatorsUnderground Bogger OperatorsLong Hole DrillersUnderground Nipper OperatorsUnderground Service CrewUnderground Project CrewUnderground Truck DriversGrader and Watercart OperatorsWhat’s on Offer?Depending on the position and operation, opportunities include:FIFO from PerthRosters including 7/7, 8/6, 14/7 and 14/14Contract, contract-to-permanent and permanent employmentCompetitive hourly rates and salary packagesLong-term opportunities with established gold producersOwner-operated and contractor mining environmentsModern underground operations with strong production pipelinesOpportunities to progress into leading-hand and supervisory positionsWhat We’re Looking"
Underground Mining Vacancies,Listed fourteen days ago,Perth WA,WA,N/A,N/A,https://www.seek.com.au/job/93147568?type=standard&ref=search-standalone#sol=ecc4a0928256b2105fade1f0232610d35b7c1be5,2026-07-20 14:22:21,N/A,N/A,N/A,N/A
Underground Mining Vacancies,Listed twenty seven days ago,Perth WA,WA,N/A,N/A,https://www.seek.com.au/job/92882516?type=standard&ref=search-standalone#sol=539ebb2f3a897c65a2100b9fd75d046087c6ebd5,2026-07-20 14:22:21,N/A,N/A,N/A,N/A
Underground Bogger Operators – Development & Remote Production,Listed eleven days ago,Perth WA,WA,N/A,Contract,https://www.seek.com.au/job/93211632?type=standard&ref=search-standalone#sol=48e8ec88bb80e864252935ebc028dcedf4f5b19c,2026-07-20 14:22:21,N/A,N/A,N/A,N/A
Nippers | Paste Crew | Service Crew,Listed twelve days ago,Perth WA,WA,N/A,Contract,https://www.seek.com.au/job/93186360?type=standard&ref=search-standalone#sol=6fd4b4e44262f81e843437776206209d6bd80cf8,2026-07-20 14:22:21,drug_alcohol_test,N/A,mid_level,"Underground Service Crew & Nippers | Tier 1 Projects | WA & SAThe good crews are already underground.The best opportunities don't wait around.Techforce Personnelhas partnered with aTier 1 underground mining leader, and we're building experienced crews across multiple long-life operations throughoutWA & SA.Whether you're a seasonedService  or Paste Crewoperator or aNipperready to step up, this is your chance to lock in long-term work, even-time rosters, and a genuine pathway into bigger underground roles.What's Waiting for YouService Crew/ Paste Crew – $60/hrNippers – $50–$55/hr2:2, 2:1 & 7:7 FIFO rostersImmediate startsTemp-to-Perm – Secure Your ShirtClear progression into Charge-Up, Jumbo, Development and beyondModern camps and quality site facilitiesLong-term projects with one of the industry's biggest underground contractorsSERVICE CREW – KEEP PRODUCTION MOVINGEvery metre advanced starts with a strong Service Crew.You're the crew behind the crews—keeping air flowing, water moving, services online and development heading forward.You'll be responsible for:Installing and maintaining underground servicesVentilation, pumping, air and water infrastructureDelivering ground support, tooling and materials undergroundSupporting development and production crewsKeeping headings safe, operational and production-readyIf you thrive underground and take pride in keeping the mine moving, we want you on our crew.NIPPERS – YOUR FAST TRACK INTO UNDERGROUNDEvery experienced Jumbo Operator, Cha"
Bogger Operator,Listed twelve days ago,Perth WA,WA,N/A,Contract,https://www.seek.com.au/job/93185911?type=standard&ref=search-standalone#sol=a1d4fefb412d7de3e86d59a958c1f713849ebb63,2026-07-20 14:22:21,drug_alcohol_test,N/A,mid_level,"Techforce Personnelhas partnered with aTier 1 underground mining leader, and we're building high-performing crews for long-term projects acrossWA & SA.If you're an experiencedUnderground Bogger Operatorlooking for bigger pay, better rosters, and a genuine pathway to permanent employment, now's the time to make your move.What's On OfferCompetitive Rates12-hour shifts on consistent even-time rostersImmediate starts availableTemp-to-Perm – Secure Your ShirtModern camps, quality gyms & recreation facilitiesGenuine career progression with a Tier 1 underground contractorLong-term projects offering real job securityYour RoleOperate Underground Boggers to safely load, haul and dump ore and wasteKeep production moving safely and efficientlyComplete pre-starts and identify maintenance requirementsWork alongside experienced underground crews to smash production targetsFollow underground traffic management and communication proceduresDrive a strong safety culture every shiftWhat You BringCurrent Manual Driver's LicenceExperience operatingSandvik LH517ior similarAutoMine experience (highly desirable)National Police Clearance (within 6 months)Relevant VOCs, tickets and training transcriptsAbility to pass a pre-employment medical and Drug & Alcohol ScreenWhy Wait?The best underground roles are filled fast—and so are the best operators.If you're chasing higher rates, long-term security, a better crew, or your next career move with a Tier 1 contractor, this is your opportunity.Load More. Earn"
Experienced Underground Operators for Andy Well Mine,Listed twenty one days ago,Perth WA,WA,N/A,FIFO,https://www.seek.com.au/job/92992677?type=standard&ref=search-standalone#sol=f7fb7732585c9819402a1702379b6440ea1433e4,2026-07-20 14:22:21,N/A,N/A,N/A,N/A
Underground Mining Operators - FIFO WA Gold Mines,Listed twenty eight days ago,Perth WA,WA,$65 – $98 per hour,FIFO,https://www.seek.com.au/job/92863297?type=standard&ref=search-standalone#sol=5fface381ed26a9e6d40db4459541abff56f848b,2026-07-20 14:22:21,N/A,N/A,N/A,N/A
Underground Positions,Listed seven days ago,"Kalgoorlie, Kalgoorlie, Goldfields & Esperance WA",WA,N/A,Contract,https://www.seek.com.au/job/93273224?type=standard&ref=search-standalone#sol=a239ce3af24c6a4a84aa17917ab5535abd83fcb8,2026-07-20 14:22:21,N/A,N/A,N/A,N/A
Bogger Operators - Teleremote,Listed eight hours ago,"Kalgoorlie, Goldfields & Esperance WA",WA,N/A,Contract,https://www.seek.com.au/job/93427351?type=standard&ref=search-standalone#sol=958a075416aec835742bce7215dc28bb8222cba2,2026-07-20 14:22:21,N/A,N/A,N/A,N/A
Underground Mining Operators,Listed eighteen days ago,"Kalgoorlie, Kalgoorlie, Goldfields & Esperance WA",WA,N/A,N/A,https://www.seek.com.au/job/93071338?type=standard&ref=search-standalone#sol=b482342f01dc30136016c5ace1e54cfce67551d9,2026-07-20 14:22:21,N/A,N/A,N/A,N/A
Underground Bogger Operator,Listed twenty days ago,Perth WA,WA,$900 - $1k p.d. + Super on all hours,N/A,https://www.seek.com.au/job/93028679?type=standard&ref=search-standalone#sol=0288a48e8670b49f806db413e9c03ec7997c873a,2026-07-20 14:22:21,N/A,N/A,N/A,N/A
Underground Truck Operators & Nippers,Listed nineteen days ago,"Laverton, Kalgoorlie, Goldfields & Esperance WA",WA,$50 – $55 per hour,Casual,https://www.seek.com.au/job/93043467?type=standard&ref=search-standalone#sol=1c4f61b628557038bd283e024c438e3634f0daee,2026-07-20 14:22:21,N/A,N/A,N/A,N/A
2:2 / 7:7 Charge Up Operator,Listed six hours ago,Perth WA,WA,N/A,Contract,https://www.seek.com.au/job/93432725?type=standard&ref=search-standalone#sol=47ea855ab88548cceeed99f295552d8dae743c76,2026-07-20 14:22:21,drug_alcohol_test,N/A,mid_level,"Protech are looking for an experiencedProductionorDevelopment Charge Up Operatorsto perform work with our client, located in the Goldfields Region of WA on a 2/2 and 7/7 FIFO basis.ABOUT THE ROLEImmediate startCompetetive Pay RatesOpportunity to go permanent with client after 6 months.12% Super paid on all hours12-hour day and night shiftFIFO from Perth/ DIDO from Kalgoorlie.KEY RESPONSIBILITIESSafe and Efficient operation of Charge - Up machinesFollow plans accurately to charge development faces with explosivesCorrect storage and transportation of explosivesA solid understanding of ground support techniquesConduct Pre starts on equipment and workplace inspectionsTICKETS & EXPERIENCE REQUIREDValid C class Driver’s Licence(Essential)WA Shotfirers Licence and Dangerous Goods Security Card(Essential)Minimum 12 Months experience in an underground production or development charge up roleProficiency in Integrated tool carriersAbility to maintain fitness for work, pass a pre-employment medical & drug and alcohol testing.Ability to obtain a National Police ClearanceValid & contactable referencesStrong understanding and adherence to OHSHOW TO APPLY?clickAPPLYbelow.ABOUT PROTECHAt Protech, we provide Great Work to Great People, taking the hassle out of work so you can focus on a job well done. We’ve got your back with:Safe and reliable work.Regular check-ins.A ready, responsive and caring team.Correct pay, on time.As an equal opportunity employer, Protech provides opportunities with le"
Teleremote Bogger Operator,Listed three days ago,Perth WA,WA,$950 - $1020 p.d. + Super on all hours,FIFO,https://www.seek.com.au/job/93388186?type=standard&ref=search-standalone#sol=1e3c55298156d0d3b3f93f8fe992354e417e4c7a,2026-07-20 14:22:21,N/A,N/A,N/A,N/A
Underground Nipper,Listed four days ago,Perth WA,WA,$45.83 ph + (Fulltime) + Super on all hours worked,N/A,https://www.seek.com.au/job/93369332?type=standard&ref=search-standalone#sol=07d70e9c78fd9597b1a296db23d503bbff528cb4,2026-07-20 14:22:21,N/A,N/A,N/A,N/A
Underground Nipper,Listed four days ago,Perth WA,WA,N/A,FIFO,https://www.seek.com.au/job/93361853?type=standard&ref=search-standalone#sol=afc9130d8e770da462d22caa93457b84e1217215,2026-07-20 14:22:21,N/A,N/A,N/A,N/A
Underground Service Crew,Listed seven days ago,Perth WA,WA,N/A,FIFO,https://www.seek.com.au/job/93282513?type=standard&ref=search-standalone#sol=17ec58b01bd8a167b3a5883b5b63780d74ed03d4,2026-07-20 14:22:21,N/A,N/A,N/A,N/A
New Entrant - Underground MPU Operator,Listed thirteen days ago,Perth WA,WA,"$127,500.00 to $143,202 base + Super + Benefits + Nightshift",FIFO,https://www.seek.com.au/job/93173498?type=standard&ref=search-standalone#sol=a2409724ed0d4aaf087198c29b03b8864bf17ce4,2026-07-20 14:22:21,N/A,N/A,N/A,N/A
Underground Dump Truck Operator,Listed five days ago,Perth WA,WA,N/A,Contract,https://www.seek.com.au/job/93330501?type=standard&ref=search-standalone#sol=c971bd27fe92d8339a446284db17b56cd1aa28d7,2026-07-20 14:22:21,N/A,N/A,N/A,N/A
Underground Operations Crew & Service Crew roles,Listed six days ago,"Nullagine, Port Hedland, Karratha & Pilbara WA",WA,N/A,FIFO,https://www.seek.com.au/job/93308347?type=standard&ref=search-standalone#sol=55b57b615887fddc5f9fd72b72a76117d971e7ef,2026-07-20 14:22:21,N/A,N/A,N/A,N/A
Underground Supervisor,Listed twelve days ago,Perth WA,WA,Top Tier Rates: Up to $125ph (Contract) or $235k + Bonus + Super (Perm),Contract,https://www.seek.com.au/job/93196833?type=standard&ref=search-standalone#sol=52891131b460918174f4d29e06ccb68af8c53726,2026-07-20 14:22:21,N/A,N/A,N/A,N/A
Jumbo Operator,Listed three hours ago,"Nullagine, Port Hedland, Karratha & Pilbara WA",WA,N/A,FIFO,https://www.seek.com.au/job/93437203?type=standard&ref=search-standalone#sol=f28df51ffd48ff61a27139c6eca63cf4029e9d9e,2026-07-20 14:22:21,N/A,N/A,N/A,N/A
Expression Of Interest - Underground Mining Positions,Listed twenty days ago,"Kalgoorlie, Kalgoorlie, Goldfields & Esperance WA",WA,$High $ + 10% -20% Bonus + GU Health + Allowances,FIFO,https://www.seek.com.au/job/93016833?type=standard&ref=search-standalone#sol=10986c8569da04e077ef72b0ea8a3b9d65810dbd,2026-07-20 14:22:21,N/A,N/A,N/A,N/A
Underground Mining Operators,Listed nineteen days ago,Perth WA,WA,N/A,N/A,https://www.seek.com.au/job/93057465?type=standard&ref=search-standalone#sol=c733aa88d10e8cd15bb4aab3b57badb4b5cece30,2026-07-20 14:22:21,N/A,N/A,N/A,N/A
Civil Operator - Perth Metro & FIFO,Listed thirteen hours ago,Perth WA,WA,N/A,Contract,https://www.seek.com.au/job/93417120?type=standard&ref=search-standalone#sol=4f842797bc014beb84a01ec512e296b3cd1ea354,2026-07-20 14:22:21,N/A,N/A,N/A,N/A
Driver (Route),Driver (Route)atCookers Bulk Oil System,"Gnangara, Perth WA",WA,$36 per hour + overtime + allowances,N/A,https://www.seek.com.au/job/93417908?type=promoted&ref=search-standalone#sol=83d574b38e0b1a60c9b59ff33649a354b3d31294,2026-07-21 03:21:43,N/A,N/A,N/A,N/A
HR Truck Driver,Listed one day ago,"Armadale, Perth WA",WA,$39 – $41 per hour,N/A,https://www.seek.com.au/job/93416271?type=standard&ref=search-standalone#sol=396c8134eda45cef3a95930d371686c6db0e4760,2026-07-21 03:21:43,N/A,N/A,N/A,N/A
Rigid Truck Driver – Unrestricted HR Licence,Listed forty four minutes ago,"Forrestfield, Perth WA",WA,$35 per hour,N/A,https://www.seek.com.au/job/93453379?type=standard&ref=search-standalone#sol=858297a63662d6e79d5684d6e4da003e7b753f4d,2026-07-21 03:21:43,N/A,N/A,N/A,N/A
Truck Driver (HR / MC),Listed eleven days ago,"Port Hedland, Port Hedland, Karratha & Pilbara WA(Remote)",WA,$50 – $52 per hour,Casual,https://www.seek.com.au/job/93240297?type=standard&ref=search-standalone#sol=16c254c5c6037407d4addb68bdeea6f84ae9589c,2026-07-21 03:21:43,N/A,N/A,N/A,N/A
"TRUCK DRIVER, FULLTIME, DAYS.",Listed nineteen hours ago,"Eastern Suburbs, Perth WA",WA,$38 – $42 per hour,N/A,https://www.seek.com.au/job/93432857?type=standard&ref=search-standalone#sol=11d8d38a0d8cde9ecaa517f4943c4144d9d458b0,2026-07-21 03:21:43,forklift_license|heavy_vehicle_license,forklift_license,N/A,"International Freight Forwarder requires ACCURATE, WELL PRESENTED, ARTICULATE driver to be the front line for the company.Dynamic growing company requires a driver who takes pride in their work, appearance and CAN DO attitude. Attention to detail is imperative.A willingness to go above and beyond the minimum requirement & a get the job done mentality is integral to succeeding in this role.Weekend workat penalties ratesas a part of a roster are required 1 day per fortnight minimum.Clean HR licence, Forklift Licence and ability to obtain a police clearance is essential. All of our vehicles are new MR and dual axle HR Tautliners only, no semis.Cargo LOAD RESTRAINT knowledge and is essential.Australian work rights areessentialfor this position.The successful candidate will have a good knowledge of the Perth/Fremantle areas, a clean driving record and be well presented.ASIC and MSIC Cards will be an advantage.Apply now and be a part of asuccessful and growingteam.Ample overtime opportunities, if you are looking for 38 hours only this position will not be suitable for you."
HR Hotshot Drivers | Mine-Site Logistics & Specialised Transport,Listed nine days ago,"Wangara, Perth WA",WA,N/A,Casual,https://www.seek.com.au/job/93263286?type=standard&ref=search-standalone#sol=3dd1bbbb21c84ce1e254d8c5b83cdccb7833adc6,2026-07-21 03:21:43,N/A,N/A,N/A,N/A
TRUCK DRIVER HR,Listed two hours ago,"Bassendean, Perth WA",WA,"$70,000 – $75,000 per year",N/A,https://www.seek.com.au/job/93449876?type=standard&ref=search-standalone#sol=5598ba935ec67ead79fbdf176ff408778a323bb3,2026-07-21 03:21:43,N/A,N/A,N/A,N/A
Truck Driver,Listed four days ago,"Bunbury, Bunbury & South West WA",WA,N/A,Casual,https://www.seek.com.au/job/93373067?type=standard&ref=search-standalone#sol=55fc69f5d225cab926e5fa832b5277800ec16376,2026-07-21 03:21:43,N/A,N/A,N/A,N/A
Truck Driver/Trainee Truck Driver,Listed five days ago,"Kalgoorlie, Kalgoorlie, Goldfields & Esperance WA",WA,N/A,N/A,https://www.seek.com.au/job/93351292?type=standard&ref=search-standalone#sol=413ab8c6e7ca47055d33a0fdc8a3f1f2b54ea9f0,2026-07-21 03:21:43,N/A,N/A,N/A,N/A
HR Driver,Listed one day ago,atWISEWAY LOGISTICS,WA,N/A,N/A,https://www.seek.com.au/job/93419666?type=standard&ref=search-standalone#sol=ca0a10c08512dc27129a537e7257cdb851ef02c0,2026-07-21 03:21:43,N/A,N/A,N/A,N/A
HC Driver Night Shift,Listed twelve days ago,"Osborne Park, Perth WA",WA,"$100,000 – $101,000 per year",N/A,https://www.seek.com.au/job/93210093?type=standard&ref=search-standalone#sol=8ed41c1919eb6b6bcb9e105335ed02489ef61601,2026-07-21 03:21:43,N/A,N/A,N/A,N/A
Truck Driver / Yard Person,Listed two days ago,"Landsdale, Perth WA",WA,$35 – $40 per hour,Full-time,https://www.seek.com.au/job/93407083?type=standard&ref=search-standalone#sol=c00b9e125d31e266c9915ca8e3518cc68134ee7d,2026-07-21 03:21:43,N/A,N/A,N/A,N/A
HR Relief Driver,Listed six days ago,"Kewdale, Perth WA",WA,$38.18-$42.19/hr base depending on experience,N/A,https://www.seek.com.au/job/93332732?type=standard&ref=search-standalone#sol=74b6398ce81bee856b49f0677d9b8c026bbb5ea4,2026-07-21 03:21:43,N/A,N/A,N/A,N/A
Concrete Agitator Drivers,Listed one day ago,"Walliston, Perth WA",WA,$38 – $42 per hour,N/A,https://www.seek.com.au/job/93415159?type=standard&ref=search-standalone#sol=60b3acbb9c5c269d75bf4b420180227b4199693f,2026-07-21 03:21:43,N/A,N/A,N/A,N/A
Road Train Drivers - $62.56 p/h,Listed seven days ago,"Onslow, Port Hedland, Karratha & Pilbara WA",WA,"$5,250+ Per Week!",Contract,https://www.seek.com.au/job/93303388?type=standard&ref=search-standalone#sol=3713a4f8a7a67d5dfc9c5e1c81dcc8bd703fe5d0,2026-07-21 03:21:43,N/A,N/A,N/A,N/A
HR Driver,Listed four days ago,"Port Hedland, Port Hedland, Karratha & Pilbara WA",WA,Competitive hourly rates paid at $42.58 + 15% Superannuation,N/A,https://www.seek.com.au/job/93382955?type=standard&ref=search-standalone#sol=2fad4fa660b6c8d56d5a02eadfd2f1e56fef4dd3,2026-07-21 03:21:43,drug_alcohol_test|heavy_vehicle_license,N/A,mid_level,"Are you an experienced HR Driver looking for a rewarding role that keeps you active and on the move throughout the day?Toll People are seeking reliable, safety-focused and physically fit HR Drivers for ongoing Bulk Pick-Up & Delivery operations across Port Hedland and surrounding regional areas.This is an excellent opportunity to join a respected industry leader and secure consistent work in a fast-paced transport environment.This role is perfect for drivers who enjoy variety in their day, take pride in customer service, and don't mind getting out from behind the wheel to complete deliveries and collections.What's on Offer?Ongoing work with potential for long-term opportunitiesCompetitive hourly rates paid at $42.58 + 15% SuperannuationImmediate starts availableWork with a leading transport and logistics providerSupportive team environmentDaily variety and regional driving routesKey ResponsibilitiesSafe operation of HR vehiclesBulk pick-up and delivery of freight across Port Hedland and surrounding areasLoading and unloading of freight, parcels and boxed goodsConducting daily vehicle pre-start inspections and completing relevant paperworkProviding professional customer service at delivery and collection pointsAdhering to all transport, fatigue management and safety regulationsTo Be Successful You Will HaveCurrent HR Driver's LicenceDemonstrated experience operating a Heavy Rigid TruckGood knowledge of Port Hedland and surrounding regionsStrong commitment to workplace safetyEx"
Truck driver/operator,Listed twenty six days ago,"Bayswater, Perth WA(Remote)",WA,$35 per hour,N/A,https://www.seek.com.au/job/92911060?type=standard&ref=search-standalone#sol=cd2cc2bc630a5711af7a6fde212ab58ea162464b,2026-07-21 03:21:43,N/A,N/A,N/A,N/A
Trainee Truck Driver,Listed seven days ago,"Kalgoorlie, Kalgoorlie, Goldfields & Esperance WA",WA,N/A,N/A,https://www.seek.com.au/job/93280826?type=standard&ref=search-standalone#sol=b1c7311bcde012fa5eee18f4477075398512705d,2026-07-21 03:21:43,N/A,N/A,N/A,N/A
Gas Delivery Driver,Listed fourteen hours ago,"Karratha, Port Hedland, Karratha & Pilbara WA",WA,$50 – $60 per hour,N/A,https://www.seek.com.au/job/93437673?type=standard&ref=search-standalone#sol=85f93119a363039f5629194b6e678f792148642b,2026-07-21 03:21:43,N/A,N/A,N/A,N/A
HC Truck Driver (11.30am-8pm Mon-Fri),Listed twenty two hours ago,"Welshpool, Perth WA",WA,N/A,N/A,https://www.seek.com.au/job/93425221?type=standard&ref=search-standalone#sol=199923fdfc72cf0ad2674ad73589cd03a0b651f0,2026-07-21 03:21:43,N/A,N/A,N/A,N/A
Truck Driver,Listed six days ago,"Kwinana Beach, Perth WA",WA,$36 per hour,N/A,https://www.seek.com.au/job/93307705?type=standard&ref=search-standalone#sol=ac85b6e8fa6ec4a666d33b4b8a97016067502ba5,2026-07-21 03:21:43,N/A,N/A,N/A,N/A
Truck Driver,Listed six days ago,"Carabooda, Perth WA(Hybrid)",WA,N/A,N/A,https://www.seek.com.au/job/93329456?type=standard&ref=search-standalone#sol=3411303acf0bd41de847c22a583f5c87cbdfd5e9,2026-07-21 03:21:43,N/A,N/A,N/A,N/A
Tug Driver - Kalgoorlie Residential,Listed two hours ago,"Perth Airport, Perth WA",WA,N/A,N/A,https://www.seek.com.au/job/93450154?type=standard&ref=search-standalone#sol=9bfba0bb15ee5b9ee5aef54c9ec0e6fd000d7ab1,2026-07-21 03:21:43,N/A,N/A,N/A,N/A
HR Driver,Listed twelve days ago,"Gnangara, Perth WA",WA,$35.11 – $38.72 DOE + O/Time + Penalties,N/A,https://www.seek.com.au/job/93190999?type=standard&ref=search-standalone#sol=27ad19637529efefc558ab3d7113528ea8b75263,2026-07-21 03:21:43,N/A,N/A,N/A,N/A
HR Driver,Listed seventeen days ago,"Karratha, Port Hedland, Karratha & Pilbara WA",WA,N/A,Full-time,https://www.seek.com.au/job/93120437?type=standard&ref=search-standalone#sol=b94a5f1ea02806c100b5d2879a4387b8fd1e0f4c,2026-07-21 03:21:43,N/A,N/A,N/A,N/A
Truck Driver,Listed three days ago,"Bassendean, Perth WA",WA,$35 – $45 per hour,N/A,https://www.seek.com.au/job/93392724?type=standard&ref=search-standalone#sol=24844e7dfcc9919c5b93f8d39159005df5a11ced,2026-07-21 03:21:43,heavy_vehicle_license,N/A,N/A,A Grade Glass and Aluminium has established itself as the future of glasswindows and doors in Western Australia.We are looking to expanded and we require a variety of team membersif your in the industry or interested in the industry please apply for one ormore of the available jobs.About this roleWe’re searching for an HR (manual) Truck Driver looking for full time hours.Hours of workMonday to Friday 7.30am – 4:00pmwith overtime as required. You will be delivering glass products of various shapes and sizes to both metro and country areas in a range of different vehicles.What you will doLoad and deliver glass to various customers and sitesProvide excellent customer serviceManual handling and loading various shaped glass products on to and off trucksGeneral Factory help loading trolleys etcWhat you will haveWe're looking for someone who takes pride in the quality of their work and providing good customer service.Current and valid manual HR LicenseKnowledge of Perth metro and regional areasHave the ability to lift (up to 25kg) and move glass safelyExperience in truck drivingFlexibility to work overtimeAble to take direction and use initiative when on the road alonePrevious glass Experience and advantagePlease note only applications with the right to live and work in Australia will be considered for this position.
Truck Driver - Operations,Listed twelve days ago,Perth WA,WA,From $53.80 per hour plus super,Casual,https://www.seek.com.au/job/93202516?type=standard&ref=search-standalone#sol=574bf43098a5ce3772085f84c5aea0a4e99492ef,2026-07-21 03:21:43,N/A,N/A,N/A,N/A
HR Truck Driver,Listed four days ago,"Kwinana Beach, Perth WA",WA,N/A,Contract,https://www.seek.com.au/job/93366943?type=standard&ref=search-standalone#sol=9601607aa19e4c665ce9e1f90d359fa9ddde24eb,2026-07-21 03:21:43,N/A,N/A,N/A,N/A
HR/MC TRUCK DRIVER,Listed nineteen hours ago,"Kalgoorlie, Kalgoorlie, Goldfields & Esperance WA",WA,N/A,N/A,https://www.seek.com.au/job/93433065?type=standard&ref=search-standalone#sol=a66d0f59da1757ac77c153f8d80190f126951b5a,2026-07-21 03:21:43,N/A,N/A,N/A,N/A
MC Drivers - Onslow FIFO,Listed eleven days ago,"Onslow, Port Hedland, Karratha & Pilbara WA",WA,Up to $172k package inc super + bonuses + benefits,Full-time,https://www.seek.com.au/job/93238663?type=standard&ref=search-standalone#sol=66474216cb90581030846ba0d3f6a2af475d7c46,2026-07-21 03:21:43,N/A,N/A,N/A,N/A
Road Train Driver,Listed fourteen days ago,"Port Hedland, Port Hedland, Karratha & Pilbara WA",WA,N/A,N/A,https://www.seek.com.au/job/93155382?type=standard&ref=search-standalone#sol=d65ba49ad8e065f26f4df0fb7e91fc7004c22e63,2026-07-21 03:21:43,N/A,N/A,N/A,N/A
Day Shift Truck Driver,Listed ten days ago,"Bibra Lake, Perth WA",WA,N/A,N/A,https://www.seek.com.au/job/93253730?type=standard&ref=search-standalone#sol=3af742afe345bedfa5d5c7600164862e7e87463b,2026-07-21 03:21:43,N/A,N/A,N/A,N/A
Underground Mining Vacancies,Underground Mining VacanciesatPRYCE MINING SERVICES PTY LTD,Perth WA,WA,N/A,N/A,https://www.seek.com.au/job/93454076?type=promoted&ref=search-standalone#sol=108880ed4893ae3b274a3cb2e3ce769ba0ab3420,2026-07-21 14:08:39,N/A,N/A,N/A,N/A
Underground Mining Vacancies,Underground Mining VacanciesatPRYCE MINING SERVICES PTY LTD,Perth WA,WA,N/A,N/A,https://www.seek.com.au/job/93147568?type=promoted&ref=search-standalone#sol=07b54fdd48aee53e3758ce2acf81d1da3a2bbfdd,2026-07-21 14:08:39,N/A,N/A,N/A,N/A
Underground Mining Vacancies,Listed five days ago,Perth WA,WA,N/A,N/A,https://www.seek.com.au/job/93368499?type=standard&ref=search-standalone#sol=0df339d594b69cc881e30d56fc5e9ec4efa0d575,2026-07-21 14:08:39,N/A,N/A,N/A,N/A
Underground Mining Opportunites,Listed one day ago,Perth WA,WA,N/A,Contract,https://www.seek.com.au/job/93430061?type=standard&ref=search-standalone#sol=3d942f4a72b19cbf580cd73c02006a0f8947c407,2026-07-21 14:08:39,N/A,N/A,N/A,N/A
Underground Mining Vacancies,Listed eleven hours ago,Perth WA,WA,N/A,N/A,https://www.seek.com.au/job/93454076?type=standard&ref=search-standalone#sol=f5c80018a1e2d205d891c5cdfa56cd3216dcbaf8,2026-07-21 14:08:39,N/A,N/A,N/A,N/A
Underground Operators,Listed fourteen days ago,Perth WA,WA,N/A,Contract,https://www.seek.com.au/job/93177088?type=standard&ref=search-standalone#sol=cd8a3c2b41316c6d4f61c37b845f795c5f3afd59,2026-07-21 14:08:39,N/A,N/A,N/A,N/A
Underground Mining Operators,Listed five days ago,Perth WA,WA,$60 – $79 per hour PLUS Super,Contract,https://www.seek.com.au/job/93366433?type=standard&ref=search-standalone#sol=9f1c0b98f0db0e82abcc4eaed4f9a08da7b64a19,2026-07-21 14:08:39,N/A,N/A,N/A,N/A
Underground Mining Jobs | Underground Supervisors and Operators,Listed six days ago,Perth WA,WA,$68 – $100 per hour,Contract,https://www.seek.com.au/job/93328685?type=standard&ref=search-standalone#sol=0f46ccf326da0ac9f1f3a281d6e044d3ee413f08,2026-07-21 14:08:39,N/A,N/A,N/A,N/A
Tele-Remote Operator - Underground - New Zealand Based,Listed eight hours ago,Perth WA,WA,N/A,N/A,https://www.seek.com.au/job/93461223?type=standard&ref=search-standalone#sol=e0344217a5b2bdc8bf994d507ff15ac1c0906500,2026-07-21 14:08:39,N/A,N/A,N/A,N/A
Underground Mining Vacancies,Listed fifteen days ago,Perth WA,WA,N/A,N/A,https://www.seek.com.au/job/93147568?type=standard&ref=search-standalone#sol=5c9fc1ba268b21a667b8ca20a2c36e1cd4b90eed,2026-07-21 14:08:39,N/A,N/A,N/A,N/A
Underground Mining Vacancies,Listed twenty eight days ago,Perth WA,WA,N/A,N/A,https://www.seek.com.au/job/92882516?type=standard&ref=search-standalone#sol=fd7cf964d17d692acb86327790a39bfca3b7d947,2026-07-21 14:08:39,N/A,N/A,N/A,N/A
Underground Bogger Operators – Development & Remote Production,Listed twelve days ago,Perth WA,WA,N/A,Contract,https://www.seek.com.au/job/93211632?type=standard&ref=search-standalone#sol=a4bcf6c6c6bf1fe4d8e2426a090ad53645057f73,2026-07-21 14:08:39,N/A,N/A,mid_level,"The OpportunityCandidates with experience in either Development Bogging or Remote Production Bogging are encouraged to apply.This is an exciting time to join Catalyst Metals as we continue to grow across the Plutonic Gold Belt. With multiple new mining areas coming online, we are seeking experienced Bogger Operators to join our Development and Remote Production teams. Whether your experience lies in development headings or tele-remote production stopes, you'll play a key role in delivering safe, efficient and productive underground mining outcomes.About the RoleWe take pride in the ground we work in – competent rock, a strong safety culture and a modern Sandvik fleet that sets you up for success. You’ll find a supportive team environment with real pathways for development, working in technically challenging conditions that build depth in your skills and exposure to precision underground mining.As we build toward2.2 million tonnes per annum, efficient load and haul performance is central to achieving production targets. Our Bogger Operators are critical to keeping headings clean, stopes productive and ore moving safely to surface.Operating modernSandvik LHDs equipped with RTC systems, you’ll work across development and production areas, maintaining steady material movement and supporting cycle time optimisation.This is a role for operators who understand production flow and take ownership of tonnes moved safely and efficiently.Key ResponsibilitiesOperate underground Load-Haul-"
Experienced Underground Operators for Andy Well Mine,Listed twenty two days ago,Perth WA,WA,N/A,FIFO,https://www.seek.com.au/job/92992677?type=standard&ref=search-standalone#sol=0511e2b16d11823c2491cd69853bf67944f8928e,2026-07-21 14:08:39,N/A,N/A,N/A,N/A
Underground Mining Operators - FIFO WA Gold Mines,Listed twenty nine days ago,Perth WA,WA,$65 – $98 per hour,FIFO,https://www.seek.com.au/job/92863297?type=standard&ref=search-standalone#sol=1ce9bf9555f01c02003cf2fdc352300049dc03b4,2026-07-21 14:08:39,N/A,N/A,N/A,N/A
Nippers | Paste Crew | Service Crew,Listed thirteen days ago,Perth WA,WA,N/A,Contract,https://www.seek.com.au/job/93186360?type=standard&ref=search-standalone#sol=f0ff63b498b05158aa6973808c20dc903043b4c6,2026-07-21 14:08:39,N/A,N/A,N/A,N/A
Underground Positions,Listed eight days ago,"Kalgoorlie, Kalgoorlie, Goldfields & Esperance WA",WA,N/A,Contract,https://www.seek.com.au/job/93273224?type=standard&ref=search-standalone#sol=2ff84ce88fa53fce271730846ef48c45b94d7e04,2026-07-21 14:08:39,N/A,N/A,N/A,N/A
Bogger Operator,Listed thirteen days ago,Perth WA,WA,N/A,Contract,https://www.seek.com.au/job/93185911?type=standard&ref=search-standalone#sol=2912c371fe9404071ecdb9bb28f57a2092605f9d,2026-07-21 14:08:39,N/A,N/A,N/A,N/A
Expression Of Interest - Underground Mining Positions,Listed twenty one days ago,"Kalgoorlie, Kalgoorlie, Goldfields & Esperance WA",WA,$High $ + 10% -20% Bonus + GU Health + Allowances,FIFO,https://www.seek.com.au/job/93016833?type=standard&ref=search-standalone#sol=f4fe80fea7f8d8729290ebd4fafca1a4f11bfa19,2026-07-21 14:08:39,N/A,N/A,N/A,N/A
Entry Level Underground Truck Operator - Residential Kalgoorlie,Listed fourteen hours ago,"Kalgoorlie, Kalgoorlie, Goldfields & Esperance WA",WA,N/A,N/A,https://www.seek.com.au/job/93448498?type=standard&ref=search-standalone#sol=ac539df303e756251b60f37d603217f14b473483,2026-07-21 14:08:39,drivers_license,N/A,N/A,"Position Details:Job Title:Operator - TruckLocations:Fimiston, Mount Charlotte, Kanowna Belle & South KalgoorlieEmployment Type:Full Time - Kalgoorlie residentialRoster:7/7, 12hr shiftsThe Perks:Company subsidisedGU HealthinsuranceIncome protection insurancefrom the date of commencementEmployee share plan programs- Free shares every year and opportunities to purchaseGoldSTARR Rewards and Discount Program- cash savings across hundreds of retailers including Woolworths, Coles, Ampol and more!Salary sacrificingbenefits, including novated leasing and Interstate FlightsCareer Developmentopportunities for training, mentorship, and advancement.Experience & Qualifications:Unencumbered drivers licenceClick theAPPLY NOWbutton or apply by visiting our website www.nsms.com/careers/"
Underground Mining Operators,Listed nineteen days ago,"Kalgoorlie, Kalgoorlie, Goldfields & Esperance WA",WA,N/A,N/A,https://www.seek.com.au/job/93071338?type=standard&ref=search-standalone#sol=b750db82966a6843758edc904a2f329d79fb91ca,2026-07-21 14:08:39,N/A,N/A,N/A,N/A
Underground Bogger Operator,Listed twenty one days ago,Perth WA,WA,$900 - $1k p.d. + Super on all hours,N/A,https://www.seek.com.au/job/93028679?type=standard&ref=search-standalone#sol=ef42489ff48ad74f3d5bba642464e2f5b1d5ecc4,2026-07-21 14:08:39,N/A,N/A,N/A,N/A
Underground Mining Opportunities | Multiple Roles Available,Listed nineteen days ago,"Kalgoorlie, Kalgoorlie, Goldfields & Esperance WA",WA,N/A,FIFO,https://www.seek.com.au/job/93084672?type=standard&ref=search-standalone#sol=930f88ea51872b2cf2f052a5e7c435d2d428f7c3,2026-07-21 14:08:39,N/A,N/A,N/A,N/A
Jumbo Operator,Listed one day ago,"Nullagine, Port Hedland, Karratha & Pilbara WA",WA,N/A,FIFO,https://www.seek.com.au/job/93437203?type=standard&ref=search-standalone#sol=e60ef1ceeea5769acb7c318044d8bbe3e88cd2ee,2026-07-21 14:08:39,N/A,N/A,N/A,N/A
Underground Truck Operators & Nippers,Listed twenty days ago,"Laverton, Kalgoorlie, Goldfields & Esperance WA",WA,$50 – $55 per hour,Casual,https://www.seek.com.au/job/93043467?type=standard&ref=search-standalone#sol=a1707034e6465011f6b94fb473071ff2c827f564,2026-07-21 14:08:39,N/A,N/A,N/A,N/A
Underground Supervisor,Listed thirteen days ago,Perth WA,WA,Top Tier Rates: Up to $125ph (Contract) or $235k + Bonus + Super (Perm),Contract,https://www.seek.com.au/job/93196833?type=standard&ref=search-standalone#sol=07e9b26d3d81858e4d1a877866eb99c64280ff2d,2026-07-21 14:08:39,N/A,N/A,N/A,N/A
New Entrant - Underground MPU Operator,Listed fourteen days ago,Perth WA,WA,"$127,500.00 to $143,202 base + Super + Benefits + Nightshift",FIFO,https://www.seek.com.au/job/93173498?type=standard&ref=search-standalone#sol=4ec2f3991988ba210b56930e0936d33ee6cf07a4,2026-07-21 14:08:39,N/A,N/A,N/A,N/A
2:2 / 7:7 Charge Up Operator,Listed one day ago,Perth WA,WA,N/A,Contract,https://www.seek.com.au/job/93432725?type=standard&ref=search-standalone#sol=9148b1895de4de932d6a594603e639bfa56b7335,2026-07-21 14:08:39,N/A,N/A,N/A,N/A
Underground Mining Operators,Listed twenty days ago,Perth WA,WA,N/A,N/A,https://www.seek.com.au/job/93057465?type=standard&ref=search-standalone#sol=32cdd2ef7b665c1817fc6ed500e7ba185877ddfa,2026-07-21 14:08:39,N/A,N/A,N/A,N/A
Teleremote Bogger Operator,Listed four days ago,Perth WA,WA,$950 - $1020 p.d. + Super on all hours,FIFO,https://www.seek.com.au/job/93388186?type=standard&ref=search-standalone#sol=8d6f04e4f742aed36948afe96a18e12d25f371bd,2026-07-21 14:08:39,N/A,N/A,N/A,N/A
Underground Nipper,Listed five days ago,Perth WA,WA,$45.83 ph + (Fulltime) + Super on all hours worked,N/A,https://www.seek.com.au/job/93369332?type=standard&ref=search-standalone#sol=975acdf3da20bba901e6a85d80c9bc00d156bdb5,2026-07-21 14:08:39,N/A,N/A,N/A,N/A
Civil Operator - Perth Metro & FIFO,Listed one day ago,Perth WA,WA,N/A,Contract,https://www.seek.com.au/job/93417120?type=standard&ref=search-standalone#sol=b3f9f7321219eedfe03b02258d319cd61bb6702f,2026-07-21 14:08:39,N/A,N/A,N/A,N/A
Bogger Operators - Teleremote,Listed one day ago,"Kalgoorlie, Goldfields & Esperance WA",WA,N/A,Contract,https://www.seek.com.au/job/93427351?type=standard&ref=search-standalone#sol=ce75eba63e8299a661697b1490184cb005e38fae,2026-07-21 14:08:39,N/A,N/A,N/A,N/A
