state,location,total_jobs,top_category,avg_salary,last_posted
ACT,"Acton,Canberra ACT",49,Healthcare / Aged Care,"$1,749",2026-07-07 10:06:48
ACT,"Ainslie,Canberra ACT",38,Hospitality,$30,2026-07-06 16:03:30
ACT,"Aranda,Canberra ACT",32,Hospitality,N/A,2026-07-07 10:06:48
ACT,Australian Capital Territory,4,Hospitality,N/A,2026-06-24 09:57:56
ACT,"Barton,Canberra ACT",71,Hospitality,"$5,389",2026-07-06 20:20:14
ACT,"Beard,Canberra ACT",59,Warehouse / Distribution,N/A,2026-07-05 09:15:47
ACT,"Belconnen,Canberra ACT",67,Healthcare / Aged Care,"$7,232",2026-07-07 10:06:48
ACT,"Belconnen,Canberra ACT(Hybrid)",3,Healthcare / Aged Care,$50,2026-07-05 09:29:59
ACT,"Belconnen,Canberra ACT(Remote)",16,Healthcare / Aged Care,N/A,2026-07-06 11:04:11
ACT,"Braddon,Canberra ACT",57,Hospitality,"$47,764",2026-07-06 20:24:57
ACT,"Bruce,Canberra ACT",48,Healthcare / Aged Care,"$32,324",2026-07-06 20:20:14
ACT,"Calwell,Canberra ACT",1,Retail,N/A,2026-06-22 12:33:08
ACT,"Campbell,Canberra ACT",39,Warehouse / Distribution,"$73,454",2026-07-06 20:20:14
ACT,Canberra ACT,3266,Healthcare / Aged Care,"$27,131",2026-07-07 10:17:27
ACT,Canberra ACT(Hybrid),158,Security,"$59,267",2026-07-06 20:16:26
ACT,Canberra ACT(Remote),41,Logistics / Transport,"$37,540",2026-07-06 20:24:57
ACT,"Canberra International Airport,Canberra ACT",62,Hospitality,"$40,707",2026-07-06 20:20:14
ACT,"Capital Hill,Canberra ACT(Hybrid)",1,Healthcare / Aged Care,N/A,2026-06-30 10:06:42
ACT,"Casey,Canberra ACT",1,Healthcare / Aged Care,N/A,2026-06-22 12:31:15
ACT,"Chapman,Canberra ACT",1,Healthcare / Aged Care,"$70,000",2026-06-22 12:31:15
ACT,"Charnwood,Canberra ACT",11,Retail,$32,2026-07-03 14:39:28
ACT,"Chisholm,Canberra ACT",1,Retail,N/A,2026-07-06 16:03:30
ACT,"Conder,Canberra ACT",2,Hospitality,N/A,2026-06-24 09:57:56
ACT,"Cook,Canberra ACT",12,Healthcare / Aged Care,"$29,192",2026-07-05 14:04:43
ACT,"Crace,Canberra ACT",3,Healthcare / Aged Care,"$75,000",2026-07-05 09:29:59
ACT,"Curtin,Canberra ACT",31,Hospitality,$30,2026-07-06 20:20:14
ACT,"Deakin,Canberra ACT",172,Healthcare / Aged Care,"$63,183",2026-07-07 10:17:27
ACT,"Deakin,Canberra ACT(Hybrid)",6,Healthcare / Aged Care,"$79,778",2026-06-30 10:06:42
ACT,"Dickson,Canberra ACT",14,Hospitality,$25,2026-07-06 16:03:30
ACT,"Downer,Canberra ACT",7,Hospitality,"$90,000",2026-06-28 04:33:16
ACT,"Duntroon,Canberra ACT",3,Construction,$47,2026-07-02 14:15:12
ACT,"Farrer,Canberra ACT",40,Healthcare / Aged Care,"$40,022",2026-07-07 10:06:48
ACT,"Forde,Canberra ACT",8,Healthcare / Aged Care,N/A,2026-07-06 20:21:59
ACT,"Forrest,Canberra ACT",14,Hospitality,"$4,287",2026-07-07 10:14:18
ACT,"Forrest,Canberra ACT(Hybrid)",6,Security,N/A,2026-07-06 16:09:10
ACT,"Fyshwick,Canberra ACT",813,Warehouse / Distribution,"$20,543",2026-07-07 10:14:18
ACT,"Garran,Canberra ACT",2,Healthcare / Aged Care,$72,2026-06-28 04:34:07
ACT,"Gordon,Canberra ACT",17,Healthcare / Aged Care,$38,2026-07-05 09:29:59
ACT,"Greenway,Canberra ACT",37,Warehouse / Distribution,"$70,275",2026-07-06 20:24:57
ACT,"Gungahlin,Canberra ACT",52,Hospitality,"$19,769",2026-07-07 10:17:27
ACT,"Harman,Canberra ACT",3,Construction,$29,2026-06-25 14:57:45
ACT,"Higgins,Canberra ACT",1,Healthcare / Aged Care,N/A,2026-07-05 09:29:59
ACT,"Holder,Canberra ACT",16,Construction,$30,2026-07-06 16:03:30
ACT,"Holt,Canberra ACT",1,Healthcare / Aged Care,N/A,2026-06-23 04:17:40
ACT,"Hughes,Canberra ACT(Hybrid)",3,Construction,N/A,2026-07-02 14:14:35
ACT,"Hume,Canberra ACT",303,FIFO / Mines,"$8,451",2026-07-06 20:16:26
ACT,"Hume,Canberra ACT(Hybrid)",2,Retail,N/A,2026-07-06 20:16:26
ACT,"Isabella Plains,Canberra ACT",8,Healthcare / Aged Care,N/A,2026-07-06 11:04:11
ACT,"Kaleen,Canberra ACT",2,Healthcare / Aged Care,$40,2026-07-05 14:08:44
ACT,"Kambah,Canberra ACT",16,Hospitality,$35,2026-07-06 20:20:14
ACT,"Kingston,Canberra ACT",24,Hospitality,"$50,006",2026-07-06 20:20:14
ACT,"Kippax,Canberra ACT",1,Retail,N/A,2026-06-24 09:57:56
ACT,"Latham,Canberra ACT",5,Construction,"$80,000",2026-07-06 15:47:06
ACT,"Lyneham,Canberra ACT",26,Hospitality,$38,2026-07-06 04:15:58
ACT,"Lyneham,Canberra ACT(Hybrid)",1,Healthcare / Aged Care,"$15,900",2026-06-29 16:12:53
ACT,"Macarthur,Canberra ACT",2,Warehouse / Distribution,N/A,2026-06-29 04:44:06
ACT,"Macgregor,Canberra ACT",52,Agriculture / Farms,$30,2026-07-05 19:35:00
ACT,"Macquarie,Canberra ACT",11,Healthcare / Aged Care,$27,2026-07-05 09:29:59
ACT,"Macquarie,Canberra ACT(Hybrid)",3,Security,N/A,2026-06-29 11:31:52
ACT,"Majura,Canberra ACT",20,Hospitality,$49,2026-07-06 20:20:14
ACT,"Mawson,Canberra ACT",2,Retail,$35,2026-06-23 15:34:36
ACT,"McKellar,Canberra ACT",7,Healthcare / Aged Care,$44,2026-07-06 11:04:11
ACT,"Melba,Canberra ACT",3,Cleaning / Facilities,$45,2026-06-26 15:01:33
ACT,"Mitchell,Canberra ACT",254,Warehouse / Distribution,"$14,665",2026-07-06 20:24:57
ACT,"Mitchell,Canberra ACT(Hybrid)",2,Healthcare / Aged Care,$25,2026-07-06 16:03:30
ACT,"Monash,Canberra ACT",18,Healthcare / Aged Care,$39,2026-06-30 14:42:45
ACT,"Narrabundah,Canberra ACT",64,Healthcare / Aged Care,$36,2026-07-07 10:17:27
ACT,"Ngunnawal,Canberra ACT",2,Warehouse / Distribution,$40,2026-07-06 04:07:10
ACT,"Nicholls,Canberra ACT",36,Hospitality,"$3,515",2026-07-06 20:20:14
ACT,"O'Connor,Canberra ACT",10,Cleaning / Facilities,"$65,000",2026-07-05 09:15:47
ACT,"O'Malley,Canberra ACT",4,FIFO / Mines,N/A,2026-07-06 10:52:21
ACT,"Page,Canberra ACT",17,Cleaning / Facilities,N/A,2026-07-07 10:06:48
ACT,"Palmerston,Canberra ACT",19,Hospitality,"$75,000",2026-07-05 19:51:50
ACT,"Parkes,Canberra ACT",15,Hospitality,$27,2026-07-06 16:03:30
ACT,"Pearce,Canberra ACT",9,Healthcare / Aged Care,$45,2026-07-07 10:06:48
ACT,"Phillip,Canberra ACT",23,Healthcare / Aged Care,"$71,266",2026-07-06 20:24:57
ACT,"Pialligo,Canberra ACT",8,Healthcare / Aged Care,"$54,012",2026-06-30 20:05:49
ACT,"Red Hill,Canberra ACT",2,Hospitality,"$77,000",2026-07-05 09:27:50
ACT,"Richardson,Canberra ACT",1,Healthcare / Aged Care,"$76,000",2026-07-07 10:06:48
ACT,"Stromlo,Canberra ACT",2,Hospitality,"$90,000",2026-06-23 15:27:26
ACT,"Symonston,Canberra ACT",35,Cleaning / Facilities,$30,2026-07-06 16:10:15
ACT,"Symonston,Canberra ACT(Hybrid)",2,Warehouse / Distribution,N/A,2026-07-06 04:25:44
ACT,"Taylor,Canberra ACT",1,Cleaning / Facilities,N/A,2026-06-23 15:37:48
ACT,"Tuggeranong,Canberra ACT",50,Warehouse / Distribution,"$25,948",2026-07-06 20:24:57
ACT,"Wanniassa,Canberra ACT",8,Healthcare / Aged Care,"$75,000",2026-07-03 14:39:28
ACT,"Watson,Canberra ACT",9,Healthcare / Aged Care,"$85,000",2026-06-27 19:51:55
ACT,"Weston Creek,Canberra ACT",10,Hospitality,"$75,000",2026-07-06 04:15:58
ACT,"Weston,Canberra ACT",5,Retail,"$52,006",2026-07-05 14:07:52
ACT,"Woden,Canberra ACT",73,Healthcare / Aged Care,"$13,663",2026-07-07 10:06:48
ACT,"Wright,Canberra ACT",18,Healthcare / Aged Care,N/A,2026-07-07 10:06:48
ACT,"Yarralumla,Canberra ACT",56,Cleaning / Facilities,"$60,456",2026-07-07 10:17:27
ACT,atACT Cabs,1,Logistics / Transport,N/A,2026-06-26 14:45:51
ACT,atACT Day Hospital,4,Healthcare / Aged Care,N/A,2026-07-05 19:51:50
ACT,atACT Decks,6,Construction,"$120,000",2026-07-02 14:14:35
ACT,atACT JEWISH COMMUNITY,6,Healthcare / Aged Care,$44,2026-07-05 14:07:52
ACT,atACT Mobile Locksmith,4,Retail,$32,2026-06-30 20:28:02
ACT,atACT Property Inspections,9,Construction,N/A,2026-07-05 09:15:47
ACT,atACT Stainless Steel & Catering Equipment Pty Ltd,23,Construction,N/A,2026-07-06 04:07:10
ACT,"atAnglicare NSW South, NSW West & ACT",11,Hospitality,$29,2026-07-05 19:51:50
ACT,atBaxter Engineering (ACT) Pty Ltd,1,Construction,$40,2026-06-22 12:16:28
ACT,atClicks IT Recruitment (ACT),3,Security,N/A,2026-07-06 16:09:10
ACT,atExpress Employment Professionals Canberra ACT North,6,Hospitality,$75,2026-07-03 19:59:52
ACT,atIVES FAMILY PRACTICE,1,Healthcare / Aged Care,$30,2026-06-29 04:42:48
ACT,atNo Limit Group (ACT) Pty Ltd,1,Construction,N/A,2026-07-03 09:30:08
ACT,atPROACT Solutions Pty Limited,7,Construction,"$70,000",2026-07-06 15:47:06
ACT,atRSPCA (ACT) Inc,7,Retail,$24,2026-07-01 04:46:04
ACT,atRight at Home ACT & Queanbeyan,16,Healthcare / Aged Care,"$8,785",2026-07-07 10:06:48
ACT,atRight at Home ACT Canberra,11,Healthcare / Aged Care,"$83,000",2026-07-07 10:06:48
ACT,atShepherd Electrical (ACT) Pty Ltd,1,Construction,$57,2026-07-06 10:49:41
ACT,atSouthern Cross Care (NSW & ACT),7,Healthcare / Aged Care,$39,2026-07-06 20:21:59
ACT,atTR Civils (ACT) Pty Ltd,26,FIFO / Mines,N/A,2026-07-05 19:29:43
ACT,atUniting NSW & ACT,38,Cleaning / Facilities,"$18,400",2026-07-07 10:17:27
ACT,atWorkSafe ACT,2,Security,"$95,722",2026-06-27 04:20:42
NSW,"Adaminaby,Tumut, Snowy & Monaro NSW",2,FIFO / Mines,$45,2026-06-30 20:08:41
NSW,"Adamstown,Newcastle, Maitland & Hunter NSW",2,Cleaning / Facilities,N/A,2026-07-07 10:15:38
NSW,"Albion Park Rail,Wollongong, Illawarra & South Coast NSW",7,FIFO / Mines,"$21,450",2026-07-06 04:15:23
NSW,"Albion Park,Wollongong, Illawarra & South Coast NSW",6,Cleaning / Facilities,$36,2026-06-30 14:56:19
NSW,Albury Area NSW,1,Warehouse / Distribution,N/A,2026-07-06 04:24:27
NSW,"Albury,Albury Area NSW",75,Healthcare / Aged Care,"$14,871",2026-07-07 10:15:24
NSW,"Albury,Albury Area NSW(Hybrid)",2,Security,N/A,2026-06-28 04:42:48
NSW,"Albury,Albury Area NSW(Remote)",1,Healthcare / Aged Care,N/A,2026-07-03 14:36:50
NSW,"Alexandria,Sydney NSW",34,Security,"$32,935",2026-07-07 10:13:45
NSW,"Alexandria,Sydney NSW(Hybrid)",3,Retail,N/A,2026-07-06 16:02:52
NSW,"Alexandria,Sydney NSW(Remote)",4,Healthcare / Aged Care,$35,2026-06-30 14:44:44
NSW,"Alstonville,Lismore & Far North Coast NSW",3,Construction,N/A,2026-07-06 15:45:23
NSW,"Ambarvale,Sydney NSW",1,Hospitality,$39,2026-06-29 04:39:14
NSW,"Annandale,Sydney NSW",1,Hospitality,N/A,2026-06-22 08:09:17
NSW,"Annangrove,Sydney NSW",1,Hospitality,$35,2026-07-06 11:01:22
NSW,"Armidale,Tamworth & North West NSW",30,FIFO / Mines,"$16,528",2026-07-07 10:11:40
NSW,"Armidale,Tamworth & North West NSW(Hybrid)",2,Cleaning / Facilities,"$108,819",2026-06-29 20:31:50
NSW,"Arndell Park,Sydney NSW",40,Warehouse / Distribution,"$21,274",2026-07-06 20:26:43
NSW,"Arrawarra,Coffs Harbour & North Coast NSW",1,Cleaning / Facilities,N/A,2026-06-24 15:08:49
NSW,"Artarmon,Sydney NSW",4,Security,$34,2026-07-06 11:01:22
NSW,"Ashfield,Sydney NSW",1,Healthcare / Aged Care,N/A,2026-07-02 14:29:17
NSW,"Ashfield,Sydney NSW(Hybrid)",1,Healthcare / Aged Care,N/A,2026-06-22 08:12:06
NSW,"Auburn,Sydney NSW",23,Warehouse / Distribution,"$18,852",2026-07-06 16:07:24
NSW,"Avoca Beach,Gosford & Central Coast NSW",2,Hospitality,$30,2026-06-28 09:30:35
NSW,"Backmede,Lismore & Far North Coast NSW",2,Agriculture / Farms,$32,2026-06-25 14:53:37
NSW,"Badgerys Creek,Sydney NSW",7,Security,$25,2026-06-30 14:56:19
NSW,"Balgowlah,Sydney NSW",4,Security,$40,2026-07-03 14:36:50
NSW,"Balldale,Wagga Wagga & Riverina NSW",1,Agriculture / Farms,N/A,2026-07-05 09:20:57
NSW,"Ballina,Lismore & Far North Coast NSW",20,Healthcare / Aged Care,$35,2026-07-07 10:15:24
NSW,"Ballina,Lismore & Far North Coast NSW(Remote)",2,Healthcare / Aged Care,$43,2026-06-30 14:46:14
NSW,"Balmain,Sydney NSW",1,Hospitality,$32,2026-06-25 20:20:07
NSW,"Balranald,Wagga Wagga & Riverina NSW",28,FIFO / Mines,$38,2026-07-05 19:31:07
NSW,"Banksmeadow,Sydney NSW",24,Warehouse / Distribution,"$48,007",2026-07-06 16:02:52
NSW,"Banksmeadow,Sydney NSW(Hybrid)",1,Warehouse / Distribution,N/A,2026-07-06 20:26:57
NSW,"Bankstown,Sydney NSW",26,Retail,"$15,036",2026-07-07 10:13:45
NSW,"Bankstown,Sydney NSW(Remote)",2,Healthcare / Aged Care,"$60,000",2026-06-28 14:15:53
NSW,"Banora Point,Lismore & Far North Coast NSW",9,Healthcare / Aged Care,"$2,018",2026-07-07 10:15:38
NSW,"Barangaroo,Sydney NSW",29,Hospitality,"$15,425",2026-07-07 10:15:24
NSW,"Barden Ridge,Sydney NSW",4,Hospitality,N/A,2026-07-06 20:18:17
NSW,"Bardwell Park,Sydney NSW",1,Security,N/A,2026-06-29 11:32:31
NSW,"Bargo,Sydney NSW",10,Agriculture / Farms,$30,2026-07-05 09:20:57
NSW,"Barham,Albury Area NSW",1,Hospitality,"$80,000",2026-06-23 15:27:16
NSW,"Barooga,Wagga Wagga & Riverina NSW",9,Agriculture / Farms,"$97,432",2026-07-05 13:58:33
NSW,"Barrack Heights,Wollongong, Illawarra & South Coast NSW",2,Hospitality,N/A,2026-07-06 04:15:23
NSW,"Bateau Bay,Gosford & Central Coast NSW",4,Hospitality,$33,2026-06-30 14:46:14
NSW,"Batehaven,Wollongong, Illawarra & South Coast NSW",3,Healthcare / Aged Care,$36,2026-07-05 14:07:25
NSW,"Batemans Bay,Wollongong, Illawarra & South Coast NSW",9,Healthcare / Aged Care,"$9,121",2026-06-29 16:13:09
NSW,"Bathurst,Blue Mountains & Central West NSW",30,Hospitality,"$20,178",2026-07-07 10:15:38
NSW,"Baulkham Hills,Sydney NSW",4,Healthcare / Aged Care,"$26,028",2026-06-26 20:13:17
NSW,"Baulkham Hills,Sydney NSW(Hybrid)",5,Cleaning / Facilities,$38,2026-06-29 11:35:23
NSW,"Bawley Point,Wollongong, Illawarra & South Coast NSW",1,Cleaning / Facilities,N/A,2026-07-07 10:15:24
NSW,"Beaconsfield,Sydney NSW",1,Logistics / Transport,$65,2026-07-07 10:00:24
NSW,"Beckom,Wagga Wagga & Riverina NSW",13,Agriculture / Farms,$30,2026-07-04 13:51:38
NSW,"Bega,Wollongong, Illawarra & South Coast NSW",25,Healthcare / Aged Care,"$23,790",2026-07-05 09:20:57
NSW,"Bella Vista,Sydney NSW",29,Healthcare / Aged Care,"$7,884",2026-07-07 10:13:45
NSW,"Bella Vista,Sydney NSW(Hybrid)",1,Retail,$37,2026-06-27 04:14:59
NSW,"Bellata,Tamworth & North West NSW",6,Agriculture / Farms,N/A,2026-07-05 13:58:33
NSW,"Bellbird Heights,Newcastle, Maitland & Hunter NSW",3,Healthcare / Aged Care,$38,2026-06-28 14:15:53
NSW,"Bellevue Hill,Sydney NSW",13,Cleaning / Facilities,$35,2026-06-29 11:35:23
NSW,"Belmont,Newcastle, Maitland & Hunter NSW",2,Healthcare / Aged Care,$32,2026-07-02 14:24:22
NSW,"Belmore,Sydney NSW",1,Healthcare / Aged Care,"$15,900",2026-06-24 14:58:56
NSW,"Belrose,Sydney NSW",16,Security,$38,2026-07-07 10:11:40
NSW,"Bendick Murrell,Southern Highlands & Tablelands NSW",4,Agriculture / Farms,N/A,2026-06-30 14:37:13
NSW,"Bennetts Green,Newcastle, Maitland & Hunter NSW",2,Retail,$33,2026-06-29 04:45:01
NSW,"Beresfield,Newcastle, Maitland & Hunter NSW",21,Logistics / Transport,"$34,185",2026-07-05 19:25:49
NSW,"Berkeley Vale,Gosford & Central Coast NSW",6,Warehouse / Distribution,N/A,2026-07-06 20:09:34
NSW,"Berkeley,Wollongong, Illawarra & South Coast NSW",2,Logistics / Transport,$25,2026-07-05 14:11:15
NSW,"Bermagui,Wollongong, Illawarra & South Coast NSW",1,Cleaning / Facilities,$33,2026-06-30 14:55:29
NSW,"Berry Park,Newcastle, Maitland & Hunter NSW",1,Construction,$40,2026-07-06 15:45:23
NSW,"Berry,Wollongong, Illawarra & South Coast NSW",1,Construction,$40,2026-06-30 09:52:27
NSW,"Beverly Hills,Sydney NSW",2,Hospitality,N/A,2026-06-28 04:32:54
NSW,"Bexley,Sydney NSW",1,Retail,N/A,2026-06-26 09:55:50
NSW,"Billinudgel,Lismore & Far North Coast NSW",2,Construction,"$80,000",2026-07-06 15:45:23
NSW,"Blackheath,Blue Mountains & Central West NSW",3,Hospitality,N/A,2026-06-29 16:08:26
NSW,"Blacktown,Sydney NSW",63,Construction,"$20,734",2026-07-07 10:15:38
NSW,"Blacktown,Sydney NSW(Hybrid)",1,Healthcare / Aged Care,$35,2026-06-26 09:51:35
NSW,"Blayney,Blue Mountains & Central West NSW",2,Hospitality,N/A,2026-07-06 20:18:17
NSW,Blue Mountains & Central West NSW,1,Hospitality,N/A,2026-06-28 04:32:54
NSW,"Bogan Gate,Dubbo & Central NSW",1,FIFO / Mines,$33,2026-06-28 14:04:42
NSW,"Boggabri,Tamworth & North West NSW",7,Security,"$200,706",2026-07-05 09:35:50
NSW,"Bomaderry,Wollongong, Illawarra & South Coast NSW",4,Construction,$46,2026-06-30 09:51:48
NSW,"Bondi Beach,Sydney NSW",4,Retail,$30,2026-07-06 20:18:17
NSW,"Bondi Junction,Sydney NSW",21,Retail,$27,2026-07-06 11:07:44
NSW,"Bondi,Sydney NSW",21,Cleaning / Facilities,$25,2026-07-07 10:15:38
NSW,"Bonny Hills,Port Macquarie & Mid North Coast NSW",2,Hospitality,"$80,000",2026-06-29 11:21:04
NSW,"Boolaroo,Newcastle, Maitland & Hunter NSW",7,Agriculture / Farms,N/A,2026-07-07 10:15:38
NSW,"Booragul,Newcastle, Maitland & Hunter NSW",1,Hospitality,N/A,2026-06-25 14:58:30
NSW,"Booyong,Lismore & Far North Coast NSW",14,Agriculture / Farms,N/A,2026-07-04 13:51:38
NSW,"Bossley Park,Sydney NSW(Hybrid)",1,Healthcare / Aged Care,N/A,2026-06-29 11:24:32
NSW,"Botany,Sydney NSW",36,Agriculture / Farms,"$13,361",2026-07-07 10:15:24
NSW,"Bourke,Far West & North Central NSW",1,Hospitality,$33,2026-06-29 11:21:04
NSW,"Bowral,Southern Highlands & Tablelands NSW",12,Healthcare / Aged Care,"$8,777",2026-07-05 19:42:30
NSW,"Braemar,Southern Highlands & Tablelands NSW",4,FIFO / Mines,"$130,000",2026-07-06 20:09:34
NSW,"Braidwood,Southern Highlands & Tablelands NSW",7,FIFO / Mines,N/A,2026-07-06 04:24:27
NSW,"Brayton,Southern Highlands & Tablelands NSW",13,Agriculture / Farms,"$57,307",2026-07-04 13:51:38
NSW,"Bringelly,Sydney NSW",10,Agriculture / Farms,$37,2026-07-07 10:00:24
NSW,"Broadmeadow,Newcastle, Maitland & Hunter NSW",4,Healthcare / Aged Care,"$50,977",2026-07-04 14:08:01
NSW,"Broke,Newcastle, Maitland & Hunter NSW",3,Hospitality,"$80,000",2026-06-29 11:21:04
NSW,"Broken Hill,Far West & North Central NSW",34,FIFO / Mines,"$57,165",2026-07-06 20:09:34
NSW,"Bronte,Sydney NSW",3,Healthcare / Aged Care,$45,2026-07-04 19:37:12
NSW,"Brooklyn,Sydney NSW",1,Cleaning / Facilities,$32,2026-07-02 14:39:05
NSW,"Brookvale,Sydney NSW",15,Warehouse / Distribution,"$35,132",2026-07-06 15:45:23
NSW,"Broulee,Wollongong, Illawarra & South Coast NSW",5,Hospitality,"$70,000",2026-07-06 04:15:23
NSW,"Bucca,Coffs Harbour & North Coast NSW",1,Agriculture / Farms,"$75,000",2026-06-29 11:18:37
NSW,"Buchanan,Newcastle, Maitland & Hunter NSW",6,Cleaning / Facilities,$30,2026-06-30 04:32:45
NSW,"Buff Point,Gosford & Central Coast NSW",1,Security,N/A,2026-07-01 04:43:52
NSW,"Bulahdelah,Newcastle, Maitland & Hunter NSW",2,Agriculture / Farms,"$85,000",2026-06-25 14:53:37
NSW,"Bulli,Wollongong, Illawarra & South Coast NSW",1,Retail,N/A,2026-06-26 09:56:16
NSW,"Bundanoon,Southern Highlands & Tablelands NSW",4,Agriculture / Farms,N/A,2026-06-30 20:12:57
NSW,"Bungendore,Southern Highlands & Tablelands NSW",2,Security,$36,2026-07-05 09:35:50
NSW,"Burraboi,Albury Area NSW",2,Agriculture / Farms,N/A,2026-07-05 13:58:33
NSW,"Burradoo,Southern Highlands & Tablelands NSW",1,Logistics / Transport,$31,2026-07-02 14:24:22
NSW,"Burraneer,Sydney NSW",1,Hospitality,"$80,000",2026-06-23 15:27:16
NSW,"Burwood,Sydney NSW",8,Hospitality,"$31,020",2026-07-06 11:02:30
NSW,"Burwood,Sydney NSW(Hybrid)",2,Healthcare / Aged Care,$46,2026-07-03 14:36:50
NSW,"Buttaba,Newcastle, Maitland & Hunter NSW",1,Healthcare / Aged Care,$43,2026-06-30 14:46:14
NSW,"Byron Bay,Lismore & Far North Coast NSW",33,Warehouse / Distribution,"$8,030",2026-07-07 10:15:24
NSW,"Cabarita Beach,Lismore & Far North Coast NSW",1,Hospitality,N/A,2026-06-24 14:54:25
NSW,"Cabramatta,Sydney NSW",3,Retail,$35,2026-06-30 10:09:48
NSW,"Camden,Sydney NSW",6,Security,$33,2026-07-05 09:26:59
NSW,"Camellia,Sydney NSW",1,Warehouse / Distribution,N/A,2026-06-29 04:46:58
NSW,"Cameron Park,Newcastle, Maitland & Hunter NSW",1,Warehouse / Distribution,N/A,2026-07-07 10:11:40
NSW,"Cammeray,Sydney NSW",3,Security,N/A,2026-06-29 11:32:31
NSW,"Campbelltown,Sydney NSW",46,Security,"$33,732",2026-07-07 10:15:38
NSW,"Camperdown,Sydney NSW",8,Healthcare / Aged Care,"$5,323",2026-07-06 16:06:17
NSW,"Camperdown,Sydney NSW(Hybrid)",3,Healthcare / Aged Care,$33,2026-07-06 11:05:20
NSW,"Caniaba,Lismore & Far North Coast NSW",9,Agriculture / Farms,N/A,2026-07-02 14:20:48
NSW,"Canley Vale,Sydney NSW",2,Construction,N/A,2026-07-06 15:45:23
NSW,"Canowindra,Blue Mountains & Central West NSW",4,Agriculture / Farms,"$37,528",2026-07-05 13:58:33
NSW,"Cardiff,Newcastle, Maitland & Hunter NSW",9,Hospitality,$30,2026-07-06 04:24:27
NSW,"Carinda,Far West & North Central NSW",1,Hospitality,"$75,000",2026-07-06 04:15:23
NSW,"Caringbah South,Sydney NSW",1,Healthcare / Aged Care,N/A,2026-06-22 08:13:50
NSW,"Caringbah,Sydney NSW",21,Warehouse / Distribution,$30,2026-07-07 10:13:45
NSW,"Carlingford,Sydney NSW",10,Cleaning / Facilities,$29,2026-07-07 10:15:24
NSW,"Carlton,Sydney NSW",2,Construction,$45,2026-07-06 15:45:23
NSW,"Carrathool,Wagga Wagga & Riverina NSW",2,Agriculture / Farms,"$90,000",2026-07-05 09:20:57
NSW,"Carrington,Newcastle, Maitland & Hunter NSW",4,Warehouse / Distribution,$36,2026-07-02 14:23:01
NSW,"Carroll,Tamworth & North West NSW",5,Agriculture / Farms,"$75,000",2026-06-29 16:02:53
NSW,"Casino,Lismore & Far North Coast NSW",7,Retail,N/A,2026-07-07 10:13:45
NSW,"Castle Hill,Sydney NSW",27,Warehouse / Distribution,"$36,171",2026-07-07 10:15:24
NSW,"Castlecrag,Sydney NSW",3,Healthcare / Aged Care,N/A,2026-06-22 12:30:52
NSW,"Casula,Sydney NSW",3,Warehouse / Distribution,N/A,2026-07-07 10:11:40
NSW,"Catherine Field,Sydney NSW",2,Logistics / Transport,$40,2026-07-05 09:16:47
NSW,"Cattai,Richmond & Hawkesbury NSW",1,Construction,N/A,2026-06-25 14:46:43
NSW,"Cecil Park,Sydney NSW",1,Construction,$30,2026-06-30 09:52:27
NSW,"Central Mangrove,Gosford & Central Coast NSW",2,Agriculture / Farms,N/A,2026-07-05 09:20:57
NSW,"Cessnock,Newcastle, Maitland & Hunter NSW",8,Healthcare / Aged Care,$35,2026-07-03 04:00:58
NSW,"Charlestown,Newcastle, Maitland & Hunter NSW",21,Healthcare / Aged Care,N/A,2026-07-02 14:29:17
NSW,"Charmhaven,Gosford & Central Coast NSW",4,Construction,N/A,2026-07-03 19:37:40
NSW,"Chatswood,Sydney NSW",32,Retail,"$37,242",2026-07-06 16:02:52
NSW,"Cherrybrook,Sydney NSW",1,Retail,$28,2026-06-29 04:45:26
NSW,"Chester Hill,Sydney NSW",1,Healthcare / Aged Care,$40,2026-07-04 19:37:12
NSW,"Chinderah,Lismore & Far North Coast NSW",1,Construction,N/A,2026-06-30 09:51:19
NSW,"Chippendale,Sydney NSW",4,Hospitality,$10,2026-07-07 10:15:38
NSW,"Chipping Norton,Sydney NSW",12,Warehouse / Distribution,"$26,008",2026-07-06 20:26:43
NSW,"Chisholm,Newcastle, Maitland & Hunter NSW",7,Cleaning / Facilities,$34,2026-07-07 10:15:24
NSW,"Chullora,Sydney NSW",34,Warehouse / Distribution,"$20,650",2026-07-06 20:26:43
NSW,"Chullora,Sydney NSW(Hybrid)",2,Security,N/A,2026-06-28 04:42:48
NSW,"Clarence,Blue Mountains & Central West NSW",1,Retail,$50,2026-06-26 14:54:01
NSW,"Clovelly,Sydney NSW",2,Construction,$55,2026-07-06 15:45:23
NSW,"Clyde,Sydney NSW",4,Warehouse / Distribution,$42,2026-07-03 14:25:29
NSW,"Clyde,Sydney NSW(Remote)",1,Warehouse / Distribution,N/A,2026-06-29 04:46:45
NSW,"Cobar,Dubbo & Central NSW",63,FIFO / Mines,"$3,681",2026-07-06 04:24:27
NSW,"Cobbitty,Sydney NSW",3,Agriculture / Farms,$41,2026-07-05 13:58:33
NSW,Coffs Harbour & North Coast NSW,3,Agriculture / Farms,N/A,2026-06-29 16:03:08
NSW,"Coffs Harbour Jetty,Coffs Harbour & North Coast NSW",2,Hospitality,$36,2026-06-28 04:32:54
NSW,"Coffs Harbour,Coffs Harbour & North Coast NSW",42,Healthcare / Aged Care,"$50,501",2026-07-07 10:15:38
NSW,"Coffs Harbour,Coffs Harbour & North Coast NSW(Hybrid)",3,Healthcare / Aged Care,$50,2026-06-29 11:24:32
NSW,"Collaroy,Sydney NSW",15,Retail,$41,2026-07-06 16:02:52
NSW,"Colo,Richmond & Hawkesbury NSW(Hybrid)",1,Agriculture / Farms,N/A,2026-07-05 09:20:57
NSW,"Como,Sydney NSW",1,Hospitality,"$80,000",2026-06-24 09:51:56
NSW,"Concord,Sydney NSW",4,Hospitality,"$40,016",2026-06-29 04:46:58
NSW,"Condell Park,Sydney NSW",15,Warehouse / Distribution,"$70,000",2026-07-07 10:15:38
NSW,"Condobolin,Dubbo & Central NSW",6,Agriculture / Farms,N/A,2026-07-04 13:51:38
NSW,"Condong,Lismore & Far North Coast NSW",3,Retail,$33,2026-07-06 20:24:30
NSW,"Coogee,Sydney NSW",4,Hospitality,N/A,2026-06-29 04:39:40
NSW,"Coolamon,Wagga Wagga & Riverina NSW",2,Construction,$33,2026-06-26 20:10:02
NSW,"Cooma,Tumut, Snowy & Monaro NSW",16,Construction,"$40,023",2026-07-03 09:28:40
NSW,"Coonabarabran,Dubbo & Central NSW",1,Agriculture / Farms,N/A,2026-06-22 12:21:35
NSW,"Coonamble,Dubbo & Central NSW",10,Agriculture / Farms,N/A,2026-07-06 04:24:27
NSW,"Cooranbong,Newcastle, Maitland & Hunter NSW",1,Hospitality,$30,2026-06-29 04:39:14
NSW,"Cootamundra,Wagga Wagga & Riverina NSW",7,Retail,$37,2026-07-06 20:24:30
NSW,"Corindi Beach,Coffs Harbour & North Coast NSW",1,Agriculture / Farms,N/A,2026-06-23 04:07:52
NSW,"Corowa,Wagga Wagga & Riverina NSW",8,Agriculture / Farms,$34,2026-07-05 13:58:33
NSW,"Corrimal,Wollongong, Illawarra & South Coast NSW",1,Retail,N/A,2026-07-06 11:07:31
NSW,"Cowra,Blue Mountains & Central West NSW",26,Agriculture / Farms,"$12,021",2026-07-06 04:15:23
NSW,"Crabbes Creek,Lismore & Far North Coast NSW",2,Agriculture / Farms,$26,2026-06-27 14:01:25
NSW,"Cranebrook,Sydney NSW",8,Construction,$35,2026-07-05 19:25:49
NSW,"Cremorne,Sydney NSW",3,Healthcare / Aged Care,N/A,2026-06-29 11:24:32
NSW,"Cromer,Sydney NSW",2,Construction,$40,2026-07-06 15:55:16
NSW,"Cronulla,Sydney NSW",7,Cleaning / Facilities,$32,2026-07-05 09:26:59
NSW,"Croppa Creek,Tamworth & North West NSW",2,Agriculture / Farms,N/A,2026-07-05 13:58:33
NSW,"Crows Nest,Sydney NSW",6,Hospitality,"$68,666",2026-07-06 20:18:17
NSW,"Croydon Park,Sydney NSW",2,Hospitality,$35,2026-06-23 04:13:41
NSW,"Cudal,Blue Mountains & Central West NSW",4,Agriculture / Farms,N/A,2026-06-30 14:37:13
NSW,"Dapto,Wollongong, Illawarra & South Coast NSW",9,Healthcare / Aged Care,$35,2026-07-05 19:42:30
NSW,"Darlinghurst,Sydney NSW",20,Hospitality,"$13,893",2026-07-05 14:08:06
NSW,"Darlinghurst,Sydney NSW(Hybrid)",2,Healthcare / Aged Care,N/A,2026-06-30 10:06:45
NSW,"Dawes Point,Sydney NSW",1,Hospitality,N/A,2026-06-29 04:39:40
NSW,"Dee Why,Sydney NSW",4,Healthcare / Aged Care,$51,2026-07-06 15:45:23
NSW,"Denham Court,Sydney NSW",2,Cleaning / Facilities,"$7,969",2026-06-29 11:35:23
NSW,"Deniliquin,Wagga Wagga & Riverina NSW",14,Agriculture / Farms,"$49,009",2026-07-04 13:51:38
NSW,"Denman,Newcastle, Maitland & Hunter NSW",3,FIFO / Mines,$130,2026-07-03 14:44:58
NSW,"Dorrigo,Coffs Harbour & North Coast NSW",3,Healthcare / Aged Care,"$21,688",2026-07-04 13:56:31
NSW,"Double Bay,Sydney NSW",12,Hospitality,$31,2026-07-06 20:18:17
NSW,"Double Bay,Sydney NSW(Hybrid)",1,Retail,"$80,080",2026-06-27 04:14:59
NSW,"Drummoyne,Sydney NSW",9,Retail,"$80,000",2026-07-06 16:02:52
NSW,Dubbo & Central NSW,2,FIFO / Mines,$90,2026-06-28 14:03:23
NSW,"Dubbo,Dubbo & Central NSW",173,FIFO / Mines,"$9,627",2026-07-06 20:09:34
NSW,"Dubbo,Dubbo & Central NSW(Hybrid)",1,Healthcare / Aged Care,N/A,2026-06-22 12:29:09
NSW,"Dulwich Hill,Sydney NSW",4,Healthcare / Aged Care,N/A,2026-06-26 20:14:23
NSW,"Dundas,Sydney NSW",3,Security,N/A,2026-06-29 11:32:31
NSW,"Dungarubba,Lismore & Far North Coast NSW",3,Agriculture / Farms,"$66,666",2026-06-30 20:12:57
NSW,"Dungog,Newcastle, Maitland & Hunter NSW",5,Healthcare / Aged Care,$33,2026-07-03 04:00:58
NSW,"Dural,Sydney NSW",8,Agriculture / Farms,$33,2026-06-30 14:37:13
NSW,"Eagle Vale,Sydney NSW",1,Retail,N/A,2026-06-29 04:45:26
NSW,"East Lismore,Lismore & Far North Coast NSW",3,Healthcare / Aged Care,$40,2026-06-26 20:13:17
NSW,"East Maitland,Newcastle, Maitland & Hunter NSW",8,Hospitality,"$18,776",2026-07-06 15:45:23
NSW,"East Wagga Wagga,Wagga Wagga & Riverina NSW",2,Cleaning / Facilities,$38,2026-07-02 14:39:05
NSW,"Eastern Creek,Sydney NSW",88,Warehouse / Distribution,"$2,400",2026-07-07 10:15:38
NSW,"Eastern Creek,Sydney NSW(Hybrid)",7,Healthcare / Aged Care,"$100,000",2026-07-05 09:16:47
NSW,"Eastgardens,Sydney NSW",10,Security,N/A,2026-06-28 09:42:43
NSW,"Eden,Wollongong, Illawarra & South Coast NSW",2,Hospitality,"$40,016",2026-06-29 11:35:23
NSW,"Edmondson Park,Sydney NSW",1,Security,$30,2026-07-04 14:08:01
NSW,"Eleebana,Newcastle, Maitland & Hunter NSW",2,Construction,$40,2026-07-06 15:45:23
NSW,"Elermore Vale,Newcastle, Maitland & Hunter NSW",2,Construction,N/A,2026-07-03 09:28:40
NSW,"Emu Plains,Sydney NSW",10,Security,$27,2026-07-03 09:28:40
NSW,"Enfield,Sydney NSW",4,Warehouse / Distribution,N/A,2026-07-04 03:47:37
NSW,"Enfield,Sydney NSW(Hybrid)",1,Retail,$38,2026-07-06 20:24:30
NSW,"Engadine,Sydney NSW",1,Healthcare / Aged Care,N/A,2026-06-24 14:58:56
NSW,"Eraring,Newcastle, Maitland & Hunter NSW",2,Logistics / Transport,$40,2026-07-04 03:47:37
NSW,"Erina,Gosford & Central Coast NSW",20,Hospitality,"$52,005",2026-07-06 04:15:23
NSW,"Erina,Gosford & Central Coast NSW(Hybrid)",2,Security,$27,2026-06-28 04:41:09
NSW,"Ermington,Sydney NSW",1,Hospitality,"$77,000",2026-07-04 13:56:31
NSW,"Erskine Park,Sydney NSW",52,Logistics / Transport,"$4,448",2026-07-07 10:11:40
NSW,"Erskine Park,Sydney NSW(Hybrid)",1,Logistics / Transport,N/A,2026-07-02 14:24:22
NSW,"Erskineville,Sydney NSW",4,Hospitality,"$76,000",2026-07-06 04:15:23
NSW,"Ettamogah,Albury Area NSW",1,Retail,N/A,2026-07-06 20:24:30
NSW,"Eveleigh,Sydney NSW",1,Cleaning / Facilities,N/A,2026-06-23 15:38:44
NSW,"Exeter,Southern Highlands & Tablelands NSW",2,Hospitality,$32,2026-06-29 04:39:14
NSW,"Fairfield East,Sydney NSW",8,Logistics / Transport,$33,2026-07-06 20:26:43
NSW,"Fairfield,Sydney NSW",9,Cleaning / Facilities,"$48,005",2026-07-05 09:18:06
NSW,"Figtree,Wollongong, Illawarra & South Coast NSW",1,Hospitality,N/A,2026-06-28 04:32:54
NSW,"Finley,Wagga Wagga & Riverina NSW",12,Agriculture / Farms,"$75,000",2026-07-04 13:51:38
NSW,"Finley,Wagga Wagga & Riverina NSW(Remote)",2,Logistics / Transport,N/A,2026-07-06 15:55:16
NSW,"Forbes,Dubbo & Central NSW",25,Agriculture / Farms,"$10,937",2026-07-05 09:26:59
NSW,"Forster,Newcastle, Maitland & Hunter NSW",13,Healthcare / Aged Care,"$3,216",2026-07-03 09:42:36
NSW,"Freemans Reach,Richmond & Hawkesbury NSW",4,Healthcare / Aged Care,N/A,2026-07-04 13:51:38
NSW,"Freemantle,Blue Mountains & Central West NSW(Hybrid)",4,Cleaning / Facilities,$35,2026-06-27 04:23:10
NSW,"Frenchs Forest,Sydney NSW",10,Healthcare / Aged Care,"$18,778",2026-07-05 14:07:25
NSW,"Freshwater,Sydney NSW",9,Warehouse / Distribution,N/A,2026-06-30 10:09:48
NSW,"Fullerton Cove,Newcastle, Maitland & Hunter NSW",2,Construction,$38,2026-07-02 14:24:22
NSW,"Garah,Tamworth & North West NSW",9,Agriculture / Farms,$26,2026-07-05 13:58:33
NSW,"Garden Island,Sydney NSW",1,FIFO / Mines,N/A,2026-07-06 20:09:34
NSW,"Gateshead,Newcastle, Maitland & Hunter NSW",16,Healthcare / Aged Care,"$72,516",2026-07-07 10:15:38
NSW,"Georges Hall,Sydney NSW",8,Healthcare / Aged Care,$35,2026-07-05 19:42:30
NSW,"Gilgandra,Dubbo & Central NSW",2,Construction,N/A,2026-06-25 14:47:32
NSW,"Girraween,Sydney NSW",3,Warehouse / Distribution,N/A,2026-06-29 20:16:46
NSW,"Gladesville,Sydney NSW",1,Hospitality,N/A,2026-06-25 20:22:30
NSW,"Glebe,Sydney NSW",5,Healthcare / Aged Care,$40,2026-07-07 10:00:24
NSW,"Glendale,Newcastle, Maitland & Hunter NSW",6,Cleaning / Facilities,N/A,2026-06-30 14:56:19
NSW,"Glendenning,Sydney NSW",6,Retail,$38,2026-07-05 09:16:47
NSW,"Glendenning,Sydney NSW(Hybrid)",2,FIFO / Mines,$35,2026-07-03 14:25:29
NSW,"Glenhaven,Sydney NSW",3,Hospitality,N/A,2026-07-07 10:13:45
NSW,"Glenmore Park,Sydney NSW",4,Retail,$25,2026-06-29 04:45:01
NSW,"Glenorie,Sydney NSW",4,FIFO / Mines,N/A,2026-07-03 14:25:29
NSW,"Gloucester,Newcastle, Maitland & Hunter NSW",4,Construction,$40,2026-07-05 19:25:49
NSW,"Goonellabah,Lismore & Far North Coast NSW",4,Security,$32,2026-07-05 14:08:06
NSW,"Gordon,Sydney NSW",4,Healthcare / Aged Care,$30,2026-07-06 11:05:20
NSW,Gosford & Central Coast NSW,8,Construction,$42,2026-07-07 10:15:24
NSW,"Gosford,Gosford & Central Coast NSW",32,Healthcare / Aged Care,"$3,548",2026-07-07 10:15:38
NSW,"Goulburn,Southern Highlands & Tablelands NSW",34,Cleaning / Facilities,"$10,032",2026-07-07 10:15:24
NSW,"Grafton,Coffs Harbour & North Coast NSW",19,Healthcare / Aged Care,"$31,224",2026-07-05 14:07:25
NSW,"Granville,Sydney NSW",2,Healthcare / Aged Care,$36,2026-06-28 04:32:54
NSW,"Grasmere,Sydney NSW",3,Healthcare / Aged Care,$32,2026-06-30 04:13:33
NSW,"Greenacre,Sydney NSW",7,Logistics / Transport,"$40,024",2026-07-06 15:55:16
NSW,"Greendale,Sydney NSW",2,Agriculture / Farms,N/A,2026-06-27 04:05:35
NSW,"Greenfield Park,Sydney NSW",2,Healthcare / Aged Care,N/A,2026-06-30 14:46:14
NSW,"Gregory Hills,Sydney NSW",5,Construction,N/A,2026-07-07 10:00:24
NSW,"Grenfell,Dubbo & Central NSW",4,FIFO / Mines,$38,2026-07-05 09:18:06
NSW,"Greystanes,Sydney NSW",8,Logistics / Transport,$50,2026-07-06 20:15:07
NSW,"Griffith,Wagga Wagga & Riverina NSW",25,Agriculture / Farms,"$26,687",2026-07-05 09:20:57
NSW,"Guildford West,Sydney NSW",2,Security,$30,2026-06-25 15:08:32
NSW,"Guildford,Sydney NSW",2,Healthcare / Aged Care,N/A,2026-07-06 11:02:30
NSW,"Gum Scrub,Port Macquarie & Mid North Coast NSW",2,Construction,$31,2026-07-05 19:25:49
NSW,"Gunbar,Wagga Wagga & Riverina NSW",5,Agriculture / Farms,N/A,2026-07-05 13:58:33
NSW,"Gundagai,Wagga Wagga & Riverina NSW",7,Cleaning / Facilities,$34,2026-07-05 13:58:33
NSW,"Gunnedah,Tamworth & North West NSW",46,Agriculture / Farms,$44,2026-07-07 10:15:24
NSW,"Gunning,Southern Highlands & Tablelands NSW",1,Warehouse / Distribution,$35,2026-06-25 15:06:00
NSW,"Gymea Bay,Sydney NSW",2,Cleaning / Facilities,$30,2026-07-02 14:39:05
NSW,"Gymea,Sydney NSW",1,Hospitality,"$70,000",2026-06-23 15:27:16
NSW,"Hallidays Point,Port Macquarie & Mid North Coast NSW",2,Cleaning / Facilities,N/A,2026-07-07 10:15:24
NSW,"Hamilton North,Newcastle, Maitland & Hunter NSW",2,Hospitality,"$42,516",2026-07-06 15:55:16
NSW,"Hamlyn Terrace,Gosford & Central Coast NSW",1,Cleaning / Facilities,$35,2026-06-24 04:27:41
NSW,"Hanwood,Wagga Wagga & Riverina NSW",2,Warehouse / Distribution,N/A,2026-07-05 04:18:58
NSW,"Harden,Southern Highlands & Tablelands NSW",21,Agriculture / Farms,$33,2026-07-04 13:51:38
NSW,"Hastings Point,Lismore & Far North Coast NSW",2,Cleaning / Facilities,N/A,2026-07-07 10:15:24
NSW,"Hawks Nest,Newcastle, Maitland & Hunter NSW",5,Construction,$41,2026-06-30 09:51:48
NSW,"Hay,Wagga Wagga & Riverina NSW",5,FIFO / Mines,$43,2026-07-02 14:23:01
NSW,"Haymarket,Sydney NSW",7,Hospitality,$32,2026-07-07 10:15:24
NSW,"Heatherbrae,Newcastle, Maitland & Hunter NSW",5,Construction,$37,2026-07-06 15:45:23
NSW,"Hexham,Newcastle, Maitland & Hunter NSW",1,Logistics / Transport,N/A,2026-07-07 10:00:24
NSW,"Hillsdale,Sydney NSW",3,Construction,$40,2026-06-30 09:51:48
NSW,"Hillston,Wagga Wagga & Riverina NSW",1,Healthcare / Aged Care,$32,2026-06-28 09:35:30
NSW,"Hobartville,Richmond & Hawkesbury NSW",2,Hospitality,"$79,499",2026-07-06 04:15:23
NSW,"Holsworthy,Sydney NSW",2,Cleaning / Facilities,$27,2026-06-25 20:34:57
NSW,"Homebush West,Sydney NSW",18,Agriculture / Farms,"$79,787",2026-07-06 20:15:07
NSW,"Homebush,Sydney NSW",29,Retail,"$18,204",2026-07-06 20:26:57
NSW,"Homebush,Sydney NSW(Hybrid)",3,Retail,N/A,2026-06-28 14:17:09
NSW,"Horningsea Park,Sydney NSW",1,Retail,$30,2026-07-01 04:39:33
NSW,"Hornsby,Sydney NSW",24,Healthcare / Aged Care,"$8,843",2026-07-07 10:11:40
NSW,"Horsley Park,Sydney NSW",32,Logistics / Transport,$21,2026-07-06 20:15:07
NSW,"Hoxton Park,Sydney NSW",7,Warehouse / Distribution,$29,2026-07-06 20:26:43
NSW,"Huntingwood,Sydney NSW",13,Warehouse / Distribution,$46,2026-07-06 20:26:43
NSW,"Hurlstone Park,Sydney NSW",2,Cleaning / Facilities,"$85,000",2026-07-05 03:59:41
NSW,"Hurstville,Sydney NSW",14,Healthcare / Aged Care,$31,2026-07-06 16:07:24
NSW,"Huskisson,Wollongong, Illawarra & South Coast NSW(Remote)",1,Retail,$35,2026-06-23 04:19:53
NSW,"Illaroo,Wollongong, Illawarra & South Coast NSW",2,Agriculture / Farms,$37,2026-06-30 20:12:57
NSW,"Ingleburn,Sydney NSW",32,Logistics / Transport,"$18,777",2026-07-07 10:11:40
NSW,"Ingleburn,Sydney NSW(Hybrid)",1,Logistics / Transport,$30,2026-06-25 20:18:36
NSW,"Inverell,Tamworth & North West NSW",16,Agriculture / Farms,$30,2026-07-05 13:58:33
NSW,"Ivanhoe,Far West & North Central NSW",1,Hospitality,$33,2026-06-24 09:51:56
NSW,"Jamberoo,Wollongong, Illawarra & South Coast NSW",5,Hospitality,$33,2026-06-29 16:08:26
NSW,"Jerilderie,Wagga Wagga & Riverina NSW",1,Agriculture / Farms,N/A,2026-06-22 12:21:35
NSW,"Jerrys Plains,Newcastle, Maitland & Hunter NSW",2,Warehouse / Distribution,N/A,2026-06-26 14:57:04
NSW,"Jervis Bay,Wollongong, Illawarra & South Coast NSW",8,Hospitality,"$80,000",2026-07-06 11:02:30
NSW,"Jewells,Newcastle, Maitland & Hunter NSW",1,Construction,N/A,2026-07-03 14:23:24
NSW,"Jilliby,Gosford & Central Coast NSW",3,Construction,$60,2026-07-03 09:28:40
NSW,"Jindabyne,Tumut, Snowy & Monaro NSW",4,Warehouse / Distribution,"$75,000",2026-06-30 10:09:48
NSW,"Junee,Wagga Wagga & Riverina NSW",8,FIFO / Mines,N/A,2026-07-05 19:25:49
NSW,"Kanahooka,Wollongong, Illawarra & South Coast NSW",1,Hospitality,$25,2026-06-27 04:10:03
NSW,"Kanwal,Gosford & Central Coast NSW",21,Healthcare / Aged Care,$30,2026-07-06 11:05:20
NSW,"Kapooka,Wagga Wagga & Riverina NSW",1,Hospitality,N/A,2026-06-28 09:31:29
NSW,"Karuah,Newcastle, Maitland & Hunter NSW",1,Healthcare / Aged Care,$35,2026-06-26 09:51:35
NSW,"Katoomba,Blue Mountains & Central West NSW",14,Healthcare / Aged Care,"$33,240",2026-07-07 10:15:38
NSW,"Keepit,Tamworth & North West NSW",4,Agriculture / Farms,$32,2026-07-05 13:58:33
NSW,"Kelso,Blue Mountains & Central West NSW",15,Retail,N/A,2026-07-06 20:24:30
NSW,"Kembla Grange,Wollongong, Illawarra & South Coast NSW",2,FIFO / Mines,$40,2026-07-05 09:18:06
NSW,"Kemps Creek,Sydney NSW",83,Warehouse / Distribution,"$1,189",2026-07-07 10:00:24
NSW,"Kemps Creek,Sydney NSW(Hybrid)",2,FIFO / Mines,N/A,2026-06-25 20:18:36
NSW,"Kempsey,Port Macquarie & Mid North Coast NSW",14,Healthcare / Aged Care,$32,2026-07-05 09:16:47
NSW,"Kensington,Sydney NSW",5,Agriculture / Farms,$36,2026-07-03 09:42:36
NSW,"Kiama,Wollongong, Illawarra & South Coast NSW",5,Hospitality,$52,2026-07-06 11:01:22
NSW,"Killarney Vale,Gosford & Central Coast NSW",1,Healthcare / Aged Care,N/A,2026-06-22 08:12:06
NSW,"Kincumber,Gosford & Central Coast NSW",4,Healthcare / Aged Care,$38,2026-07-05 14:07:25
NSW,"Kings Park,Sydney NSW",7,Warehouse / Distribution,"$65,000",2026-07-05 14:11:15
NSW,"Kingscliff,Lismore & Far North Coast NSW",14,Retail,"$47,149",2026-07-06 11:05:20
NSW,"Kingsford,Sydney NSW",1,Healthcare / Aged Care,$43,2026-06-29 16:13:09
NSW,"Kingsgrove,Sydney NSW",7,Security,"$39,012",2026-07-01 04:43:52
NSW,"Kingswood,Sydney NSW",10,Healthcare / Aged Care,$28,2026-07-06 11:05:20
NSW,"Kirrawee,Sydney NSW",16,Warehouse / Distribution,"$13,359",2026-07-07 10:11:40
NSW,"Kogarah,Sydney NSW",24,Healthcare / Aged Care,$38,2026-07-07 10:15:38
NSW,"Kogarah,Sydney NSW(Hybrid)",2,Healthcare / Aged Care,N/A,2026-06-29 11:24:32
NSW,"Kooragang,Newcastle, Maitland & Hunter NSW",1,Construction,N/A,2026-06-26 09:38:35
NSW,"Kotara,Newcastle, Maitland & Hunter NSW",10,Retail,"$28,019",2026-07-06 04:15:23
NSW,"Kurmond,Richmond & Hawkesbury NSW",1,Logistics / Transport,$30,2026-06-30 14:39:59
NSW,"Kurnell,Sydney NSW",6,Warehouse / Distribution,$40,2026-07-07 10:11:40
NSW,"Kurnell,Sydney NSW(Hybrid)",1,Warehouse / Distribution,N/A,2026-06-29 11:29:52
NSW,"Kurri Kurri,Newcastle, Maitland & Hunter NSW",7,Construction,"$43,776",2026-07-07 10:00:24
NSW,"Kyogle,Lismore & Far North Coast NSW",7,Agriculture / Farms,"$39,558",2026-07-03 03:49:31
NSW,"Lake Haven,Gosford & Central Coast NSW",1,Retail,N/A,2026-06-28 04:37:45
NSW,"Lake Hume Village,Albury Area NSW",7,Hospitality,$33,2026-07-06 11:02:30
NSW,"Lakemba,Sydney NSW",2,Logistics / Transport,$38,2026-06-30 10:09:48
NSW,"Lambton,Newcastle, Maitland & Hunter NSW",4,Hospitality,$32,2026-07-07 10:15:24
NSW,"Lane Cove West,Sydney NSW",6,Cleaning / Facilities,$30,2026-06-30 14:56:19
NSW,"Lane Cove,Sydney NSW",2,Retail,$43,2026-07-03 09:42:35
NSW,"Lansvale,Sydney NSW",3,Retail,$29,2026-07-03 09:46:13
NSW,"Laurieton,Port Macquarie & Mid North Coast NSW",1,Security,N/A,2026-07-07 10:13:45
NSW,"Lavington,Albury Area NSW",8,Healthcare / Aged Care,$42,2026-07-05 14:07:25
NSW,"Leeton,Wagga Wagga & Riverina NSW",17,Agriculture / Farms,N/A,2026-07-05 09:20:57
NSW,"Leichhardt,Sydney NSW",10,Retail,"$55,013",2026-07-03 14:23:24
NSW,"Lennox Head,Lismore & Far North Coast NSW",3,FIFO / Mines,$35,2026-06-29 04:29:26
NSW,"Leppington,Sydney NSW",12,Warehouse / Distribution,"$22,247",2026-07-05 14:11:15
NSW,"Leumeah,Sydney NSW",4,Security,$33,2026-07-03 19:51:18
NSW,"Leura,Blue Mountains & Central West NSW",7,Hospitality,"$25,020",2026-07-06 11:02:30
NSW,"Lewisham,Sydney NSW",4,Hospitality,"$28,354",2026-07-06 04:15:23
NSW,"Lidcombe,Sydney NSW",59,Warehouse / Distribution,"$5,959",2026-07-07 10:11:40
NSW,"Lightning Ridge,Far West & North Central NSW",10,Cleaning / Facilities,"$45,964",2026-07-07 10:15:38
NSW,"Lindendale,Lismore & Far North Coast NSW",7,Agriculture / Farms,"$65,000",2026-06-30 20:12:57
NSW,"Lindfield,Sydney NSW",2,Healthcare / Aged Care,$30,2026-06-30 10:06:45
NSW,"Lisarow,Gosford & Central Coast NSW",5,Cleaning / Facilities,"$100,000",2026-06-26 20:23:53
NSW,Lismore & Far North Coast NSW,1,Hospitality,$45,2026-06-24 09:51:56
NSW,"Lismore,Lismore & Far North Coast NSW",37,Healthcare / Aged Care,"$6,025",2026-07-07 10:15:38
NSW,"Lithgow,Blue Mountains & Central West NSW",14,FIFO / Mines,$70,2026-07-05 09:18:06
NSW,"Lithgow,Blue Mountains & Central West NSW(Hybrid)",2,FIFO / Mines,N/A,2026-06-26 14:40:30
NSW,"Little Bay,Sydney NSW",2,Hospitality,$33,2026-07-06 20:18:17
NSW,"Liverpool,Sydney NSW",48,Healthcare / Aged Care,"$27,618",2026-07-07 10:13:45
NSW,"Liverpool,Sydney NSW(Hybrid)",7,Cleaning / Facilities,$38,2026-07-04 19:37:12
NSW,"Llandilo,Sydney NSW",3,Agriculture / Farms,$56,2026-07-05 13:58:33
NSW,"Lockhart,Wagga Wagga & Riverina NSW",3,Healthcare / Aged Care,N/A,2026-07-05 14:07:25
NSW,"Londonderry,Sydney NSW",3,Construction,"$28,351",2026-07-05 09:20:57
NSW,"Long Jetty,Gosford & Central Coast NSW",2,Cleaning / Facilities,$32,2026-06-22 08:23:21
NSW,"Lovedale,Newcastle, Maitland & Hunter NSW",2,Hospitality,$2,2026-07-05 09:26:59
NSW,"Luddenham,Sydney NSW",6,FIFO / Mines,$35,2026-07-03 19:51:18
NSW,"Luskintyre,Newcastle, Maitland & Hunter NSW",4,Hospitality,$31,2026-07-07 10:15:24
NSW,"Macquarie Park,Sydney NSW",33,Security,"$55,155",2026-07-06 16:07:24
NSW,"Macquarie Park,Sydney NSW(Hybrid)",3,Warehouse / Distribution,N/A,2026-07-05 04:18:58
NSW,"Maitland,Newcastle, Maitland & Hunter NSW",17,Healthcare / Aged Care,$33,2026-07-07 10:13:45
NSW,"Maitland,Newcastle, Maitland & Hunter NSW(Hybrid)",1,Retail,$37,2026-06-27 04:14:59
NSW,"Maitland,Newcastle, Maitland & Hunter NSW(Remote)",3,Construction,N/A,2026-06-30 09:51:48
NSW,"Mandalong,Newcastle, Maitland & Hunter NSW",1,Construction,N/A,2026-06-30 09:51:20
NSW,"Mangrove Mountain,Gosford & Central Coast NSW",13,Agriculture / Farms,"$55,000",2026-07-05 13:58:33
NSW,"Manildra,Blue Mountains & Central West NSW",1,Agriculture / Farms,$28,2026-06-24 14:50:59
NSW,"Manly Vale,Sydney NSW",9,Hospitality,"$80,000",2026-06-29 11:21:04
NSW,"Manly,Sydney NSW",10,Hospitality,$42,2026-06-30 14:55:29
NSW,"March,Blue Mountains & Central West NSW",1,Healthcare / Aged Care,N/A,2026-06-22 08:12:06
NSW,"Maroubra,Sydney NSW",5,Cleaning / Facilities,$35,2026-07-07 10:15:38
NSW,"Marrickville,Sydney NSW",36,Warehouse / Distribution,"$63,556",2026-07-06 20:26:43
NSW,"Marsden Park,Sydney NSW",22,Warehouse / Distribution,$32,2026-07-07 10:11:40
NSW,"Marsden Park,Sydney NSW(Hybrid)",2,Warehouse / Distribution,N/A,2026-06-30 04:13:33
NSW,"Marsfield,Sydney NSW",1,Hospitality,$27,2026-07-06 11:01:22
NSW,"Marulan,Southern Highlands & Tablelands NSW",6,FIFO / Mines,$35,2026-07-03 14:25:29
NSW,"Mascot,Sydney NSW",39,Hospitality,"$12,380",2026-07-06 16:02:52
NSW,"Mascot,Sydney NSW(Hybrid)",3,Cleaning / Facilities,$38,2026-06-29 11:35:23
NSW,"Matraville,Sydney NSW",5,Warehouse / Distribution,$35,2026-07-05 14:11:15
NSW,"Mayfield West,Newcastle, Maitland & Hunter NSW",1,Security,N/A,2026-06-27 14:17:54
NSW,"McGraths Hill,Richmond & Hawkesbury NSW",1,Retail,N/A,2026-06-26 09:55:24
NSW,"McMahons Point,Sydney NSW",1,Hospitality,"$60,000",2026-06-25 14:58:30
NSW,"Melrose Park,Sydney NSW",9,Hospitality,$26,2026-07-06 20:18:17
NSW,"Menai,Sydney NSW",2,Retail,N/A,2026-06-29 04:45:26
NSW,"Merewether,Newcastle, Maitland & Hunter NSW",2,Hospitality,$36,2026-06-26 15:02:17
NSW,"Merimbula,Wollongong, Illawarra & South Coast NSW",2,Hospitality,N/A,2026-07-05 14:08:06
NSW,"Merrylands,Sydney NSW",13,Security,$27,2026-07-07 10:15:38
NSW,"Middleton Grange,Sydney NSW",1,Cleaning / Facilities,$36,2026-06-26 15:01:50
NSW,"Milperra,Sydney NSW",5,Warehouse / Distribution,$28,2026-07-06 16:07:24
NSW,"Milsons Point,Sydney NSW(Hybrid)",2,Warehouse / Distribution,"$70,000",2026-07-06 15:55:16
NSW,"Milton,Wollongong, Illawarra & South Coast NSW",4,Hospitality,"$71,000",2026-07-06 04:15:23
NSW,"Minchinbury,Sydney NSW",52,Warehouse / Distribution,"$22,303",2026-07-07 10:11:40
NSW,"Minto,Sydney NSW",39,Logistics / Transport,"$12,674",2026-07-07 10:11:40
NSW,"Miranda,Sydney NSW",42,Retail,"$37,521",2026-07-07 10:15:38
NSW,"Mittagong,Southern Highlands & Tablelands NSW",18,Hospitality,$30,2026-07-06 11:02:30
NSW,"Mollymook,Wollongong, Illawarra & South Coast NSW",1,Healthcare / Aged Care,N/A,2026-07-03 14:37:16
NSW,"Molong,Blue Mountains & Central West NSW",3,Hospitality,$37,2026-06-28 09:31:29
NSW,"Mona Vale,Sydney NSW",12,Hospitality,N/A,2026-06-29 11:32:31
NSW,"Moonbi,Tamworth & North West NSW",1,Healthcare / Aged Care,N/A,2026-06-28 09:35:30
NSW,"Moore Park,Sydney NSW",13,Retail,$29,2026-06-30 14:56:19
NSW,"Moorebank,Sydney NSW",20,Warehouse / Distribution,"$10,030",2026-07-07 10:00:24
NSW,"Moree,Tamworth & North West NSW",27,Agriculture / Farms,$34,2026-07-05 13:58:33
NSW,"Morisset Park,Newcastle, Maitland & Hunter NSW",1,Hospitality,N/A,2026-07-06 20:18:17
NSW,"Morisset,Newcastle, Maitland & Hunter NSW",13,Construction,"$21,026",2026-07-06 15:45:23
NSW,"Mortdale,Sydney NSW",12,Warehouse / Distribution,"$55,000",2026-07-06 20:26:43
NSW,"Moruya,Wollongong, Illawarra & South Coast NSW",1,Hospitality,$30,2026-06-24 09:51:56
NSW,"Mosman,Sydney NSW",13,Hospitality,"$20,003",2026-06-30 14:33:23
NSW,"Moss Vale,Southern Highlands & Tablelands NSW",5,FIFO / Mines,$36,2026-07-06 04:24:27
NSW,"Mount Annan,Sydney NSW",1,Hospitality,N/A,2026-06-28 04:32:54
NSW,"Mount Druitt,Sydney NSW",12,Warehouse / Distribution,$31,2026-07-06 16:06:17
NSW,"Mount Hutton,Newcastle, Maitland & Hunter NSW",1,Hospitality,$32,2026-06-29 04:39:14
NSW,"Mount Kuring-Gai,Sydney NSW",4,Warehouse / Distribution,$32,2026-06-30 09:52:27
NSW,"Mount Thorley,Newcastle, Maitland & Hunter NSW",3,FIFO / Mines,N/A,2026-07-03 19:42:48
NSW,"Mount View,Newcastle, Maitland & Hunter NSW",2,Hospitality,N/A,2026-06-29 16:08:26
NSW,"Mudgee,Blue Mountains & Central West NSW",52,FIFO / Mines,$51,2026-07-07 10:00:24
NSW,"Mulgrave,Richmond & Hawkesbury NSW",9,Warehouse / Distribution,N/A,2026-07-06 20:09:34
NSW,"Mullaley,Tamworth & North West NSW",8,Agriculture / Farms,N/A,2026-07-04 13:51:38
NSW,"Mullumbimby,Lismore & Far North Coast NSW",3,Warehouse / Distribution,$38,2026-06-27 14:14:31
NSW,"Mullumbimby,Lismore & Far North Coast NSW(Hybrid)",1,Cleaning / Facilities,N/A,2026-06-28 14:25:18
NSW,"Mulwala,Wagga Wagga & Riverina NSW",3,Construction,"$60,000",2026-07-07 10:15:38
NSW,"Mumbil,Blue Mountains & Central West NSW",2,Cleaning / Facilities,$32,2026-07-02 14:39:05
NSW,"Mungindi,Tamworth & North West NSW",1,Agriculture / Farms,N/A,2026-07-05 09:20:57
NSW,"Murrumbateman,Southern Highlands & Tablelands NSW",1,FIFO / Mines,N/A,2026-07-06 20:09:34
NSW,"Murwillumbah,Lismore & Far North Coast NSW",5,Cleaning / Facilities,"$15,900",2026-07-02 14:39:05
NSW,"Muswellbrook,Newcastle, Maitland & Hunter NSW",46,FIFO / Mines,$73,2026-07-06 20:09:34
NSW,"Myalla,Tumut, Snowy & Monaro NSW",17,Agriculture / Farms,"$70,000",2026-07-05 13:58:33
NSW,"Nabiac,Newcastle, Maitland & Hunter NSW",1,Agriculture / Farms,N/A,2026-06-30 20:12:57
NSW,"Nambucca Heads,Coffs Harbour & North Coast NSW",3,Cleaning / Facilities,$25,2026-06-29 11:35:23
NSW,"Narellan,Sydney NSW",6,Healthcare / Aged Care,$33,2026-07-07 10:13:45
NSW,"Naremburn,Sydney NSW",2,Security,$32,2026-06-26 20:14:23
NSW,"Narooma,Wollongong, Illawarra & South Coast NSW",2,Hospitality,N/A,2026-06-29 11:21:04
NSW,"Narrabeen,Sydney NSW",11,Security,$38,2026-07-05 14:15:39
NSW,"Narrabri,Tamworth & North West NSW",11,Agriculture / Farms,"$90,000",2026-07-01 04:27:14
NSW,"Narrandera,Wagga Wagga & Riverina NSW",2,Agriculture / Farms,N/A,2026-07-05 09:20:57
NSW,"Narromine,Dubbo & Central NSW",10,Agriculture / Farms,$31,2026-06-27 19:44:35
NSW,"Nelligen,Wollongong, Illawarra & South Coast NSW",1,Hospitality,N/A,2026-06-24 14:54:25
NSW,"Nelson Bay,Newcastle, Maitland & Hunter NSW",3,Hospitality,"$21,687",2026-07-05 03:59:41
NSW,"Nerong,Newcastle, Maitland & Hunter NSW",15,Agriculture / Farms,"$70,666",2026-07-04 13:51:38
NSW,"Neutral Bay,Sydney NSW",3,Retail,N/A,2026-07-06 11:07:44
NSW,"New Italy,Lismore & Far North Coast NSW",1,Agriculture / Farms,$25,2026-06-27 14:01:25
NSW,"New Lambton,Newcastle, Maitland & Hunter NSW",5,Security,$28,2026-06-29 11:32:31
NSW,New South Wales,4,Hospitality,N/A,2026-06-30 20:12:57
NSW,"Newcastle West,Newcastle, Maitland & Hunter NSW",5,Retail,N/A,2026-07-06 11:07:44
NSW,"Newcastle,Newcastle, Maitland & Hunter NSW",257,Construction,"$14,921",2026-07-07 10:13:45
NSW,"Newcastle,Newcastle, Maitland & Hunter NSW(Hybrid)",15,Cleaning / Facilities,"$34,306",2026-07-05 04:18:58
NSW,"Newington,Sydney NSW",7,Security,"$2,127",2026-07-05 14:15:39
NSW,"Newport,Sydney NSW",2,Hospitality,N/A,2026-06-24 09:51:56
NSW,"Newtown,Sydney NSW",5,Healthcare / Aged Care,$34,2026-07-05 14:08:06
NSW,"Norfolk Island,Lismore & Far North Coast NSW",1,Healthcare / Aged Care,N/A,2026-06-30 14:46:14
NSW,"Normanhurst,Sydney NSW",1,Healthcare / Aged Care,"$15,900",2026-06-24 14:58:57
NSW,"North Balgowlah,Sydney NSW",4,Agriculture / Farms,$30,2026-07-02 14:20:48
NSW,"North Epping,Sydney NSW",2,Healthcare / Aged Care,N/A,2026-06-30 10:07:00
NSW,"North Gosford,Gosford & Central Coast NSW",6,Healthcare / Aged Care,$32,2026-07-06 20:26:43
NSW,"North Manly,Sydney NSW",2,Construction,"$85,000",2026-07-06 15:45:23
NSW,"North Nowra,Wollongong, Illawarra & South Coast NSW",1,Hospitality,N/A,2026-06-22 08:09:17
NSW,"North Parramatta,Sydney NSW",5,Security,$30,2026-07-06 11:02:30
NSW,"North Richmond,Richmond & Hawkesbury NSW",4,Hospitality,"$85,000",2026-07-06 11:05:20
NSW,"North Rocks,Sydney NSW",1,Logistics / Transport,$30,2026-06-27 04:07:29
NSW,"North Ryde,Sydney NSW",20,Cleaning / Facilities,"$34,065",2026-07-07 10:15:38
NSW,"North Ryde,Sydney NSW(Hybrid)",1,Logistics / Transport,N/A,2026-07-06 15:55:16
NSW,"North Shore & Northern Beaches,Sydney NSW",16,Retail,"$54,073",2026-07-06 16:02:52
NSW,"North St Marys,Sydney NSW",3,Construction,$34,2026-06-30 09:51:48
NSW,"North Strathfield,Sydney NSW",2,Healthcare / Aged Care,"$15,900",2026-06-26 20:23:53
NSW,"North Sydney,Sydney NSW",55,Warehouse / Distribution,$334,2026-07-07 10:11:40
NSW,"North Sydney,Sydney NSW(Hybrid)",14,Cleaning / Facilities,$46,2026-07-06 20:26:43
NSW,"North Tumbulgum,Lismore & Far North Coast NSW",2,FIFO / Mines,N/A,2026-07-06 04:24:27
NSW,"North Turramurra,Sydney NSW",5,Healthcare / Aged Care,$32,2026-07-03 14:36:50
NSW,"North West & Hills District,Sydney NSW",1,Security,$36,2026-07-01 04:43:52
NSW,"North Wollongong,Wollongong, Illawarra & South Coast NSW",6,Hospitality,$30,2026-07-07 10:13:45
NSW,"Northbridge,Sydney NSW",1,Healthcare / Aged Care,$36,2026-06-24 14:58:56
NSW,"Northmead,Sydney NSW",3,Construction,"$70,000",2026-06-26 14:38:12
NSW,"Nowra,Wollongong, Illawarra & South Coast NSW",34,Healthcare / Aged Care,"$7,716",2026-07-07 10:13:45
NSW,"Numbaa,Wollongong, Illawarra & South Coast NSW",1,Hospitality,$33,2026-07-06 11:02:30
NSW,"Nyngan,Dubbo & Central NSW",10,FIFO / Mines,N/A,2026-07-03 19:42:48
NSW,"Oak Flats,Wollongong, Illawarra & South Coast NSW",2,Logistics / Transport,N/A,2026-07-04 13:56:31
NSW,"Oakville,Richmond & Hawkesbury NSW",1,Cleaning / Facilities,N/A,2026-06-24 15:08:48
NSW,"Oatlands,Sydney NSW",1,Hospitality,N/A,2026-06-28 09:31:29
NSW,"Oberne Creek,Wagga Wagga & Riverina NSW",3,Agriculture / Farms,N/A,2026-07-05 09:20:57
NSW,"Oberon,Blue Mountains & Central West NSW",7,Cleaning / Facilities,$35,2026-07-07 10:00:24
NSW,"Ocean Shores,Lismore & Far North Coast NSW",1,Healthcare / Aged Care,$54,2026-06-30 14:46:14
NSW,"Old Guildford,Sydney NSW",2,Warehouse / Distribution,N/A,2026-06-28 14:19:45
NSW,"Oran Park,Sydney NSW",2,FIFO / Mines,$35,2026-07-07 10:15:38
NSW,"Orange,Blue Mountains & Central West NSW",82,FIFO / Mines,"$13,909",2026-07-07 10:13:45
NSW,"Orange,Blue Mountains & Central West NSW(Remote)",1,Retail,N/A,2026-06-23 04:19:53
NSW,"Orchard Hills,Sydney NSW",6,FIFO / Mines,N/A,2026-07-01 04:39:33
NSW,"Orchard Hills,Sydney NSW(Hybrid)",1,Warehouse / Distribution,N/A,2026-07-06 20:26:57
NSW,"Ourimbah,Gosford & Central Coast NSW",2,Hospitality,N/A,2026-06-25 14:58:30
NSW,"Paddington,Sydney NSW",6,Hospitality,$35,2026-07-06 16:02:52
NSW,"Padstow,Sydney NSW",3,Logistics / Transport,$35,2026-07-05 09:16:47
NSW,"Padstow,Sydney NSW(Hybrid)",1,Agriculture / Farms,$33,2026-06-26 14:43:31
NSW,"Pagewood,Sydney NSW",1,Retail,N/A,2026-06-29 04:45:26
NSW,"Pallamallawa,Tamworth & North West NSW",4,Hospitality,N/A,2026-07-05 09:20:57
NSW,"Pambula,Wollongong, Illawarra & South Coast NSW",1,FIFO / Mines,N/A,2026-06-30 20:08:41
NSW,"Parkes,Dubbo & Central NSW",62,FIFO / Mines,"$27,508",2026-07-06 16:02:52
NSW,"Parkes,Dubbo & Central NSW(Remote)",3,FIFO / Mines,"$135,000",2026-06-30 20:08:41
NSW,"Parramatta & Western Suburbs,Sydney NSW",6,Construction,$33,2026-07-05 19:25:49
NSW,"Parramatta,Sydney NSW",99,Retail,"$15,478",2026-07-07 10:15:38
NSW,"Parramatta,Sydney NSW(Hybrid)",5,Cleaning / Facilities,$39,2026-06-29 20:31:50
NSW,"Peakhurst,Sydney NSW",7,Warehouse / Distribution,"$80,000",2026-07-06 20:26:43
NSW,"Peats Ridge,Gosford & Central Coast NSW",1,Retail,N/A,2026-07-06 20:24:30
NSW,"Pemulwuy,Sydney NSW",15,Warehouse / Distribution,$40,2026-07-07 10:11:40
NSW,"Pemulwuy,Sydney NSW(Hybrid)",3,Cleaning / Facilities,N/A,2026-06-29 20:31:50
NSW,"Pendle Hill,Sydney NSW",7,Warehouse / Distribution,$34,2026-06-30 14:44:44
NSW,"Pennant Hills,Sydney NSW",1,Retail,N/A,2026-06-29 04:45:26
NSW,"Penrith,Sydney NSW",56,Retail,"$4,514",2026-07-06 11:07:44
NSW,"Perisher Valley,Tumut, Snowy & Monaro NSW",10,FIFO / Mines,"$5,526",2026-07-02 14:24:22
NSW,"Petersham,Sydney NSW",1,Hospitality,"$60,000",2026-06-28 09:30:35
NSW,"Pheasants Nest,Sydney NSW",6,Hospitality,N/A,2026-06-28 09:31:29
NSW,"Picton,Sydney NSW",3,Construction,"$46,679",2026-07-05 19:25:49
NSW,"Plumpton,Sydney NSW",1,Security,$30,2026-07-07 10:13:45
NSW,"Point Clare,Gosford & Central Coast NSW",4,Healthcare / Aged Care,$31,2026-07-03 09:42:36
NSW,"Pokolbin,Newcastle, Maitland & Hunter NSW",8,Cleaning / Facilities,$26,2026-07-07 10:15:24
NSW,"Port Botany,Sydney NSW",1,Retail,N/A,2026-07-06 20:24:30
NSW,"Port Botany,Sydney NSW(Hybrid)",1,Logistics / Transport,N/A,2026-07-06 15:55:16
NSW,"Port Kembla,Wollongong, Illawarra & South Coast NSW",19,FIFO / Mines,$40,2026-07-05 19:25:49
NSW,"Port Macquarie,Port Macquarie & Mid North Coast NSW",81,Healthcare / Aged Care,"$12,380",2026-07-07 10:15:24
NSW,"Port Macquarie,Port Macquarie & Mid North Coast NSW(Hybrid)",2,Healthcare / Aged Care,$50,2026-06-29 11:24:32
NSW,"Potts Point,Sydney NSW",9,Hospitality,"$37,525",2026-06-29 11:32:31
NSW,"Prestons,Sydney NSW",31,Warehouse / Distribution,"$37,517",2026-07-06 20:26:43
NSW,"Prospect,Sydney NSW",12,Construction,$39,2026-07-06 20:26:43
NSW,"Punchbowl,Sydney NSW",2,Hospitality,N/A,2026-06-23 04:13:41
NSW,"Pymble,Sydney NSW",3,Hospitality,$36,2026-06-28 09:30:35
NSW,"Pyrmont,Sydney NSW",7,Cleaning / Facilities,$34,2026-06-30 14:53:44
NSW,"Pyrmont,Sydney NSW(Hybrid)",3,Retail,N/A,2026-07-06 16:02:52
NSW,"Quakers Hill,Sydney NSW",1,Security,$34,2026-06-25 09:55:10
NSW,"Queanbeyan,Southern Highlands & Tablelands NSW",13,Healthcare / Aged Care,"$11,415",2026-07-04 19:37:12
NSW,"Queens Park,Sydney NSW",5,Security,$30,2026-07-03 14:44:58
NSW,"Quirindi,Tamworth & North West NSW",6,Agriculture / Farms,N/A,2026-07-02 14:20:48
NSW,"Randwick,Sydney NSW",12,Healthcare / Aged Care,"$10,034",2026-07-05 14:07:25
NSW,"Randwick,Sydney NSW(Hybrid)",3,Healthcare / Aged Care,$39,2026-06-28 14:15:53
NSW,"Ravensworth,Newcastle, Maitland & Hunter NSW",2,FIFO / Mines,"$122,000",2026-07-06 20:09:34
NSW,"Raymond Terrace,Newcastle, Maitland & Hunter NSW",14,Security,$30,2026-07-02 14:39:05
NSW,"Redfern,Sydney NSW",8,Hospitality,$34,2026-07-03 09:42:36
NSW,"Redfern,Sydney NSW(Hybrid)",1,Healthcare / Aged Care,N/A,2026-06-29 11:24:32
NSW,"Regents Park,Sydney NSW",2,Logistics / Transport,$35,2026-07-07 10:00:24
NSW,"Revesby,Sydney NSW",13,Warehouse / Distribution,"$9,157",2026-07-07 10:13:45
NSW,"Rhodes,Sydney NSW",1,Warehouse / Distribution,"$100,000",2026-06-29 11:29:52
NSW,"Richmond,Richmond & Hawkesbury NSW",15,Cleaning / Facilities,"$16,695",2026-07-07 10:15:38
NSW,"Richmond,Richmond & Hawkesbury NSW(Hybrid)",2,Cleaning / Facilities,$7,2026-06-29 20:31:50
NSW,"Riverstone,Sydney NSW",3,Healthcare / Aged Care,$45,2026-07-03 14:23:24
NSW,"Riverview,Sydney NSW",4,Healthcare / Aged Care,$50,2026-07-03 09:42:35
NSW,"Riverwood,Sydney NSW",6,Healthcare / Aged Care,"$20,024",2026-06-29 20:16:46
NSW,"Robertson,Southern Highlands & Tablelands NSW",1,Construction,N/A,2026-07-05 03:59:41
NSW,"Rockdale,Sydney NSW",9,Healthcare / Aged Care,$28,2026-07-05 19:42:30
NSW,"Rooty Hill,Sydney NSW",3,Hospitality,N/A,2026-07-06 11:01:22
NSW,"Ropes Crossing,Sydney NSW",1,Security,N/A,2026-06-25 09:55:10
NSW,"Rose Bay,Sydney NSW",5,Hospitality,$30,2026-06-30 14:55:29
NSW,"Rosebery,Sydney NSW",17,Warehouse / Distribution,$35,2026-07-07 10:11:40
NSW,"Rosehill,Sydney NSW",8,Logistics / Transport,$48,2026-07-07 10:00:24
NSW,"Roselands,Sydney NSW",3,Security,$33,2026-07-02 14:29:17
NSW,"Roseville,Sydney NSW",4,Agriculture / Farms,N/A,2026-06-29 16:03:08
NSW,"Rossmore,Sydney NSW",1,Hospitality,N/A,2026-06-28 09:31:29
NSW,"Rouse Hill,Sydney NSW",19,Security,$33,2026-07-06 04:24:27
NSW,"Rozelle,Sydney NSW",1,Construction,$50,2026-06-26 14:38:12
NSW,"Rutherford,Newcastle, Maitland & Hunter NSW",32,Hospitality,"$7,366",2026-07-07 10:11:40
NSW,"Rydalmere,Sydney NSW",17,Retail,"$35,152",2026-07-05 03:59:41
NSW,"Rydalmere,Sydney NSW(Hybrid)",1,FIFO / Mines,N/A,2026-06-29 15:59:59
NSW,"Ryde,Sydney NSW",17,Cleaning / Facilities,$38,2026-07-05 14:08:06
NSW,"Ryde,Sydney NSW(Hybrid)",3,Healthcare / Aged Care,$60,2026-07-03 14:36:50
NSW,"Salamander Bay,Newcastle, Maitland & Hunter NSW",2,Retail,N/A,2026-06-28 04:37:45
NSW,"Sandringham,Sydney NSW",2,Hospitality,N/A,2026-06-23 04:13:41
NSW,"Sandy Point,Sydney NSW",1,Warehouse / Distribution,N/A,2026-06-25 15:06:00
NSW,"Sawtell,Coffs Harbour & North Coast NSW",2,Hospitality,N/A,2026-07-06 04:15:23
NSW,"Scone,Newcastle, Maitland & Hunter NSW",8,Warehouse / Distribution,$55,2026-07-06 16:02:52
NSW,"Seaham,Newcastle, Maitland & Hunter NSW",1,Warehouse / Distribution,N/A,2026-07-06 04:24:27
NSW,"Seven Hills,Sydney NSW",36,Warehouse / Distribution,$34,2026-07-06 20:15:07
NSW,"Shell Cove,Wollongong, Illawarra & South Coast NSW",1,Construction,$33,2026-06-30 09:52:27
NSW,"Shellharbour,Wollongong, Illawarra & South Coast NSW",6,Cleaning / Facilities,$31,2026-07-07 10:15:38
NSW,"Shellharbour,Wollongong, Illawarra & South Coast NSW(Remote)",1,Cleaning / Facilities,$35,2026-06-29 11:35:23
NSW,"Shoal Bay,Newcastle, Maitland & Hunter NSW",2,Hospitality,N/A,2026-06-25 20:22:30
NSW,"Shortland,Newcastle, Maitland & Hunter NSW",1,Healthcare / Aged Care,$59,2026-07-03 14:36:50
NSW,"Silverdale,Sydney NSW(Hybrid)",1,Security,N/A,2026-07-01 04:43:52
NSW,"Silverwater,Sydney NSW",38,Warehouse / Distribution,"$15,410",2026-07-07 10:11:40
NSW,"Singleton,Newcastle, Maitland & Hunter NSW",68,FIFO / Mines,"$26,854",2026-07-06 20:09:34
NSW,"Smeaton Grange,Sydney NSW",26,Agriculture / Farms,$36,2026-07-06 20:15:07
NSW,"Smithfield,Sydney NSW",29,Warehouse / Distribution,"$37,717",2026-07-07 10:00:24
NSW,"Smithtown,Port Macquarie & Mid North Coast NSW",12,Retail,N/A,2026-07-06 20:24:30
NSW,"Somersby,Gosford & Central Coast NSW",14,FIFO / Mines,"$40,010",2026-07-03 14:25:29
NSW,"South Albury,Albury Area NSW",1,FIFO / Mines,N/A,2026-06-24 14:46:41
NSW,"South Coogee,Sydney NSW(Remote)",2,Healthcare / Aged Care,$36,2026-06-29 11:25:45
NSW,"South Grafton,Coffs Harbour & North Coast NSW",1,Agriculture / Farms,$35,2026-06-29 16:03:08
NSW,"South Granville,Sydney NSW",1,Agriculture / Farms,$32,2026-06-24 14:50:59
NSW,"South Lismore,Lismore & Far North Coast NSW",7,Agriculture / Farms,N/A,2026-06-30 14:37:13
NSW,"South Murwillumbah,Lismore & Far North Coast NSW",10,Agriculture / Farms,"$74,285",2026-07-05 09:16:47
NSW,"South Nowra,Wollongong, Illawarra & South Coast NSW",3,Retail,$35,2026-07-06 11:07:44
NSW,"South Penrith,Sydney NSW",1,Retail,N/A,2026-06-26 09:55:50
NSW,"South Wentworthville,Sydney NSW",2,Healthcare / Aged Care,"$70,000",2026-07-05 03:59:41
NSW,"South West & M5 Corridor,Sydney NSW",4,FIFO / Mines,$33,2026-07-03 14:25:29
NSW,"South Windsor,Richmond & Hawkesbury NSW",13,Agriculture / Farms,$34,2026-07-04 13:51:38
NSW,"Spring Farm,Sydney NSW",5,Construction,$41,2026-06-30 10:09:48
NSW,"Springdale,Wagga Wagga & Riverina NSW",5,Agriculture / Farms,$31,2026-07-06 20:24:30
NSW,"St Clair,Sydney NSW",2,Retail,N/A,2026-07-06 16:02:52
NSW,"St George,Wollongong, Illawarra & South Coast NSW",2,Agriculture / Farms,N/A,2026-06-30 20:12:57
NSW,"St Leonards,Sydney NSW",32,Healthcare / Aged Care,"$16,102",2026-07-06 11:05:20
NSW,"St Leonards,Sydney NSW(Hybrid)",3,Healthcare / Aged Care,$39,2026-06-27 04:14:59
NSW,"St Marys,Sydney NSW",20,Construction,$39,2026-07-07 10:00:24
NSW,"St Peters,Sydney NSW",5,Warehouse / Distribution,"$58,697",2026-07-06 20:15:07
NSW,"Stanhope Gardens,Sydney NSW",5,Healthcare / Aged Care,$38,2026-07-03 09:45:31
NSW,"Stanmore,Sydney NSW",3,Hospitality,"$80,000",2026-07-07 10:00:24
NSW,"Stanwell Park,Wollongong, Illawarra & South Coast NSW",1,Hospitality,N/A,2026-07-06 04:15:23
NSW,"Strathfield South,Sydney NSW",8,Warehouse / Distribution,"$50,011",2026-07-07 10:11:40
NSW,"Strathfield,Sydney NSW",13,Hospitality,"$16,028",2026-07-06 11:05:20
NSW,"Stud Park,Wagga Wagga & Riverina NSW",3,Agriculture / Farms,$40,2026-07-05 09:20:57
NSW,"Summer Hill,Sydney NSW",10,Security,N/A,2026-07-06 16:02:52
NSW,"Surry Hills,Sydney NSW",12,Hospitality,$35,2026-07-07 10:13:45
NSW,"Sutherland,Sydney NSW",13,Cleaning / Facilities,"$39,245",2026-07-06 15:45:23
NSW,"Sydney Domestic Airport,Sydney NSW",2,Construction,N/A,2026-06-29 11:13:09
NSW,"Sydney International Airport,Sydney NSW",11,Cleaning / Facilities,$33,2026-06-28 14:17:09
NSW,Sydney NSW,904,Construction,"$22,690",2026-07-07 10:15:38
NSW,Sydney NSW(Hybrid),60,Warehouse / Distribution,"$135,093",2026-07-06 20:26:57
NSW,Sydney NSW(Remote),42,Healthcare / Aged Care,"$5,055",2026-07-06 16:07:24
NSW,"Sydney Olympic Park,Sydney NSW",19,Security,"$56,256",2026-07-07 10:15:24
NSW,"Sylvania Waters,Sydney NSW",2,Cleaning / Facilities,$45,2026-06-27 20:00:56
NSW,"Sylvania,Sydney NSW",4,Hospitality,$50,2026-07-07 10:15:24
NSW,"Tabbita,Wagga Wagga & Riverina NSW",1,Agriculture / Farms,N/A,2026-06-27 14:01:25
NSW,"Tahmoor,Sydney NSW",5,FIFO / Mines,"$56,021",2026-07-05 09:16:47
NSW,"Tamworth,Tamworth & North West NSW",91,Agriculture / Farms,"$5,510",2026-07-06 20:24:30
NSW,"Tamworth,Tamworth & North West NSW(Hybrid)",2,Cleaning / Facilities,"$108,819",2026-06-29 20:31:50
NSW,"Tamworth,Tamworth & North West NSW(Remote)",1,FIFO / Mines,N/A,2026-06-24 14:46:41
NSW,"Tanilba Bay,Newcastle, Maitland & Hunter NSW",1,Healthcare / Aged Care,N/A,2026-06-29 11:25:21
NSW,"Tarago,Southern Highlands & Tablelands NSW",2,FIFO / Mines,N/A,2026-07-06 20:09:34
NSW,"Taree South,Port Macquarie & Mid North Coast NSW",2,Healthcare / Aged Care,$43,2026-06-28 14:15:53
NSW,"Taree,Port Macquarie & Mid North Coast NSW",39,Agriculture / Farms,"$44,403",2026-07-06 20:24:30
NSW,"Taren Point,Sydney NSW",10,Construction,"$59,211",2026-07-06 15:45:23
NSW,"Tathra,Wollongong, Illawarra & South Coast NSW",3,Cleaning / Facilities,N/A,2026-06-30 14:55:29
NSW,"Tea Gardens,Newcastle, Maitland & Hunter NSW",1,Healthcare / Aged Care,$40,2026-06-23 15:30:09
NSW,"Temora,Wagga Wagga & Riverina NSW",2,Agriculture / Farms,$38,2026-06-29 16:03:08
NSW,"Tenterfield,Tamworth & North West NSW",4,Hospitality,"$90,000",2026-07-06 04:24:27
NSW,"Teralba,Newcastle, Maitland & Hunter NSW",3,Logistics / Transport,$44,2026-07-04 03:47:37
NSW,"Terania Creek,Lismore & Far North Coast NSW",6,Cleaning / Facilities,$40,2026-06-27 04:23:10
NSW,"Terrey Hills,Sydney NSW",1,Healthcare / Aged Care,$30,2026-06-22 12:30:52
NSW,"Terrigal,Gosford & Central Coast NSW",4,Hospitality,$27,2026-07-06 20:18:17
NSW,"Tharbogang,Wagga Wagga & Riverina NSW",3,Warehouse / Distribution,N/A,2026-07-06 16:06:17
NSW,"The Entrance,Gosford & Central Coast NSW",2,Retail,N/A,2026-06-29 04:45:26
NSW,"The Junction,Newcastle, Maitland & Hunter NSW",1,Security,$35,2026-06-25 09:55:10
NSW,"The Oaks,Sydney NSW",1,FIFO / Mines,"$64,000",2026-06-28 14:03:48
NSW,"The Ponds,Sydney NSW",10,Cleaning / Facilities,$33,2026-06-29 16:13:09
NSW,"The Rocks,Sydney NSW",8,Retail,$34,2026-07-07 10:15:24
NSW,"Thirroul,Wollongong, Illawarra & South Coast NSW",5,Hospitality,$30,2026-07-06 11:02:30
NSW,"Thornleigh,Sydney NSW",3,Logistics / Transport,N/A,2026-07-06 20:15:07
NSW,"Thornton,Newcastle, Maitland & Hunter NSW",12,Cleaning / Facilities,$36,2026-06-30 14:56:19
NSW,"Thurgoona,Albury Area NSW",2,FIFO / Mines,$42,2026-07-03 14:25:29
NSW,"Tighes Hill,Newcastle, Maitland & Hunter NSW",2,Hospitality,N/A,2026-06-28 04:32:54
NSW,"Tomago,Newcastle, Maitland & Hunter NSW",27,Warehouse / Distribution,"$16,144",2026-07-07 10:00:24
NSW,"Tomingley,Dubbo & Central NSW",4,FIFO / Mines,N/A,2026-06-28 14:03:48
NSW,"Tooleybuc,Albury Area NSW",11,Agriculture / Farms,N/A,2026-07-04 13:51:38
NSW,"Toongabbie,Sydney NSW",1,Agriculture / Farms,$33,2026-06-24 14:50:59
NSW,"Toormina,Coffs Harbour & North Coast NSW",1,Retail,N/A,2026-06-29 04:45:01
NSW,"Toronto,Newcastle, Maitland & Hunter NSW",8,Healthcare / Aged Care,$29,2026-07-05 19:42:30
NSW,"Toukley,Gosford & Central Coast NSW",3,Hospitality,"$2,520",2026-06-30 14:39:59
NSW,"Trangie,Dubbo & Central NSW",3,Agriculture / Farms,$1,2026-06-23 15:22:01
NSW,"Tuggerah,Gosford & Central Coast NSW",36,Retail,"$9,779",2026-07-07 10:15:24
NSW,"Tumbi Umbi,Gosford & Central Coast NSW",1,Hospitality,N/A,2026-07-06 11:02:30
NSW,"Tumut,Tumut, Snowy & Monaro NSW",11,FIFO / Mines,$32,2026-06-30 20:08:41
NSW,"Tuncurry,Newcastle, Maitland & Hunter NSW",6,Construction,$37,2026-07-01 04:22:27
NSW,"Tura Beach,Wollongong, Illawarra & South Coast NSW",4,Healthcare / Aged Care,$30,2026-07-06 11:05:20
NSW,"Turramurra,Sydney NSW",1,Cleaning / Facilities,N/A,2026-06-24 15:08:48
NSW,"Turrella,Sydney NSW",4,Warehouse / Distribution,N/A,2026-07-06 16:07:24
NSW,"Tweed Heads South,Lismore & Far North Coast NSW",6,Healthcare / Aged Care,$30,2026-07-07 10:15:38
NSW,"Tweed Heads,Lismore & Far North Coast NSW",16,Healthcare / Aged Care,"$22,803",2026-07-05 14:11:15
NSW,"Tweed Heads,Lismore & Far North Coast NSW(Remote)",2,Retail,$43,2026-06-28 14:15:53
NSW,"Ulan,Blue Mountains & Central West NSW",7,FIFO / Mines,N/A,2026-07-05 19:31:07
NSW,"Ulladulla,Wollongong, Illawarra & South Coast NSW",7,Healthcare / Aged Care,$32,2026-07-05 19:42:30
NSW,"Ulmarra,Coffs Harbour & North Coast NSW",2,Healthcare / Aged Care,N/A,2026-07-05 14:07:25
NSW,"Ulong,Coffs Harbour & North Coast NSW",2,Cleaning / Facilities,N/A,2026-06-27 04:21:50
NSW,"Ultimo,Sydney NSW",2,Healthcare / Aged Care,N/A,2026-06-27 14:07:57
NSW,"Umina Beach,Gosford & Central Coast NSW",2,Construction,$45,2026-07-06 15:45:23
NSW,"Unanderra,Wollongong, Illawarra & South Coast NSW",10,Construction,$35,2026-07-06 16:06:17
NSW,"University of Sydney,Sydney NSW",1,Security,N/A,2026-06-28 04:41:09
NSW,"Urunga,Coffs Harbour & North Coast NSW",1,Security,N/A,2026-06-29 11:32:31
NSW,"Villawood,Sydney NSW",21,Warehouse / Distribution,"$17,333",2026-07-07 10:00:24
NSW,"Villawood,Sydney NSW(Hybrid)",1,Logistics / Transport,$43,2026-06-25 20:18:36
NSW,"Vineyard,Richmond & Hawkesbury NSW",5,Logistics / Transport,"$60,000",2026-07-06 20:15:07
NSW,"Wadalba,Gosford & Central Coast NSW",1,Healthcare / Aged Care,$34,2026-06-30 14:44:44
NSW,"Wagga Wagga,Wagga Wagga & Riverina NSW",109,Hospitality,"$6,133",2026-07-07 10:15:38
NSW,"Wahroonga,Sydney NSW",18,Hospitality,$31,2026-07-06 20:18:17
NSW,"Wahroonga,Sydney NSW(Hybrid)",1,Healthcare / Aged Care,N/A,2026-07-06 11:05:20
NSW,"Waitara,Sydney NSW",3,Cleaning / Facilities,$29,2026-07-07 10:15:24
NSW,"Walgett,Far West & North Central NSW",8,Agriculture / Farms,"$80,416",2026-07-05 09:20:57
NSW,"Wallsend,Newcastle, Maitland & Hunter NSW",7,Healthcare / Aged Care,N/A,2026-07-07 10:13:45
NSW,"Warabrook,Newcastle, Maitland & Hunter NSW",1,Healthcare / Aged Care,$31,2026-07-05 19:42:30
NSW,"Waratah,Newcastle, Maitland & Hunter NSW",12,Security,$35,2026-07-07 10:13:45
NSW,"Warilla,Wollongong, Illawarra & South Coast NSW",2,Construction,N/A,2026-06-30 14:33:23
NSW,"Warners Bay,Newcastle, Maitland & Hunter NSW",15,Cleaning / Facilities,"$37,515",2026-07-06 04:15:23
NSW,"Warnervale,Gosford & Central Coast NSW",10,Warehouse / Distribution,N/A,2026-07-06 20:26:43
NSW,"Warrawee,Sydney NSW",5,Cleaning / Facilities,$35,2026-07-07 10:15:24
NSW,"Warrawong,Wollongong, Illawarra & South Coast NSW",3,Retail,N/A,2026-07-06 11:07:31
NSW,"Warren,Dubbo & Central NSW",15,Agriculture / Farms,"$75,000",2026-07-04 13:51:38
NSW,"Warriewood,Sydney NSW",4,Healthcare / Aged Care,$90,2026-07-05 14:07:25
NSW,"Warwick Farm,Sydney NSW",1,Warehouse / Distribution,N/A,2026-06-28 09:38:29
NSW,"Waterloo,Sydney NSW",4,Healthcare / Aged Care,$39,2026-07-04 19:37:12
NSW,"Watsons Bay,Sydney NSW",1,Hospitality,N/A,2026-06-28 04:32:54
NSW,"Wauchope,Port Macquarie & Mid North Coast NSW",8,Agriculture / Farms,$30,2026-07-04 03:47:37
NSW,"Waverley,Sydney NSW",2,Hospitality,$600,2026-06-30 10:06:45
NSW,"Wee Waa,Tamworth & North West NSW",1,Agriculture / Farms,N/A,2026-07-05 09:20:57
NSW,"Wentworth Falls,Blue Mountains & Central West NSW",11,Healthcare / Aged Care,$2,2026-07-05 14:07:25
NSW,"Wentworthville,Sydney NSW",3,Healthcare / Aged Care,$38,2026-06-30 14:44:44
NSW,"West Albury,Albury Area NSW",6,Healthcare / Aged Care,$29,2026-06-30 10:07:00
NSW,"West Ballina,Lismore & Far North Coast NSW",2,Healthcare / Aged Care,$40,2026-07-06 11:02:30
NSW,"West Gosford,Gosford & Central Coast NSW",20,Warehouse / Distribution,$31,2026-07-06 16:07:24
NSW,"West Pennant Hills,Sydney NSW",1,Hospitality,N/A,2026-06-25 14:58:30
NSW,"West Ryde,Sydney NSW",2,Security,N/A,2026-06-28 04:42:48
NSW,"West Wyalong,Dubbo & Central NSW",37,FIFO / Mines,$91,2026-07-05 19:31:07
NSW,"West Wyalong,Dubbo & Central NSW(Remote)",2,FIFO / Mines,$59,2026-07-05 09:19:10
NSW,"Westmead,Sydney NSW",18,Healthcare / Aged Care,"$17,745",2026-07-07 10:13:45
NSW,"Wetherill Park,Sydney NSW",86,Warehouse / Distribution,"$4,406",2026-07-07 10:15:38
NSW,"Wetherill Park,Sydney NSW(Hybrid)",1,Warehouse / Distribution,N/A,2026-06-22 08:18:36
NSW,"Whalan,Sydney NSW",3,Cleaning / Facilities,N/A,2026-06-30 14:56:19
NSW,"Wickham,Newcastle, Maitland & Hunter NSW",1,Hospitality,$38,2026-06-24 14:54:25
NSW,"Wildes Meadow,Southern Highlands & Tablelands NSW",1,Agriculture / Farms,"$58,000",2026-06-22 12:21:35
NSW,"Windsor,Richmond & Hawkesbury NSW",13,Retail,$40,2026-07-06 20:24:30
NSW,"Wollongbar,Lismore & Far North Coast NSW",3,Agriculture / Farms,N/A,2026-06-23 15:22:01
NSW,"Wollongong,Illawarra & South Coast NSW",2,Construction,$50,2026-06-26 14:54:42
NSW,"Wollongong,Wollongong, Illawarra & South Coast NSW",113,Construction,"$12,965",2026-07-06 15:55:16
NSW,"Wollongong,Wollongong, Illawarra & South Coast NSW(Hybrid)",3,Security,"$60,445",2026-06-28 04:42:48
NSW,"Wollongong,Wollongong, Illawarra & South Coast NSW(Remote)",15,Healthcare / Aged Care,$41,2026-07-05 19:42:30
NSW,"Wollstonecraft,Sydney NSW",1,Healthcare / Aged Care,N/A,2026-06-22 08:13:36
NSW,"Woolgoolga,Coffs Harbour & North Coast NSW",8,Healthcare / Aged Care,$33,2026-07-03 04:00:58
NSW,"Woollahra,Sydney NSW",12,Retail,$25,2026-07-06 20:18:17
NSW,"Woolloomooloo,Sydney NSW",4,Healthcare / Aged Care,$34,2026-06-22 12:30:52
NSW,"Woolloomooloo,Sydney NSW(Hybrid)",3,Warehouse / Distribution,N/A,2026-07-05 04:18:58
NSW,"Woy Woy,Gosford & Central Coast NSW",3,Cleaning / Facilities,$38,2026-06-27 04:21:50
NSW,"Wyee,Newcastle, Maitland & Hunter NSW",2,Healthcare / Aged Care,$31,2026-07-03 09:42:36
NSW,"Wyong Creek,Gosford & Central Coast NSW",1,FIFO / Mines,$40,2026-06-24 14:47:22
NSW,"Wyong,Gosford & Central Coast NSW",28,FIFO / Mines,"$10,427",2026-07-05 09:35:50
NSW,"Yamba,Coffs Harbour & North Coast NSW",3,Cleaning / Facilities,N/A,2026-07-07 10:15:38
NSW,"Yanco,Wagga Wagga & Riverina NSW",1,Construction,$3,2026-06-25 09:34:21
NSW,"Yass,Southern Highlands & Tablelands NSW",4,Retail,$33,2026-07-01 04:39:33
NSW,"Yennora,Sydney NSW",17,Logistics / Transport,"$7,809",2026-07-07 10:00:24
NSW,"Yeoval,Blue Mountains & Central West NSW",2,Cleaning / Facilities,$27,2026-06-27 04:23:10
NSW,"Young,Southern Highlands & Tablelands NSW",15,Agriculture / Farms,"$47,338",2026-07-05 19:25:49
NSW,"Zetland,Sydney NSW",8,Retail,"$90,000",2026-07-06 20:26:43
NSW,"atAnglicare NSW South, NSW West & ACT",1,Healthcare / Aged Care,$34,2026-06-30 14:44:44
NSW,atArc @ UNSW,1,Hospitality,N/A,2026-06-28 04:32:54
NSW,atCarpet Call - NSW,1,Security,"$60,000",2026-06-25 09:55:10
NSW,atCentral Coast Council NSW,1,Construction,N/A,2026-06-25 14:46:43
NSW,atCrewe Sharp NSW,1,Cleaning / Facilities,$46,2026-07-02 14:39:05
NSW,atDB Services (NSW) Pty Ltd,1,FIFO / Mines,"$72,000",2026-06-22 08:02:38
NSW,atExcel Contracting NSW,2,FIFO / Mines,$40,2026-07-05 09:18:06
NSW,atExpress Employment Professionals Greystanes NSW,6,Logistics / Transport,$34,2026-07-07 10:11:40
NSW,atFar West NSW Local Health District,6,Healthcare / Aged Care,"$42,949",2026-06-30 10:07:00
NSW,atForestry Corporation of NSW,4,Agriculture / Farms,N/A,2026-06-30 20:12:57
NSW,atFrontline Hospitality ACT & Southern NSW,1,Hospitality,$81,2026-06-23 15:27:16
NSW,atGough Recruitment NSW,2,Cleaning / Facilities,$85,2026-06-28 14:25:18
NSW,atHealthcare Australia - Care NSW,5,Healthcare / Aged Care,$35,2026-07-02 14:29:17
NSW,atHealthcare Australia - Nursing NSW,4,Healthcare / Aged Care,$37,2026-07-05 14:07:25
NSW,atIndustrious People NSW,18,Agriculture / Farms,$32,2026-07-07 10:00:24
NSW,atJBL Group NSW Pty Ltd,3,FIFO / Mines,$44,2026-06-29 20:10:43
NSW,atMotor Neurone Disease New South Wales Ltd,1,Logistics / Transport,"$61,792",2026-07-02 14:24:22
NSW,atNSW Department of Customer Service,3,Security,"$124,167",2026-06-28 04:42:48
NSW,atNSW Health Pathology,3,Healthcare / Aged Care,"$46,924",2026-06-22 08:13:36
NSW,atNSW Medical Centre,2,Healthcare / Aged Care,N/A,2026-06-29 11:25:45
NSW,atNSW Police Force,1,Retail,"$75,728",2026-06-27 04:14:59
NSW,atNorthern NSW Local Health District,12,Healthcare / Aged Care,"$82,749",2026-06-30 10:06:45
NSW,atPeoplebank Australia NSW,2,Security,N/A,2026-06-28 04:42:48
NSW,atPrestige Inhome Care NSW,1,Healthcare / Aged Care,$46,2026-06-24 14:58:56
NSW,atProtech NSW,4,Construction,N/A,2026-07-07 10:00:24
NSW,atResources NSW,1,FIFO / Mines,$50,2026-06-24 14:46:41
NSW,atSCA Engineering (NSW) Pty Ltd,2,Construction,$38,2026-06-25 14:47:32
NSW,atScouts Australia NSW,2,Cleaning / Facilities,$33,2026-06-27 04:21:50
NSW,atService NSW,1,Retail,"$74,118",2026-06-27 04:14:59
NSW,atSouthern Cross Care (NSW & ACT),6,Healthcare / Aged Care,$32,2026-07-05 19:42:30
NSW,atSouthern Precast NSW Pty Ltd,2,Construction,N/A,2026-07-03 09:28:40
NSW,atSpecsavers Liverpool NSW Pty Ltd,1,Retail,$27,2026-06-28 14:17:09
NSW,atSt Vincent de Paul Society NSW,23,Retail,N/A,2026-07-06 20:26:43
NSW,atTPGA NSW PTY LTD,4,Security,N/A,2026-06-30 14:53:44
NSW,atTransport for NSW,5,FIFO / Mines,N/A,2026-07-05 09:18:06
NSW,atUniting NSW & ACT,11,Healthcare / Aged Care,$34,2026-07-05 19:42:30
NSW,atUniversity of New South Wales,1,Healthcare / Aged Care,$113,2026-06-26 14:51:01
NSW,atWOODWARD FOODS AUSTRALIA -NSW WHOLESALE,3,Agriculture / Farms,N/A,2026-06-26 14:43:31
NSW,atWe Care NSW TRH Psychology and Cultural Consultancy Services,3,Healthcare / Aged Care,$43,2026-06-29 11:25:45
NSW,atWesTrac NSW,22,FIFO / Mines,"$15,607",2026-07-05 09:18:06
NSW,atWestern NSW Local Health District,2,Healthcare / Aged Care,"$74,317",2026-07-04 19:37:12
NSW,atWorkPac - Mining NSW/SA,71,FIFO / Mines,$66,2026-07-05 19:31:07
NT,"Acacia Hills,Darwin NT",3,FIFO / Mines,N/A,2026-06-24 09:43:50
NT,"Ali Curung,Katherine & Northern Australia NT",14,Agriculture / Farms,"$122,000",2026-07-07 10:00:07
NT,"Alice Springs,Alice Springs & Central Australia NT",665,Healthcare / Aged Care,"$42,181",2026-07-07 10:16:22
NT,"Alice Springs,Alice Springs & Central Australia NT(Hybrid)",2,Healthcare / Aged Care,N/A,2026-06-30 04:22:26
NT,"Alice Springs,Alice Springs & Central Australia NT(Remote)",24,FIFO / Mines,"$3,851",2026-07-07 10:11:22
NT,"Baines,Katherine & Northern Australia NT",1,Agriculture / Farms,N/A,2026-06-22 12:22:10
NT,"Batchelor,Darwin NT",3,Hospitality,$49,2026-06-30 20:18:16
NT,"Bathurst Island,Darwin NT",10,Logistics / Transport,"$85,000",2026-07-05 09:34:54
NT,"Berrimah,Darwin NT",308,Warehouse / Distribution,"$37,158",2026-07-07 10:16:22
NT,"Berry Springs,Darwin NT",9,Hospitality,N/A,2026-07-07 10:05:20
NT,"Borroloola,Katherine & Northern Australia NT",19,FIFO / Mines,$50,2026-07-07 10:11:22
NT,"Bradshaw,Katherine & Northern Australia NT",5,Security,N/A,2026-07-06 04:28:07
NT,"Casuarina,Darwin NT",78,Retail,"$5,321",2026-07-06 04:25:29
NT,"Coconut Grove,Darwin NT",23,Retail,$30,2026-07-06 04:25:29
NT,"Coolalinga,Darwin NT",42,Healthcare / Aged Care,"$56,777",2026-07-06 20:25:18
NT,"Darwin International Airport,Darwin NT",53,Hospitality,"$23,353",2026-07-07 10:10:32
NT,Darwin NT,2488,FIFO / Mines,"$24,318",2026-07-07 10:16:22
NT,Darwin NT(Hybrid),43,Healthcare / Aged Care,"$29,720",2026-07-07 10:11:22
NT,Darwin NT(Remote),52,FIFO / Mines,"$12,825",2026-07-07 10:16:22
NT,"Darwin River Dam,Darwin NT",31,Warehouse / Distribution,$33,2026-07-07 10:10:32
NT,"Darwin River,Darwin NT",7,Construction,"$70,000",2026-07-05 13:53:52
NT,"Driver,Darwin NT",6,Construction,N/A,2026-07-05 09:15:06
NT,"East Arm,Darwin NT",143,Logistics / Transport,"$12,809",2026-07-07 10:10:32
NT,"Eaton,Darwin NT",9,FIFO / Mines,N/A,2026-07-05 14:01:33
NT,"Fannie Bay,Darwin NT",50,Construction,N/A,2026-07-07 10:16:22
NT,"Gapuwiyak,Katherine & Northern Australia NT",1,Healthcare / Aged Care,$7,2026-06-23 15:27:41
NT,"Gove,Katherine & Northern Australia NT",76,FIFO / Mines,"$33,316",2026-07-07 10:11:22
NT,"Groote Eylandt,Katherine & Northern Australia NT",2,Construction,$66,2026-06-28 04:20:14
NT,"Gunbalanya,Katherine & Northern Australia NT(Hybrid)",2,Healthcare / Aged Care,"$123,800",2026-06-29 16:11:44
NT,"Holtze,Darwin NT",86,Construction,"$10,398",2026-07-07 10:16:22
NT,"Humpty Doo,Darwin NT",62,FIFO / Mines,$46,2026-07-07 10:16:22
NT,"Humpty Doo,Darwin NT(Remote)",3,FIFO / Mines,$40,2026-07-06 04:07:49
NT,"Jabiru,Katherine & Northern Australia NT",9,Construction,"$70,000",2026-07-04 19:22:39
NT,"Johnston,Darwin NT",6,Healthcare / Aged Care,"$67,000",2026-06-29 16:11:44
NT,"Kakadu,Katherine & Northern Australia NT",23,FIFO / Mines,"$3,086",2026-07-07 10:05:20
NT,"Kaltukatjara,Alice Springs & Central Australia NT",2,Healthcare / Aged Care,N/A,2026-06-23 15:27:41
NT,Katherine & Northern Australia NT,2,Healthcare / Aged Care,N/A,2026-06-29 04:41:04
NT,Katherine & Northern Australia NT(Remote),1,Healthcare / Aged Care,$105,2026-06-29 04:41:04
NT,"Katherine East,Katherine & Northern Australia NT",4,Hospitality,N/A,2026-07-01 04:40:07
NT,"Katherine,Katherine & Northern Australia NT",440,Agriculture / Farms,"$38,637",2026-07-07 10:16:22
NT,"Katherine,Katherine & Northern Australia NT(Remote)",10,Construction,$58,2026-07-07 09:54:42
NT,"Knuckey Lagoon,Darwin NT",11,Security,$33,2026-07-06 04:28:07
NT,"Lajamanu,Alice Springs & Central Australia NT",14,Healthcare / Aged Care,"$100,000",2026-07-06 04:19:11
NT,"Lajamanu,Alice Springs & Central Australia NT(Remote)",3,Healthcare / Aged Care,N/A,2026-06-29 16:11:44
NT,"Larapinta,Alice Springs & Central Australia NT",4,Healthcare / Aged Care,$72,2026-07-03 14:38:21
NT,"Larrakeyah,Darwin NT",7,Construction,N/A,2026-07-05 19:27:30
NT,"Ludmilla,Darwin NT",1,Hospitality,N/A,2026-06-25 09:44:15
NT,"Manton,Darwin NT",9,FIFO / Mines,$45,2026-06-30 14:36:16
NT,"Manton,Darwin NT(Remote)",3,Construction,$45,2026-07-04 19:22:39
NT,"Marrakai,Darwin NT",1,FIFO / Mines,"$100,000",2026-07-05 19:30:08
NT,"Marrara,Darwin NT",2,FIFO / Mines,"$65,000",2026-06-22 08:03:14
NT,"Mataranka,Katherine & Northern Australia NT",12,Agriculture / Farms,N/A,2026-07-07 10:00:07
NT,"McArthur,Katherine & Northern Australia NT",3,Hospitality,$32,2026-07-02 14:27:51
NT,"Moulden,Darwin NT",16,Retail,N/A,2026-07-06 16:02:46
NT,"Mutitjulu,Alice Springs & Central Australia NT",2,Hospitality,$36,2026-07-03 14:32:43
NT,"Nhulunbuy,Katherine & Northern Australia NT",43,Healthcare / Aged Care,"$5,269",2026-07-07 10:16:22
NT,"Nhulunbuy,Katherine & Northern Australia NT(Remote)",4,Warehouse / Distribution,N/A,2026-06-29 04:48:22
NT,"Nightcliff,Darwin NT(Hybrid)",10,Healthcare / Aged Care,$40,2026-07-06 04:19:11
NT,"Nitmiluk,Katherine & Northern Australia NT",14,Agriculture / Farms,N/A,2026-07-07 10:11:22
NT,Northern Territory,4,FIFO / Mines,N/A,2026-07-06 04:08:04
NT,"Palmerston,Darwin NT",184,Retail,"$14,965",2026-07-07 10:16:22
NT,"Parap,Darwin NT",9,Healthcare / Aged Care,N/A,2026-07-03 14:38:21
NT,"Pinelands,Darwin NT",26,Warehouse / Distribution,$50,2026-07-07 10:10:32
NT,"Point Stuart,Darwin NT",1,Cleaning / Facilities,$40,2026-07-05 19:51:09
NT,"Rapid Creek,Darwin NT",11,Hospitality,$43,2026-07-07 10:05:20
NT,"Santa Teresa,Alice Springs & Central Australia NT",1,Retail,N/A,2026-06-26 14:53:05
NT,"Stuart Park,Darwin NT",15,Hospitality,N/A,2026-07-07 09:54:42
NT,"Tablelands,Katherine & Northern Australia NT",25,Agriculture / Farms,N/A,2026-07-07 10:00:07
NT,"Tanami East,Katherine & Northern Australia NT",7,FIFO / Mines,N/A,2026-06-30 14:34:21
NT,"Tanami,Alice Springs & Central Australia NT",5,FIFO / Mines,N/A,2026-06-27 19:57:49
NT,"Tennant Creek,Katherine & Northern Australia NT",61,Healthcare / Aged Care,"$11,908",2026-07-06 16:02:06
NT,"Tennant Creek,Katherine & Northern Australia NT(Remote)",1,Retail,N/A,2026-07-05 14:10:30
NT,"The Gardens,Darwin NT",4,Hospitality,N/A,2026-07-07 10:05:20
NT,"Ti Tree,Alice Springs & Central Australia NT",2,Healthcare / Aged Care,N/A,2026-06-29 16:11:44
NT,"Tindal,Katherine & Northern Australia NT",35,Hospitality,N/A,2026-07-07 09:54:42
NT,"Tivendale,Darwin NT",17,FIFO / Mines,N/A,2026-07-03 19:38:02
NT,"Tiwi Islands,Darwin NT",5,Agriculture / Farms,"$75,000",2026-07-05 13:59:08
NT,"Tiwi,Darwin NT",6,Security,$30,2026-07-02 14:37:38
NT,"Tumbling Waters,Darwin NT",8,Hospitality,$35,2026-07-07 10:05:20
NT,"Umbakumba,Katherine & Northern Australia NT",1,Healthcare / Aged Care,"$92,582",2026-06-23 15:27:41
NT,"Victoria River,Katherine & Northern Australia NT",9,Agriculture / Farms,N/A,2026-07-07 10:00:07
NT,"Virginia,Darwin NT",8,Construction,"$100,000",2026-07-03 19:38:02
NT,"Wadeye,Katherine & Northern Australia NT",44,Cleaning / Facilities,"$2,326",2026-07-07 10:16:22
NT,"Warumungu,Katherine & Northern Australia NT",1,Agriculture / Farms,N/A,2026-07-03 09:36:07
NT,"Winnellie,Darwin NT",269,Warehouse / Distribution,"$17,413",2026-07-07 10:16:22
NT,"Winnellie,Darwin NT(Hybrid)",3,Healthcare / Aged Care,$98,2026-06-29 16:11:44
NT,"Wishart,Darwin NT",2,Construction,N/A,2026-07-05 14:01:33
NT,"Woolner,Darwin NT",52,Warehouse / Distribution,"$4,361",2026-07-07 10:10:32
NT,"Yarralin,Katherine & Northern Australia NT",2,Security,N/A,2026-06-25 15:01:37
NT,"Yarrawonga,Darwin NT",48,Construction,"$34,591",2026-07-07 10:10:32
NT,"Yirrkala,Katherine & Northern Australia NT",23,FIFO / Mines,$38,2026-07-07 10:16:22
NT,"Yulara,Alice Springs & Central Australia NT",25,Security,$35,2026-07-07 10:05:20
NT,"Yulara,Alice Springs & Central Australia NT(Remote)",5,Retail,N/A,2026-07-05 14:10:30
NT,atAMENTUM,85,Cleaning / Facilities,"$67,595",2026-07-07 10:16:22
NT,atAirpower (NT) Pty Ltd,4,Retail,"$150,000",2026-06-26 20:15:13
NT,atAkron Group NT Pty Ltd,27,Warehouse / Distribution,"$39,014",2026-07-07 10:10:32
NT,atAll Cast (NT),2,Construction,$40,2026-06-28 14:01:45
NT,atAnglicare NT,7,Healthcare / Aged Care,$3,2026-07-02 14:37:38
NT,atAsbuild NT,11,FIFO / Mines,$45,2026-06-30 04:24:35
NT,atAutomobile Association of Northern Territory,1,Retail,$70,2026-06-22 12:32:28
NT,atBDO (NT),2,Security,N/A,2026-07-02 14:37:38
NT,atBrandit NT,3,Hospitality,$28,2026-06-24 14:56:30
NT,atC.G.PLUMBING NT,1,Construction,N/A,2026-07-03 14:21:55
NT,atCDC Northern Territory,6,Logistics / Transport,N/A,2026-07-05 14:01:33
NT,atCENTORRINO TECHNOLOGIES PTY LTD,1,Retail,N/A,2026-06-22 12:32:28
NT,atCK plumbing and maintenance NT,1,Construction,$60,2026-07-03 14:21:55
NT,atCarers NT,2,Cleaning / Facilities,N/A,2026-06-27 14:19:06
NT,atCatholicCare NT,29,Security,"$12,720",2026-07-06 16:02:06
NT,atCivilX NT,4,FIFO / Mines,N/A,2026-07-07 10:11:22
NT,atCombined Services NT Pty Ltd,3,Construction,$60,2026-07-05 09:15:06
NT,atDSANT- Down Syndrome Association NT,2,Healthcare / Aged Care,"$88,090",2026-06-27 04:12:56
NT,atDepartment of Corrections - Northern Territory Government,49,Security,"$82,048",2026-07-06 04:28:07
NT,atEcotreat Solutions NT,12,FIFO / Mines,N/A,2026-07-05 14:10:16
NT,atFlynns NT,2,Construction,$60,2026-06-30 04:07:15
NT,atFoster and Kinship Carers Association NT Inc,4,Healthcare / Aged Care,"$84,006",2026-07-05 19:40:54
NT,atFrontline Retail Regional QLD & NT,4,Retail,N/A,2026-06-29 11:26:54
NT,atGTNT,2,Security,"$57,838",2026-06-23 15:36:14
NT,atHealthcare Australia - Nursing NT,1,Healthcare / Aged Care,$46,2026-06-22 08:11:59
NT,atHealthy Living NT,3,Healthcare / Aged Care,"$100,000",2026-06-29 16:11:44
NT,atMEC NT,6,Construction,$56,2026-06-30 04:07:15
NT,atMech Elec NT Pty Ltd,2,Construction,$60,2026-06-30 04:07:15
NT,atMoore Australia (NT),2,Retail,N/A,2026-07-05 14:10:30
NT,atNEPTUNE NT PTY LTD,4,Security,N/A,2026-07-06 04:28:07
NT,atNT Electrical Group,10,FIFO / Mines,N/A,2026-07-06 04:07:49
NT,atNT FRIENDSHIP & SUPPORT,4,Healthcare / Aged Care,N/A,2026-07-06 16:02:06
NT,atNT Link Pty Ltd,11,FIFO / Mines,"$6,588",2026-07-03 14:25:53
NT,atNT Mining Operations Pty Ltd,25,FIFO / Mines,N/A,2026-07-07 10:11:22
NT,atNT Proform,5,Construction,$35,2026-07-05 13:53:52
NT,atNT Property Maintenance,2,Security,"$50,000",2026-07-06 11:14:38
NT,atNorthern Territory Fire and Emergency Service,1,Security,"$179,451",2026-06-26 09:59:39
NT,atNorthern Territory Health,5,Healthcare / Aged Care,"$145,438",2026-07-06 04:19:11
NT,atNorthern Territory Legal Aid Commission,1,Security,"$68,776",2026-06-23 04:24:22
NT,atNorthern Territory PHN - Rural Workforce Agency,4,Healthcare / Aged Care,N/A,2026-06-29 16:11:44
NT,atNorthern Territory Police,1,Healthcare / Aged Care,"$134,618",2026-06-30 04:22:26
NT,atPLUMBING NT PTY LTD,1,Construction,"$125,000",2026-07-03 14:21:55
NT,atPremium Plumbing NT Pty Ltd,1,Security,"$80,000",2026-06-23 04:24:22
NT,atProtech NT,21,FIFO / Mines,$58,2026-07-07 10:11:22
NT,atQUALITY CONSTRUCTIONS AND MAINTENANCE,7,Construction,N/A,2026-07-05 13:53:52
NT,atRoyal Flying Doctor Service SA / NT,7,Healthcare / Aged Care,N/A,2026-07-06 04:19:11
NT,atShamrock Chemicals (NT) Pty Lyd,10,Warehouse / Distribution,N/A,2026-07-05 19:30:08
NT,"atSouthern Cross Care (SA, NT & VIC) Inc.",10,Construction,N/A,2026-07-07 10:16:22
NT,atSt John Ambulance Australia (NT) Inc,9,Healthcare / Aged Care,"$126,988",2026-07-03 14:38:21
NT,atSt Vincent de Paul Society Northern Territory,3,Retail,$29,2026-07-01 04:40:07
NT,atStarcraftNT Pty Ltd T/A ToplockNT,7,Security,"$95,000",2026-07-06 04:28:07
NT,atUnited NT Disability Services,6,Healthcare / Aged Care,$33,2026-06-27 14:11:06
NT,atXtreme Contracting NT Pty LTd,6,Agriculture / Farms,$34,2026-07-05 19:31:53
NT,atiWater NT Pty Ltd,1,Construction,$45,2026-07-03 14:21:55
QLD,"Acacia Ridge,Brisbane QLD",40,Warehouse / Distribution,"$17,107",2026-07-06 11:10:33
QLD,"Acacia Ridge,Brisbane QLD(Hybrid)",1,Agriculture / Farms,N/A,2026-06-30 14:37:49
QLD,"Advancetown,Gold Coast QLD",3,Hospitality,$32,2026-06-28 14:11:50
QLD,"Agnes Water,Gladstone & Central QLD",2,Construction,$45,2026-06-26 14:36:17
QLD,"Airlie Beach,Northern QLD",5,Hospitality,"$79,010",2026-07-06 20:08:11
QLD,"Airville,Northern QLD",12,Agriculture / Farms,N/A,2026-07-07 09:59:19
QLD,"Aitkenvale,Northern QLD",4,Cleaning / Facilities,$25,2026-06-30 20:26:07
QLD,"Albany Creek,Brisbane QLD(Hybrid)",1,Cleaning / Facilities,$38,2026-07-02 14:39:01
QLD,"Albany Creek,Brisbane QLD(Remote)",1,Healthcare / Aged Care,$41,2026-06-29 04:41:22
QLD,"Albion,Brisbane QLD",4,Construction,$45,2026-06-30 20:07:49
QLD,"Alexandra Headland,Sunshine Coast QLD",8,Hospitality,$39,2026-07-06 11:14:14
QLD,"Allora,Toowoomba & Darling Downs QLD",1,FIFO / Mines,$42,2026-06-24 14:46:40
QLD,"Alpha,Western QLD",1,Healthcare / Aged Care,N/A,2026-06-30 20:20:28
QLD,"Amberley,Brisbane QLD",2,Cleaning / Facilities,$50,2026-06-30 14:40:36
QLD,"Andergrove,Mackay & Coalfields QLD",2,FIFO / Mines,N/A,2026-06-29 20:10:15
QLD,"Arana Hills,Brisbane QLD",1,Hospitality,N/A,2026-06-30 10:03:18
QLD,"Archerfield,Brisbane QLD",12,Warehouse / Distribution,$29,2026-07-05 09:34:43
QLD,"Arundel,Gold Coast QLD",9,Logistics / Transport,$37,2026-07-03 14:32:33
QLD,"Arundel,Gold Coast QLD(Hybrid)",3,Warehouse / Distribution,N/A,2026-06-30 10:11:28
QLD,"Ascot,Brisbane QLD",2,Cleaning / Facilities,N/A,2026-06-26 20:22:46
QLD,"Ashmore,Gold Coast QLD",13,Construction,$685,2026-07-07 10:07:03
QLD,"Aspley,Brisbane QLD",6,Hospitality,$31,2026-06-26 20:11:04
QLD,"Atherton,Cairns & Far North QLD",21,Agriculture / Farms,$35,2026-06-30 14:37:49
QLD,"Auchenflower,Brisbane QLD",2,FIFO / Mines,N/A,2026-07-06 10:53:54
QLD,"Auchenflower,Brisbane QLD(Hybrid)",2,Cleaning / Facilities,$38,2026-06-30 10:16:50
QLD,"Augathella,Western QLD",1,Agriculture / Farms,"$80,000",2026-06-23 15:20:16
QLD,"Ayr,Northern QLD",22,Agriculture / Farms,"$80,000",2026-07-05 13:58:47
QLD,"Ayr,Northern QLD(Remote)",2,Healthcare / Aged Care,$36,2026-07-06 16:00:35
QLD,"Bakers Creek,Mackay & Coalfields QLD",3,Construction,$45,2026-06-30 04:07:19
QLD,"Ballandean,Toowoomba & Darling Downs QLD",1,Hospitality,$35,2026-06-24 09:54:30
QLD,"Balmoral,Brisbane QLD",1,Healthcare / Aged Care,$45,2026-07-07 10:07:03
QLD,"Bamboo,Cairns & Far North QLD",1,FIFO / Mines,N/A,2026-07-07 09:55:11
QLD,"Banana,Gladstone & Central QLD",1,Hospitality,"$75,000",2026-06-25 09:43:53
QLD,"Banya,Sunshine Coast QLD",2,Construction,$45,2026-07-07 09:53:05
QLD,"Banyo,Brisbane QLD",12,Warehouse / Distribution,"$23,359",2026-07-03 04:10:45
QLD,"Baralaba,Gladstone & Central QLD",1,FIFO / Mines,$71,2026-07-01 04:26:48
QLD,"Bargara,Bundaberg & Wide Bay Burnett QLD",14,Cleaning / Facilities,$32,2026-07-03 19:49:55
QLD,"Baringa,Sunshine Coast QLD",17,Logistics / Transport,"$5,745",2026-07-06 20:24:53
QLD,"Beachmere,Brisbane QLD",4,Cleaning / Facilities,"$65,000",2026-07-03 14:32:33
QLD,"Beaudesert,Gold Coast QLD",24,Agriculture / Farms,"$17,527",2026-07-07 09:59:19
QLD,"Beaudesert,Gold Coast QLD(Hybrid)",1,Cleaning / Facilities,N/A,2026-07-07 10:16:26
QLD,"Beenleigh,Brisbane QLD",18,Agriculture / Farms,$30,2026-07-05 13:58:47
QLD,"Beerwah,Sunshine Coast QLD",30,Hospitality,"$12,316",2026-07-06 20:06:26
QLD,"Belgian Gardens,Northern QLD",1,Security,N/A,2026-07-03 14:44:42
QLD,"Bell,Toowoomba & Darling Downs QLD",2,Agriculture / Farms,"$65,000",2026-07-07 09:59:19
QLD,"Bellbird Park,Brisbane QLD",1,Cleaning / Facilities,$2,2026-06-23 15:38:30
QLD,"Belmont,Brisbane QLD",1,Healthcare / Aged Care,$55,2026-06-25 15:00:34
QLD,"Benowa,Gold Coast QLD",25,Healthcare / Aged Care,"$20,774",2026-07-06 16:02:37
QLD,"Bentley Park,Cairns & Far North QLD",5,Security,N/A,2026-06-30 14:42:20
QLD,"Berrinba,Brisbane QLD",19,Logistics / Transport,$37,2026-07-06 20:16:29
QLD,"Bethania,Brisbane QLD",4,Healthcare / Aged Care,$36,2026-06-29 16:12:26
QLD,"Biggera Waters,Gold Coast QLD",20,Retail,$30,2026-07-07 10:16:39
QLD,"Bilinga,Gold Coast QLD",12,Cleaning / Facilities,$32,2026-06-28 09:43:45
QLD,"Biloela,Gladstone & Central QLD",10,Agriculture / Farms,$15,2026-07-07 09:57:39
QLD,"Birkdale,Brisbane QLD",4,Cleaning / Facilities,"$63,000",2026-06-30 04:31:53
QLD,"Birtinya,Sunshine Coast QLD",26,Healthcare / Aged Care,"$14,032",2026-07-06 11:14:14
QLD,"Blacksoil,Brisbane QLD",1,Retail,N/A,2026-06-24 09:59:17
QLD,"Blackstone,Brisbane QLD",1,FIFO / Mines,N/A,2026-06-25 20:12:52
QLD,"Blackwater,Gladstone & Central QLD",42,FIFO / Mines,"$7,687",2026-07-07 09:57:28
QLD,"Blackwater,Gladstone & Central QLD(Remote)",1,Hospitality,"$98,587",2026-06-22 12:25:33
QLD,"Bli Bli,Sunshine Coast QLD",4,Cleaning / Facilities,N/A,2026-06-29 11:34:46
QLD,"Bohle,Northern QLD",6,Agriculture / Farms,$70,2026-07-02 14:14:40
QLD,"Bokarina,Sunshine Coast QLD",1,Hospitality,"$70,000",2026-07-03 14:32:33
QLD,"Bonogin,Gold Coast QLD",1,Construction,$50,2026-06-27 13:55:24
QLD,"Booroobin,Brisbane QLD",1,Cleaning / Facilities,$35,2026-07-06 11:14:14
QLD,"Booval,Brisbane QLD",8,Hospitality,$33,2026-07-03 09:40:21
QLD,"Bowen Hills,Brisbane QLD",15,Healthcare / Aged Care,"$65,867",2026-07-05 09:34:43
QLD,"Bowen,Northern QLD",19,FIFO / Mines,"$12,117",2026-07-07 10:16:39
QLD,"Bowenville,Toowoomba & Darling Downs QLD",1,Agriculture / Farms,N/A,2026-06-30 14:37:49
QLD,"Bracken Ridge,Brisbane QLD",3,Hospitality,$33,2026-06-30 20:17:16
QLD,"Bray Park,Brisbane QLD",10,Hospitality,$29,2026-07-01 04:34:13
QLD,"Brendale,Brisbane QLD",72,Warehouse / Distribution,"$2,239",2026-07-07 09:53:05
QLD,"Brendale,Brisbane QLD(Hybrid)",3,Warehouse / Distribution,"$78,000",2026-07-03 04:08:45
QLD,"Bribie Island,Brisbane QLD",4,Cleaning / Facilities,"$15,900",2026-07-02 14:30:07
QLD,"Brisbane Airport,Brisbane QLD",100,Retail,$51,2026-07-06 11:14:14
QLD,"Brisbane Market,Brisbane QLD(Hybrid)",1,Warehouse / Distribution,N/A,2026-07-02 14:33:56
QLD,Brisbane QLD,1088,Construction,"$24,605",2026-07-07 10:16:39
QLD,Brisbane QLD(Hybrid),43,Retail,"$78,172",2026-07-06 20:08:11
QLD,Brisbane QLD(Remote),29,Retail,"$78,299",2026-07-07 10:07:03
QLD,"Broadbeach Waters,Gold Coast QLD",5,Retail,$33,2026-07-03 09:44:47
QLD,"Broadbeach,Gold Coast QLD",58,Hospitality,"$3,985",2026-07-07 10:16:39
QLD,"Brookwater,Brisbane QLD",2,Logistics / Transport,"$40,020",2026-06-27 13:56:17
QLD,"Browns Plains,Brisbane QLD",8,Hospitality,$34,2026-07-02 14:33:56
QLD,"Browns Plains,Brisbane QLD(Hybrid)",3,Cleaning / Facilities,$38,2026-07-02 14:39:01
QLD,"Buddina,Sunshine Coast QLD",4,Cleaning / Facilities,$35,2026-07-06 11:14:14
QLD,"Buderim,Sunshine Coast QLD",11,Cleaning / Facilities,$48,2026-07-07 10:16:26
QLD,"Buderim,Sunshine Coast QLD(Hybrid)",1,Healthcare / Aged Care,N/A,2026-06-25 15:00:34
QLD,"Bulimba,Brisbane QLD",3,Hospitality,N/A,2026-06-29 11:24:56
QLD,"Bundaberg Central,Bundaberg & Wide Bay Burnett QLD",5,Hospitality,$30,2026-06-28 14:11:50
QLD,"Bundaberg Central,Bundaberg & Wide Bay Burnett QLD(Hybrid)",2,Cleaning / Facilities,N/A,2026-07-02 14:36:32
QLD,"Bundaberg East,Bundaberg & Wide Bay Burnett QLD",3,FIFO / Mines,$40,2026-06-28 14:01:51
QLD,"Bundaberg,Bundaberg & Wide Bay Burnett QLD",146,Agriculture / Farms,"$20,449",2026-07-07 10:16:39
QLD,"Bundaberg,Bundaberg & Wide Bay Burnett QLD(Remote)",2,Retail,N/A,2026-06-27 04:14:44
QLD,"Bundall,Gold Coast QLD",26,Retail,"$7,465",2026-07-06 20:24:53
QLD,"Bundoora,Gladstone & Central QLD",1,FIFO / Mines,$89,2026-06-28 04:24:41
QLD,"Burdell,Northern QLD",1,Warehouse / Distribution,$31,2026-06-30 10:11:28
QLD,"Burleigh Heads,Gold Coast QLD",51,Construction,"$14,032",2026-07-07 10:16:39
QLD,"Burleigh Heads,Gold Coast QLD(Hybrid)",2,Retail,"$80,000",2026-07-04 19:39:40
QLD,"Burleigh Heads,Gold Coast QLD(Remote)",6,Construction,$35,2026-07-05 09:16:18
QLD,"Burleigh Waters,Gold Coast QLD",11,Cleaning / Facilities,N/A,2026-07-06 11:15:49
QLD,"Burnett Heads,Bundaberg & Wide Bay Burnett QLD",5,Construction,$65,2026-06-26 19:59:30
QLD,"Burpengary East,Brisbane QLD",6,Construction,$55,2026-07-07 09:53:05
QLD,"Burpengary,Brisbane QLD",18,Hospitality,"$62,258",2026-07-07 10:07:03
QLD,"Burton,Mackay & Coalfields QLD(Remote)",2,Cleaning / Facilities,N/A,2026-07-02 14:39:01
QLD,"Bushland Beach,Northern QLD",1,FIFO / Mines,N/A,2026-06-30 04:10:35
QLD,"Butchers Creek,Cairns & Far North QLD",3,Cleaning / Facilities,$31,2026-06-25 09:56:52
QLD,"Cabarlah,Toowoomba & Darling Downs QLD",7,Agriculture / Farms,$32,2026-07-07 09:59:19
QLD,"Caboolture,Brisbane QLD",52,Cleaning / Facilities,"$11,335",2026-07-07 10:16:39
QLD,"Caboolture,Brisbane QLD(Remote)",1,Healthcare / Aged Care,$34,2026-06-29 04:41:22
QLD,Cairns & Far North QLD,3,Retail,"$80,000",2026-07-06 11:07:16
QLD,"Cairns North,Cairns & Far North QLD",6,Security,$40,2026-06-30 04:10:35
QLD,"Cairns,Cairns & Far North QLD",215,Healthcare / Aged Care,"$10,178",2026-07-07 10:07:03
QLD,"Cairns,Cairns & Far North QLD(Hybrid)",1,Cleaning / Facilities,N/A,2026-06-26 20:23:27
QLD,"Cairns,Cairns & Far North QLD(Remote)",7,Retail,"$15,038",2026-07-04 19:39:40
QLD,"Caloundra West,Sunshine Coast QLD",3,Construction,N/A,2026-07-06 20:08:11
QLD,"Caloundra,Sunshine Coast QLD",48,Healthcare / Aged Care,"$6,878",2026-07-07 10:16:39
QLD,"Cambooya,Toowoomba & Darling Downs QLD",2,Agriculture / Farms,$28,2026-06-27 14:19:34
QLD,"Camira,Brisbane QLD",7,Agriculture / Farms,$33,2026-06-28 14:06:35
QLD,"Camp Hill,Brisbane QLD",4,Warehouse / Distribution,N/A,2026-07-07 10:16:26
QLD,"Cannon Hill,Brisbane QLD",27,Retail,"$37,517",2026-06-30 20:26:07
QLD,"Cannon Hill,Brisbane QLD(Hybrid)",1,Cleaning / Facilities,N/A,2026-07-05 14:17:24
QLD,"Cannonvale,Northern QLD",8,Warehouse / Distribution,$36,2026-07-05 19:35:27
QLD,"Canungra,Gold Coast QLD",3,Construction,$46,2026-07-06 20:06:26
QLD,"Capalaba,Brisbane QLD",23,Construction,"$46,145",2026-07-06 11:15:49
QLD,"Carbrook,Brisbane QLD",6,Cleaning / Facilities,"$29,154",2026-06-29 11:34:46
QLD,"Cardwell,Cairns & Far North QLD",1,Cleaning / Facilities,"$18,549",2026-06-29 11:34:46
QLD,"Carina,Brisbane QLD",2,Security,$31,2026-07-07 10:16:26
QLD,"Carindale,Brisbane QLD",14,Retail,$209,2026-07-05 14:17:24
QLD,"Carindale,Brisbane QLD(Hybrid)",4,Cleaning / Facilities,$38,2026-07-02 14:39:01
QLD,"Carole Park,Brisbane QLD",22,Warehouse / Distribution,$35,2026-07-06 11:10:33
QLD,"Carpendale,Somerset & Lockyer QLD",1,Agriculture / Farms,"$75,000",2026-06-30 14:37:49
QLD,"Carrara,Gold Coast QLD",14,Retail,$28,2026-07-06 11:15:49
QLD,"Carseldine,Brisbane QLD",2,Retail,$33,2026-06-30 04:31:53
QLD,"Cecil Plains,Toowoomba & Darling Downs QLD",4,Agriculture / Farms,N/A,2026-07-05 13:58:47
QLD,"Cement Mills,Toowoomba & Darling Downs QLD",1,Construction,$70,2026-07-02 14:14:40
QLD,"Centenary Heights,Toowoomba & Darling Downs QLD",1,Hospitality,$26,2026-06-28 14:12:43
QLD,"Chambers Flat,Brisbane QLD",2,Construction,"$42,525",2026-07-05 09:15:12
QLD,"Chandler,Brisbane QLD",10,Hospitality,"$10,021",2026-06-28 14:11:50
QLD,"Chapel Hill,Brisbane QLD",2,Healthcare / Aged Care,$50,2026-06-29 04:41:22
QLD,"Charleville,Western QLD",2,Construction,"$114,626",2026-06-30 04:21:23
QLD,"Charlton,Toowoomba & Darling Downs QLD",2,Construction,"$96,976",2026-06-29 16:04:00
QLD,"Charters Towers,Northern QLD",18,FIFO / Mines,"$35,340",2026-07-04 13:51:12
QLD,"Chermside West,Brisbane QLD",1,Cleaning / Facilities,$32,2026-06-30 10:16:50
QLD,"Chermside,Brisbane QLD",55,Retail,"$31,335",2026-07-07 10:16:39
QLD,"Chermside,Brisbane QLD(Hybrid)",3,Cleaning / Facilities,$38,2026-06-30 10:16:50
QLD,"Chevallum,Sunshine Coast QLD",5,Warehouse / Distribution,"$75,000",2026-07-06 10:53:54
QLD,"Childers,Bundaberg & Wide Bay Burnett QLD",1,Hospitality,"$80,000",2026-07-03 14:32:33
QLD,"Chinchilla,Toowoomba & Darling Downs QLD",18,FIFO / Mines,"$21,911",2026-07-01 04:26:48
QLD,"Clairview,Mackay & Coalfields QLD",1,FIFO / Mines,N/A,2026-06-25 20:12:52
QLD,"Clayfield,Brisbane QLD",17,Hospitality,$36,2026-07-03 19:49:55
QLD,"Clear Mountain,Brisbane QLD",1,Hospitality,"$75,000",2026-06-24 09:54:30
QLD,"Clermont,Mackay & Coalfields QLD",6,FIFO / Mines,$59,2026-07-07 09:57:28
QLD,"Cleveland,Brisbane QLD",13,Healthcare / Aged Care,$49,2026-07-07 10:07:03
QLD,"Cleveland,Brisbane QLD(Hybrid)",2,Cleaning / Facilities,$38,2026-06-30 10:16:50
QLD,"Clifton,Toowoomba & Darling Downs QLD",5,Agriculture / Farms,N/A,2026-07-03 09:33:55
QLD,"Cloncurry,Western QLD",19,Construction,"$77,666",2026-07-07 09:53:05
QLD,"Clontarf,Brisbane QLD",16,Warehouse / Distribution,$31,2026-07-05 14:12:32
QLD,"Collinsville,Northern QLD",4,FIFO / Mines,N/A,2026-07-07 09:57:28
QLD,"Cooktown,Cairns & Far North QLD",2,Healthcare / Aged Care,"$2,903",2026-06-23 04:15:47
QLD,"Coolangatta,Gold Coast QLD",14,Hospitality,"$51,352",2026-07-06 20:24:53
QLD,"Coolum Beach,Sunshine Coast QLD",26,Warehouse / Distribution,"$16,801",2026-07-07 10:16:39
QLD,"Coombabah,Gold Coast QLD",6,Warehouse / Distribution,$31,2026-07-06 20:16:29
QLD,"Coomera,Gold Coast QLD",59,Retail,"$8,031",2026-07-07 10:16:39
QLD,"Coominya,Somerset & Lockyer QLD",11,Agriculture / Farms,$31,2026-07-07 09:59:19
QLD,"Coopers Plains,Brisbane QLD",23,Warehouse / Distribution,"$30,574",2026-07-06 11:10:33
QLD,"Cooroy,Sunshine Coast QLD",4,Warehouse / Distribution,$35,2026-07-03 04:08:45
QLD,"Coorparoo,Brisbane QLD",3,Security,$30,2026-07-03 14:39:32
QLD,"Coorparoo,Brisbane QLD(Hybrid)",2,Cleaning / Facilities,$38,2026-06-30 10:16:50
QLD,"Coppabella,Mackay & Coalfields QLD",7,FIFO / Mines,$79,2026-07-04 13:51:12
QLD,"Coral Cove,Bundaberg & Wide Bay Burnett QLD",2,Hospitality,N/A,2026-06-30 20:17:16
QLD,"Corbould Park,Sunshine Coast QLD",2,Warehouse / Distribution,$41,2026-07-05 14:10:06
QLD,"Corinda,Brisbane QLD",1,Security,$33,2026-06-27 14:17:15
QLD,"Cotton Tree,Sunshine Coast QLD",6,Hospitality,$30,2026-07-03 09:40:21
QLD,"Crestmead,Brisbane QLD",54,Warehouse / Distribution,$32,2026-07-06 20:16:29
QLD,"Croftby,Gold Coast QLD",2,Agriculture / Farms,"$67,000",2026-06-26 09:43:27
QLD,"Crows Nest,Toowoomba & Darling Downs QLD",3,Cleaning / Facilities,"$18,549",2026-07-02 14:39:59
QLD,"Cunnamulla,Western QLD",3,Hospitality,"$94,513",2026-06-27 14:09:25
QLD,"Currimundi,Sunshine Coast QLD",6,Healthcare / Aged Care,$41,2026-07-07 10:16:39
QLD,"Currumbin Valley,Gold Coast QLD",4,Agriculture / Farms,N/A,2026-06-30 14:37:49
QLD,"Currumbin Waters,Gold Coast QLD",2,Hospitality,"$79,489",2026-06-30 04:20:06
QLD,"Currumbin,Gold Coast QLD",13,Warehouse / Distribution,"$75,000",2026-07-06 11:07:16
QLD,"Daisy Hill,Brisbane QLD",1,Hospitality,$31,2026-07-03 09:40:21
QLD,"Dajarra,Western QLD",2,Cleaning / Facilities,N/A,2026-06-27 14:19:34
QLD,"Dalby,Toowoomba & Darling Downs QLD",27,Agriculture / Farms,"$65,038",2026-07-07 09:59:19
QLD,"Darra,Brisbane QLD",50,Warehouse / Distribution,"$28,242",2026-07-06 20:06:26
QLD,"Darra,Brisbane QLD(Hybrid)",2,Logistics / Transport,$35,2026-06-23 04:11:17
QLD,"Dayboro,Brisbane QLD",1,Healthcare / Aged Care,$59,2026-06-30 04:21:23
QLD,"Deagon,Brisbane QLD",1,Retail,N/A,2026-06-24 09:59:17
QLD,"Deception Bay,Brisbane QLD",6,Cleaning / Facilities,"$25,025",2026-07-07 10:16:26
QLD,"Deebing Heights,Brisbane QLD",1,Healthcare / Aged Care,$35,2026-06-29 04:41:22
QLD,"Deuchar,Toowoomba & Darling Downs QLD",2,Agriculture / Farms,N/A,2026-07-07 09:57:39
QLD,"Dicky Beach,Sunshine Coast QLD",2,Healthcare / Aged Care,$45,2026-06-29 04:41:22
QLD,"Dimbulah,Cairns & Far North QLD",1,Retail,N/A,2026-06-22 08:15:20
QLD,"Dinmore,Brisbane QLD",4,Retail,N/A,2026-07-06 20:06:26
QLD,"Douglas,Northern QLD",2,Cleaning / Facilities,N/A,2026-07-02 14:39:59
QLD,"Drinan,Bundaberg & Wide Bay Burnett QLD",1,FIFO / Mines,N/A,2026-06-27 19:41:45
QLD,"Duingal,Bundaberg & Wide Bay Burnett QLD",4,Agriculture / Farms,N/A,2026-06-30 14:36:46
QLD,"Dulacca,Toowoomba & Darling Downs QLD",5,Agriculture / Farms,$31,2026-07-07 09:59:19
QLD,"Dutton Park,Brisbane QLD",1,Retail,N/A,2026-07-03 14:39:32
QLD,"Dysart,Mackay & Coalfields QLD",3,FIFO / Mines,"$37,104",2026-06-30 20:16:37
QLD,"Eagle Farm,Brisbane QLD",67,Logistics / Transport,"$2,878",2026-07-06 20:16:29
QLD,"Eagle Farm,Brisbane QLD(Hybrid)",7,Warehouse / Distribution,$0,2026-07-03 04:08:45
QLD,"Eagleby,Brisbane QLD",2,Hospitality,$35,2026-06-27 14:17:15
QLD,"East Ipswich,Brisbane QLD",1,Warehouse / Distribution,$39,2026-06-29 20:26:40
QLD,"East Toowoomba,Toowoomba & Darling Downs QLD",7,Cleaning / Facilities,$30,2026-07-06 11:14:14
QLD,"Eastern Heights,Brisbane QLD",1,Retail,$30,2026-06-24 09:59:17
QLD,"Edge Hill,Cairns & Far North QLD",2,Hospitality,N/A,2026-06-28 14:12:43
QLD,"Edmonton,Cairns & Far North QLD",3,Hospitality,N/A,2026-07-03 14:32:33
QLD,"Eight Mile Plains,Brisbane QLD",14,Cleaning / Facilities,"$18,778",2026-07-07 10:16:39
QLD,"Einasleigh,Cairns & Far North QLD",2,FIFO / Mines,$45,2026-07-07 09:57:28
QLD,"Elanora,Gold Coast QLD",1,Hospitality,N/A,2026-06-24 09:54:16
QLD,"Elimbah,Brisbane QLD",1,Agriculture / Farms,N/A,2026-06-25 09:39:12
QLD,"Emerald,Gladstone & Central QLD",53,Agriculture / Farms,"$9,030",2026-07-07 09:59:19
QLD,"Emerald,Gladstone & Central QLD(Remote)",1,Agriculture / Farms,N/A,2026-06-24 14:50:33
QLD,"Emu Park,Rockhampton & Capricorn Coast QLD",1,Retail,N/A,2026-06-22 08:15:20
QLD,"Enoggera,Brisbane QLD",19,Warehouse / Distribution,$33,2026-07-06 20:16:29
QLD,"Eromanga,Western QLD",1,FIFO / Mines,N/A,2026-07-01 04:26:48
QLD,"Eumundi,Sunshine Coast QLD",2,Construction,$43,2026-07-03 03:48:36
QLD,"Fairfield Gardens,Brisbane QLD",1,Retail,N/A,2026-06-24 09:58:25
QLD,"Fernvale,Somerset & Lockyer QLD",3,Warehouse / Distribution,"$85,000",2026-06-29 20:26:40
QLD,"Ferny Hills,Brisbane QLD",2,Healthcare / Aged Care,N/A,2026-06-29 11:24:43
QLD,"Fitzroy Island,Cairns & Far North QLD",1,Cleaning / Facilities,N/A,2026-06-27 14:19:34
QLD,"Flagstone,Brisbane QLD",1,Warehouse / Distribution,N/A,2026-06-22 12:36:08
QLD,"Forest Glen,Sunshine Coast QLD",7,Hospitality,$32,2026-06-29 04:39:51
QLD,"Forest Lake,Brisbane QLD",4,Healthcare / Aged Care,$43,2026-07-06 11:15:49
QLD,"Forrest Beach,Northern QLD",4,Hospitality,N/A,2026-07-03 14:32:33
QLD,"Fortitude Valley,Brisbane QLD",48,Hospitality,$32,2026-07-07 10:16:26
QLD,"Fortitude Valley,Brisbane QLD(Hybrid)",8,Healthcare / Aged Care,"$117,259",2026-06-30 20:20:28
QLD,"Frenchville,Rockhampton & Capricorn Coast QLD",1,Hospitality,N/A,2026-06-25 09:43:53
QLD,"Garbutt,Northern QLD",4,Logistics / Transport,N/A,2026-06-27 20:00:03
QLD,"Gatton College,Somerset & Lockyer QLD",6,Cleaning / Facilities,"$75,000",2026-06-29 11:34:46
QLD,"Gatton,Somerset & Lockyer QLD",14,Security,$55,2026-07-06 11:07:16
QLD,"Gaythorne,Brisbane QLD",1,Healthcare / Aged Care,$48,2026-07-07 10:07:03
QLD,"Geebung,Brisbane QLD",17,Warehouse / Distribution,"$45,852",2026-07-03 04:08:45
QLD,"Gilberton,Gold Coast QLD",1,FIFO / Mines,N/A,2026-07-01 04:26:11
QLD,"Gin Gin,Bundaberg & Wide Bay Burnett QLD",4,Cleaning / Facilities,$36,2026-07-06 10:53:54
QLD,"Giru,Northern QLD",6,Agriculture / Farms,N/A,2026-07-05 13:58:47
QLD,Gladstone & Central QLD,2,Construction,N/A,2026-07-05 04:19:50
QLD,"Gladstone,Gladstone & Central QLD",68,FIFO / Mines,$46,2026-07-07 10:16:26
QLD,"Glass House Mountains,Sunshine Coast QLD",3,Hospitality,$33,2026-07-03 19:49:55
QLD,"Glen Echo,Hervey Bay & Fraser Coast QLD",1,Agriculture / Farms,N/A,2026-06-26 09:43:27
QLD,"Glenden,Mackay & Coalfields QLD",7,FIFO / Mines,$55,2026-07-06 04:09:16
QLD,"Glenella,Mackay & Coalfields QLD",3,Cleaning / Facilities,N/A,2026-07-07 10:16:39
QLD,Gold Coast QLD,23,Security,"$21,694",2026-07-07 10:07:03
QLD,Gold Coast QLD(Hybrid),2,Retail,$90,2026-07-04 19:39:40
QLD,"Golden Beach,Sunshine Coast QLD",6,Cleaning / Facilities,$36,2026-06-29 11:34:46
QLD,"Goldfields,Toowoomba & Darling Downs QLD",3,FIFO / Mines,N/A,2026-07-05 19:28:40
QLD,"Goodna,Brisbane QLD",4,Retail,"$37,508",2026-07-06 16:02:37
QLD,"Goondiwindi,Toowoomba & Darling Downs QLD",6,Healthcare / Aged Care,$37,2026-07-04 13:53:57
QLD,"Gracemere,Rockhampton & Capricorn Coast QLD",13,Warehouse / Distribution,"$150,000",2026-07-07 10:16:39
QLD,"Graceville,Brisbane QLD",1,Construction,$50,2026-06-27 03:57:48
QLD,"Grantham,Somerset & Lockyer QLD",6,Agriculture / Farms,N/A,2026-07-07 09:59:19
QLD,"Green Island,Cairns & Far North QLD",1,Hospitality,$33,2026-06-30 04:20:05
QLD,"Greenbank,Brisbane QLD",4,FIFO / Mines,$49,2026-07-06 10:53:54
QLD,"Greenslopes,Brisbane QLD",13,Healthcare / Aged Care,$30,2026-07-06 16:00:35
QLD,"Griffin,Brisbane QLD",1,Cleaning / Facilities,N/A,2026-07-03 14:48:44
QLD,"Gunpowder,Western QLD",1,Cleaning / Facilities,N/A,2026-07-02 14:39:01
QLD,"Gununa,Western QLD",1,Healthcare / Aged Care,"$160,942",2026-06-30 10:06:58
QLD,"Gympie,Hervey Bay & Fraser Coast QLD",13,Retail,"$5,322",2026-06-30 20:16:37
QLD,"Hail Creek,Mackay & Coalfields QLD",3,FIFO / Mines,N/A,2026-07-07 09:57:28
QLD,"Hamilton Island,Northern QLD",6,Cleaning / Facilities,$44,2026-06-28 09:43:45
QLD,"Hamilton,Brisbane QLD",7,Hospitality,"$32,517",2026-07-05 09:34:43
QLD,"Hawthorne,Brisbane QLD",1,Hospitality,N/A,2026-06-23 15:25:09
QLD,"Hay Point,Mackay & Coalfields QLD",1,Logistics / Transport,N/A,2026-06-30 14:40:36
QLD,"Hayman Island,Northern QLD",1,Construction,$46,2026-06-27 03:57:48
QLD,"Heathwood,Brisbane QLD",30,Logistics / Transport,"$13,667",2026-07-06 20:16:29
QLD,"Helensvale,Gold Coast QLD",14,Hospitality,$31,2026-07-07 10:16:26
QLD,"Helensvale,Gold Coast QLD(Hybrid)",1,Retail,N/A,2026-06-26 20:15:02
QLD,"Helidon,Somerset & Lockyer QLD",1,Retail,"$63,840",2026-06-29 04:44:33
QLD,"Hemmant,Brisbane QLD",12,Warehouse / Distribution,$35,2026-07-06 11:07:16
QLD,"Hendra,Brisbane QLD",7,Logistics / Transport,"$34,312",2026-07-06 20:16:29
QLD,"Herberton,Cairns & Far North QLD",2,Cleaning / Facilities,$1,2026-06-26 20:22:19
QLD,"Herston,Brisbane QLD",17,Healthcare / Aged Care,"$85,267",2026-07-03 14:36:21
QLD,"Hervey Bay,Hervey Bay & Fraser Coast QLD",67,Healthcare / Aged Care,"$20,948",2026-07-07 10:16:26
QLD,"Hervey Range,Northern QLD(Remote)",1,Healthcare / Aged Care,"$9,000",2026-06-22 12:28:43
QLD,"Highfields,Toowoomba & Darling Downs QLD",2,Agriculture / Farms,"$1,307",2026-06-29 04:41:22
QLD,"Highgate Hill,Brisbane QLD",1,Security,$32,2026-07-03 14:44:42
QLD,"Highland Park,Gold Coast QLD",15,Warehouse / Distribution,N/A,2026-07-01 10:19:34
QLD,"Hillcrest,Brisbane QLD",5,Healthcare / Aged Care,"$12,376",2026-06-25 20:09:09
QLD,"Holland Park West,Brisbane QLD",5,Warehouse / Distribution,"$59,206",2026-07-03 04:08:45
QLD,"Holland Park,Brisbane QLD",1,Retail,"$65,000",2026-06-30 04:24:12
QLD,"Home Hill,Northern QLD",1,Healthcare / Aged Care,N/A,2026-06-26 14:52:17
QLD,"Hope Island,Gold Coast QLD",6,Cleaning / Facilities,$35,2026-07-03 09:40:21
QLD,"Hughenden,Northern QLD",2,Cleaning / Facilities,"$82,956",2026-06-26 20:23:27
QLD,"Hyde Park Castletown,Northern QLD",5,Retail,N/A,2026-07-06 20:24:53
QLD,"Idalia,Northern QLD",6,Healthcare / Aged Care,N/A,2026-07-02 14:30:07
QLD,"Inala,Brisbane QLD",2,Logistics / Transport,$53,2026-07-03 09:40:21
QLD,"Indooroopilly,Brisbane QLD",17,Retail,N/A,2026-07-06 20:24:53
QLD,"Ingham,Northern QLD",2,Healthcare / Aged Care,"$44,079",2026-06-25 09:43:53
QLD,"Ingham,Northern QLD(Hybrid)",1,Logistics / Transport,$35,2026-06-23 04:11:03
QLD,"Inglewood,Toowoomba & Darling Downs QLD",4,Agriculture / Farms,$110,2026-07-05 13:58:47
QLD,"Innisfail,Cairns & Far North QLD",24,Agriculture / Farms,"$71,913",2026-07-07 09:59:19
QLD,"Ipswich,Brisbane QLD",94,Cleaning / Facilities,"$11,202",2026-07-07 10:07:03
QLD,"Ipswich,Brisbane QLD(Hybrid)",2,Cleaning / Facilities,"$45,019",2026-06-30 20:20:28
QLD,"Ipswich,Brisbane QLD(Remote)",4,Healthcare / Aged Care,$38,2026-07-06 20:24:53
QLD,"Isle of Capri,Gold Coast QLD",1,Hospitality,$33,2026-06-30 20:16:50
QLD,"Jackson,Western QLD",1,FIFO / Mines,N/A,2026-07-01 04:26:48
QLD,"Jacobs Well,Gold Coast QLD",1,Hospitality,N/A,2026-06-30 20:17:16
QLD,"Jandowae,Toowoomba & Darling Downs QLD",1,Construction,"$68,674",2026-06-27 13:55:24
QLD,"Jimboomba,Brisbane QLD",4,FIFO / Mines,$50,2026-07-07 09:57:28
QLD,"Jindalee,Brisbane QLD",4,Hospitality,N/A,2026-06-29 11:34:46
QLD,"Jondaryan,Toowoomba & Darling Downs QLD",5,Agriculture / Farms,$31,2026-07-04 13:53:57
QLD,"Joyner,Brisbane QLD",2,Cleaning / Facilities,N/A,2026-07-05 14:18:42
QLD,"Kabra,Rockhampton & Capricorn Coast QLD",2,Construction,N/A,2026-06-26 14:36:17
QLD,"Kallangur,Brisbane QLD",7,Hospitality,$40,2026-07-07 10:07:03
QLD,"Kangaroo Point,Brisbane QLD",3,Hospitality,N/A,2026-07-06 20:24:53
QLD,"Karawatha,Brisbane QLD",8,Security,"$11,456",2026-07-05 13:58:47
QLD,"Karrabin,Brisbane QLD",1,Cleaning / Facilities,$33,2026-06-26 15:01:49
QLD,"Kawana Waters,Sunshine Coast QLD",5,Healthcare / Aged Care,"$60,000",2026-07-03 04:10:45
QLD,"Kedron,Brisbane QLD",2,Warehouse / Distribution,N/A,2026-07-01 10:19:34
QLD,"Kelso,Northern QLD",2,Cleaning / Facilities,$30,2026-07-05 14:18:42
QLD,"Kelvin Grove,Brisbane QLD",7,Retail,$35,2026-07-06 16:02:37
QLD,"Keperra,Brisbane QLD",10,Warehouse / Distribution,$35,2026-07-03 09:47:55
QLD,"Kilcummin,Mackay & Coalfields QLD",6,Agriculture / Farms,N/A,2026-07-07 09:59:19
QLD,"Kingaroy,Toowoomba & Darling Downs QLD",7,FIFO / Mines,$33,2026-07-04 13:51:12
QLD,"Kingston,Brisbane QLD",6,FIFO / Mines,$44,2026-06-30 04:10:35
QLD,"Kippa-Ring,Brisbane QLD",4,Construction,$30,2026-07-05 09:15:12
QLD,"Kirwan,Northern QLD",7,Cleaning / Facilities,$28,2026-06-30 20:16:50
QLD,"Kuluin,Sunshine Coast QLD",2,Construction,"$32,516",2026-07-05 14:18:42
QLD,"Kunda Park,Sunshine Coast QLD",10,Construction,$43,2026-07-05 19:35:27
QLD,"Kuranda,Cairns & Far North QLD",1,Cleaning / Facilities,$26,2026-06-28 09:44:13
QLD,"Labrador,Gold Coast QLD",23,Healthcare / Aged Care,"$11,609",2026-07-07 10:16:39
QLD,"Laidley,Somerset & Lockyer QLD",1,Healthcare / Aged Care,$42,2026-06-29 04:42:14
QLD,"Lakeland,Cairns & Far North QLD",1,Agriculture / Farms,"$95,000",2026-06-30 14:37:49
QLD,"Landsborough,Sunshine Coast QLD",9,Construction,"$18,783",2026-07-01 04:26:11
QLD,"Larapinta,Brisbane QLD",24,Logistics / Transport,"$12,532",2026-07-06 20:16:29
QLD,"Laura,Cairns & Far North QLD",5,Agriculture / Farms,"$70,000",2026-07-07 09:59:19
QLD,"Lawn Hill,Western QLD",2,Retail,N/A,2026-07-01 04:26:48
QLD,"Lawnton,Brisbane QLD",1,Logistics / Transport,N/A,2026-06-23 04:11:03
QLD,"Lawnton,Brisbane QLD(Remote)",2,Cleaning / Facilities,$32,2026-06-30 10:16:50
QLD,"Leyburn,Toowoomba & Darling Downs QLD",4,Construction,"$75,012",2026-07-01 04:26:11
QLD,"Lindeman Island,Mackay & Coalfields QLD",1,Warehouse / Distribution,"$90,000",2026-07-05 09:34:43
QLD,"Linville,Somerset & Lockyer QLD",9,Agriculture / Farms,$30,2026-06-30 14:36:46
QLD,"Logan Central,Brisbane QLD",23,Retail,$48,2026-07-06 16:02:37
QLD,"Logan Central,Brisbane QLD(Remote)",2,Construction,N/A,2026-07-05 09:16:18
QLD,"Logan Reserve,Brisbane QLD",5,Healthcare / Aged Care,$38,2026-07-07 10:16:39
QLD,"Logan Village,Brisbane QLD",12,FIFO / Mines,$39,2026-07-07 09:57:28
QLD,"Loganholme,Brisbane QLD",25,Cleaning / Facilities,$38,2026-07-06 20:06:26
QLD,"Loganholme,Brisbane QLD(Remote)",1,Healthcare / Aged Care,$40,2026-06-22 12:28:43
QLD,"Loganlea,Brisbane QLD",4,Retail,N/A,2026-06-27 19:55:34
QLD,"Longreach,Western QLD",3,Agriculture / Farms,N/A,2026-06-26 09:43:27
QLD,"Lotus Creek,Mackay & Coalfields QLD",2,FIFO / Mines,N/A,2026-06-30 04:10:35
QLD,"Lowood,Somerset & Lockyer QLD",10,Construction,"$90,003",2026-07-07 09:53:05
QLD,"Luscombe,Gold Coast QLD",1,Warehouse / Distribution,N/A,2026-06-25 15:06:31
QLD,"Lutwyche,Brisbane QLD",2,Hospitality,N/A,2026-06-22 12:37:00
QLD,"Lytton,Brisbane QLD",22,Warehouse / Distribution,$26,2026-07-03 09:45:57
QLD,"Macalister,Toowoomba & Darling Downs QLD",10,Agriculture / Farms,N/A,2026-07-07 09:59:19
QLD,"Macgregor,Brisbane QLD",2,Retail,$33,2026-07-03 04:10:45
QLD,Mackay & Coalfields QLD,10,FIFO / Mines,$62,2026-07-07 09:55:11
QLD,"Mackay,Mackay & Coalfields QLD",241,FIFO / Mines,"$24,598",2026-07-07 09:57:28
QLD,"Mackay,Mackay & Coalfields QLD(Remote)",4,Security,"$43,389",2026-07-03 09:47:55
QLD,"Magnetic Island,Northern QLD",2,Security,N/A,2026-06-29 16:19:46
QLD,"Main Beach,Gold Coast QLD",7,Hospitality,"$10,857",2026-07-05 14:17:24
QLD,"Maleny,Sunshine Coast QLD",5,Healthcare / Aged Care,$33,2026-07-06 16:00:35
QLD,"Mango Hill,Brisbane QLD",3,Healthcare / Aged Care,$38,2026-07-03 14:32:33
QLD,"Manly West,Brisbane QLD",2,Security,$33,2026-06-30 14:42:20
QLD,"Manly,Brisbane QLD",8,Security,$30,2026-06-30 20:17:16
QLD,"Mansfield,Brisbane QLD",4,Retail,$39,2026-07-06 11:07:16
QLD,"Manunda,Cairns & Far North QLD",1,Logistics / Transport,N/A,2026-06-23 04:11:03
QLD,"Marcoola,Sunshine Coast QLD",5,Security,"$84,569",2026-07-06 11:11:27
QLD,"Mareeba,Cairns & Far North QLD",43,Agriculture / Farms,"$12,527",2026-07-07 09:59:19
QLD,"Margate,Brisbane QLD",2,Cleaning / Facilities,$32,2026-06-26 15:01:49
QLD,"Maroochydore,Sunshine Coast QLD",102,Retail,"$9,713",2026-07-07 10:16:26
QLD,"Maroochydore,Sunshine Coast QLD(Hybrid)",3,Healthcare / Aged Care,$35,2026-07-06 04:19:01
QLD,"Maryborough,Hervey Bay & Fraser Coast QLD",17,Healthcare / Aged Care,"$45,186",2026-07-07 10:16:39
QLD,"Meadowbrook,Brisbane QLD",25,Warehouse / Distribution,"$10,258",2026-07-06 20:16:29
QLD,"Meadowvale,Bundaberg & Wide Bay Burnett QLD",3,Warehouse / Distribution,N/A,2026-06-25 09:52:19
QLD,"Meridan Plains,Sunshine Coast QLD",5,Healthcare / Aged Care,$47,2026-06-29 16:12:41
QLD,"Mermaid Beach,Gold Coast QLD",18,Security,"$14,023",2026-07-07 09:53:05
QLD,"Mermaid Waters,Gold Coast QLD",7,Construction,$39,2026-06-30 20:07:49
QLD,"Merrimac,Gold Coast QLD",12,Cleaning / Facilities,$30,2026-07-07 10:16:39
QLD,"Miami,Gold Coast QLD",12,Construction,"$55,017",2026-07-06 20:08:11
QLD,"Middlemount,Mackay & Coalfields QLD",5,FIFO / Mines,$71,2026-07-06 10:53:54
QLD,"Miles,Toowoomba & Darling Downs QLD",12,Agriculture / Farms,"$21,899",2026-07-07 09:59:19
QLD,"Millmerran,Toowoomba & Darling Downs QLD",10,Agriculture / Farms,$26,2026-07-07 09:57:39
QLD,"Milton,Brisbane QLD",10,Hospitality,$30,2026-07-04 19:39:40
QLD,"Miriam Vale,Gladstone & Central QLD",1,Healthcare / Aged Care,$46,2026-07-06 16:00:35
QLD,"Mitchell,Western QLD",2,Cleaning / Facilities,$31,2026-06-26 20:22:46
QLD,"Mitchelton,Brisbane QLD",1,Healthcare / Aged Care,$43,2026-06-23 04:15:47
QLD,"Moffat Beach,Sunshine Coast QLD",1,Cleaning / Facilities,$32,2026-07-07 10:16:39
QLD,"Molendinar,Gold Coast QLD",23,Construction,$41,2026-07-06 20:08:11
QLD,"Molendinar,Gold Coast QLD(Hybrid)",2,FIFO / Mines,$35,2026-07-01 04:26:11
QLD,"Mona Park,Northern QLD",3,Agriculture / Farms,$40,2026-06-26 09:43:27
QLD,"Mooloolaba,Sunshine Coast QLD",28,Hospitality,"$23,805",2026-07-07 10:16:26
QLD,"Moorooka,Brisbane QLD",11,Warehouse / Distribution,"$65,000",2026-06-30 20:26:07
QLD,"Moranbah,Mackay & Coalfields QLD",79,FIFO / Mines,"$6,291",2026-07-07 09:53:05
QLD,"Morayfield,Brisbane QLD",30,Retail,"$7,725",2026-07-07 10:07:03
QLD,"Moreton Island,Brisbane QLD",4,Healthcare / Aged Care,$48,2026-07-06 16:00:35
QLD,"Morningside,Brisbane QLD",15,Warehouse / Distribution,"$20,026",2026-07-06 20:16:29
QLD,"Mount Alford,Gold Coast QLD",1,Agriculture / Farms,N/A,2026-07-07 09:59:19
QLD,"Mount Carbine,Cairns & Far North QLD",2,FIFO / Mines,"$110,000",2026-06-27 03:57:48
QLD,"Mount Cotton,Brisbane QLD",3,Warehouse / Distribution,$35,2026-07-03 09:47:55
QLD,"Mount Gravatt East,Brisbane QLD",1,Warehouse / Distribution,N/A,2026-06-27 19:57:41
QLD,"Mount Gravatt,Brisbane QLD",15,Healthcare / Aged Care,$37,2026-07-05 09:16:17
QLD,"Mount Isa,Western QLD",56,FIFO / Mines,"$29,569",2026-07-07 09:53:05
QLD,"Mount Lofty,Toowoomba & Darling Downs QLD",2,Hospitality,"$60,000",2026-06-26 20:23:14
QLD,"Mount Louisa,Northern QLD",1,Retail,N/A,2026-06-26 14:54:38
QLD,"Mount Morgan,Rockhampton & Capricorn Coast QLD",2,Hospitality,"$80,000",2026-06-22 12:25:33
QLD,"Mount Nathan,Gold Coast QLD",2,Agriculture / Farms,"$75,000",2026-06-30 14:36:46
QLD,"Mount Ommaney,Brisbane QLD",1,Hospitality,N/A,2026-06-24 09:54:16
QLD,"Mount Pleasant,Mackay & Coalfields QLD",2,Retail,N/A,2026-07-06 20:24:53
QLD,"Mount Sheridan,Cairns & Far North QLD",1,Hospitality,$30,2026-06-25 09:43:53
QLD,"Mount Warren Park,Brisbane QLD",4,Healthcare / Aged Care,N/A,2026-07-06 16:00:35
QLD,"Mountain Creek,Sunshine Coast QLD",1,Cleaning / Facilities,$32,2026-06-26 20:22:46
QLD,"Moura,Gladstone & Central QLD",3,Construction,N/A,2026-07-04 19:23:26
QLD,"Moy Pocket,Hervey Bay & Fraser Coast QLD",3,Warehouse / Distribution,N/A,2026-07-03 09:47:55
QLD,"Mudgeeraba,Gold Coast QLD",8,Hospitality,$30,2026-06-29 16:12:26
QLD,"Mungallala,Western QLD",1,Agriculture / Farms,N/A,2026-07-04 13:53:57
QLD,"Murarrie,Brisbane QLD",37,Warehouse / Distribution,"$15,584",2026-07-06 20:16:29
QLD,"Murarrie,Brisbane QLD(Hybrid)",1,Retail,$40,2026-06-30 04:24:12
QLD,"Murgon,Toowoomba & Darling Downs QLD",5,Warehouse / Distribution,N/A,2026-07-03 09:47:55
QLD,"Nambour,Sunshine Coast QLD",12,Healthcare / Aged Care,"$18,032",2026-07-06 20:08:11
QLD,"Narangba,Brisbane QLD",35,Warehouse / Distribution,"$35,573",2026-07-07 09:55:11
QLD,"Nathan,Brisbane QLD",1,Construction,$57,2026-06-22 12:15:28
QLD,"Nebo,Mackay & Coalfields QLD",1,FIFO / Mines,$72,2026-07-07 09:57:28
QLD,"Nerang,Gold Coast QLD",30,Construction,"$22,537",2026-07-06 16:02:37
QLD,"New Farm,Brisbane QLD",2,Hospitality,N/A,2026-06-24 09:54:30
QLD,"Newlands,Northern QLD",1,FIFO / Mines,$59,2026-06-23 04:06:58
QLD,"Newmarket,Brisbane QLD",7,Hospitality,"$65,000",2026-06-29 11:20:15
QLD,"Newport,Brisbane QLD",1,Construction,$55,2026-06-30 04:07:19
QLD,"Newstead,Brisbane QLD",31,Retail,"$27,515",2026-07-07 10:16:39
QLD,"Noosa Heads,Sunshine Coast QLD",16,Hospitality,"$36,560",2026-07-05 13:58:47
QLD,"Noosa North Shore,Sunshine Coast QLD",1,Hospitality,$32,2026-06-30 20:16:50
QLD,"Noosaville,Sunshine Coast QLD",11,Construction,"$17,369",2026-07-06 20:08:11
QLD,"North Lakes,Brisbane QLD",44,Healthcare / Aged Care,"$24,707",2026-07-07 10:07:03
QLD,"North Lakes,Brisbane QLD(Hybrid)",2,Cleaning / Facilities,$38,2026-06-30 10:16:50
QLD,"North Mackay,Mackay & Coalfields QLD",2,Agriculture / Farms,N/A,2026-06-25 20:17:06
QLD,"North Rockhampton,Rockhampton & Capricorn Coast QLD",2,Agriculture / Farms,$32,2026-07-03 04:03:07
QLD,"North Tivoli,Brisbane QLD",3,Retail,N/A,2026-07-06 11:07:16
QLD,"Northern Suburbs,Brisbane QLD",4,Construction,$46,2026-06-30 20:15:58
QLD,"Northgate,Brisbane QLD",13,Agriculture / Farms,$37,2026-07-06 11:10:33
QLD,"Nudgee Beach,Brisbane QLD",1,Construction,$25,2026-06-30 04:09:17
QLD,"Nudgee,Brisbane QLD",1,FIFO / Mines,$44,2026-06-24 14:46:40
QLD,"Nundah,Brisbane QLD",4,Hospitality,"$3,997",2026-07-03 19:49:55
QLD,"Oakey,Toowoomba & Darling Downs QLD",5,Healthcare / Aged Care,$37,2026-07-04 13:53:57
QLD,"Ormeau,Gold Coast QLD",56,Warehouse / Distribution,"$9,889",2026-07-06 20:16:29
QLD,"Ormiston,Brisbane QLD",2,Cleaning / Facilities,$28,2026-07-06 11:14:14
QLD,"Oxenford,Gold Coast QLD",23,Hospitality,$34,2026-07-05 13:53:29
QLD,"Oxley,Brisbane QLD",6,Hospitality,"$18,030",2026-06-30 20:16:37
QLD,"Paddington,Brisbane QLD",6,Hospitality,"$75,000",2026-07-06 16:02:37
QLD,"Palm Beach,Gold Coast QLD",10,Cleaning / Facilities,$31,2026-07-06 04:19:01
QLD,"Palm Cove,Cairns & Far North QLD",1,Hospitality,"$80,000",2026-06-24 09:54:30
QLD,"Palmview,Sunshine Coast QLD",2,Hospitality,N/A,2026-07-03 19:49:55
QLD,"Palmwoods,Sunshine Coast QLD",20,Construction,$31,2026-07-07 09:59:19
QLD,"Paradise Point,Gold Coast QLD",1,Retail,N/A,2026-06-22 08:15:20
QLD,"Park Ridge,Brisbane QLD",7,FIFO / Mines,$38,2026-07-05 09:15:12
QLD,"Parkhurst,Rockhampton & Capricorn Coast QLD",5,Cleaning / Facilities,$35,2026-06-26 20:23:14
QLD,"Parkinson,Brisbane QLD",9,Logistics / Transport,$34,2026-07-06 20:16:29
QLD,"Parkwood,Gold Coast QLD",8,Healthcare / Aged Care,$35,2026-07-06 11:14:14
QLD,"Parrearra,Sunshine Coast QLD",2,Hospitality,"$75,000",2026-06-30 04:20:06
QLD,"Pelican Waters,Sunshine Coast QLD",2,Hospitality,$32,2026-07-01 04:34:13
QLD,"Peregian Beach,Sunshine Coast QLD",2,Hospitality,N/A,2026-07-03 19:49:55
QLD,"Peregian Springs,Sunshine Coast QLD",2,Hospitality,$43,2026-06-30 20:16:37
QLD,"Petrie,Brisbane QLD",3,Retail,N/A,2026-07-03 14:39:32
QLD,"Pialba,Hervey Bay & Fraser Coast QLD",1,Security,N/A,2026-07-03 20:00:33
QLD,"Pimlico,Northern QLD",2,Security,N/A,2026-06-26 09:59:43
QLD,"Pimpama,Gold Coast QLD",13,Retail,N/A,2026-07-03 04:08:45
QLD,"Pinjarra Hills,Brisbane QLD",1,Healthcare / Aged Care,"$15,900",2026-07-02 14:30:07
QLD,"Pinkenba,Brisbane QLD",53,Retail,"$3,971",2026-07-06 11:07:15
QLD,"Pittsworth,Toowoomba & Darling Downs QLD(Remote)",1,FIFO / Mines,$36,2026-06-24 14:46:40
QLD,"Port Douglas,Cairns & Far North QLD",11,Hospitality,"$21,450",2026-06-30 14:43:51
QLD,"Port of Brisbane,Brisbane QLD",12,Warehouse / Distribution,$36,2026-07-05 09:34:43
QLD,"Portsmith,Cairns & Far North QLD",4,Retail,N/A,2026-07-05 09:34:43
QLD,"Promisedland,Bundaberg & Wide Bay Burnett QLD",5,Agriculture / Farms,N/A,2026-07-04 13:53:57
QLD,"Proserpine,Northern QLD",7,Agriculture / Farms,$39,2026-07-07 09:57:28
QLD,"Pullenvale,Brisbane QLD",6,Cleaning / Facilities,N/A,2026-07-06 11:15:49
QLD,"Purga,Brisbane QLD",3,Agriculture / Farms,$31,2026-07-07 09:59:19
QLD,Queensland,3,Agriculture / Farms,N/A,2026-07-05 13:58:47
QLD,"Raceview,Brisbane QLD",1,Cleaning / Facilities,N/A,2026-06-26 20:22:46
QLD,"Ranges Bridge,Toowoomba & Darling Downs QLD",1,Agriculture / Farms,"$108,680",2026-06-25 14:51:53
QLD,"Rathdowney,Gold Coast QLD",3,Healthcare / Aged Care,$44,2026-06-30 20:20:28
QLD,"Red Hill,Brisbane QLD",3,Retail,$38,2026-07-03 04:03:07
QLD,"Redbank Plains,Brisbane QLD",8,Construction,$32,2026-07-05 09:16:17
QLD,"Redbank,Brisbane QLD",29,Security,"$24,761",2026-07-06 20:16:29
QLD,"Redcliffe,Brisbane QLD",7,Healthcare / Aged Care,"$47,293",2026-07-03 04:03:07
QLD,"Redland Bay,Brisbane QLD",24,FIFO / Mines,"$25,565",2026-07-07 09:57:28
QLD,"Redland Bay,Brisbane QLD(Hybrid)",2,Cleaning / Facilities,$35,2026-06-30 10:16:50
QLD,"Reedy Creek,Gold Coast QLD",6,Hospitality,$50,2026-07-04 19:23:26
QLD,"Richlands,Brisbane QLD",39,Warehouse / Distribution,"$7,547",2026-07-06 20:16:29
QLD,"Ripley,Brisbane QLD",1,Hospitality,$32,2026-06-25 09:43:53
QLD,"Riverview,Brisbane QLD",3,Construction,N/A,2026-06-30 20:07:49
QLD,"Robina,Gold Coast QLD",43,Retail,"$16,668",2026-07-07 10:07:03
QLD,"Rochedale,Brisbane QLD",8,Agriculture / Farms,$44,2026-07-06 20:06:26
QLD,Rockhampton & Capricorn Coast QLD,8,FIFO / Mines,$84,2026-07-06 10:53:54
QLD,"Rockhampton,Rockhampton & Capricorn Coast QLD",161,FIFO / Mines,"$27,510",2026-07-07 10:16:26
QLD,"Rockhampton,Rockhampton & Capricorn Coast QLD(Hybrid)",2,Retail,N/A,2026-06-26 20:15:02
QLD,"Rocklea,Brisbane QLD",77,Agriculture / Farms,"$7,457",2026-07-06 11:15:49
QLD,"Rocklea,Brisbane QLD(Hybrid)",1,Warehouse / Distribution,N/A,2026-06-29 20:27:06
QLD,"Rolleston,Gladstone & Central QLD",4,FIFO / Mines,$67,2026-07-06 10:53:54
QLD,"Roma,Western QLD",17,Retail,"$39,962",2026-07-06 16:02:37
QLD,"Roma,Western QLD(Hybrid)",1,Healthcare / Aged Care,"$5,957",2026-07-03 14:36:21
QLD,"Roma,Western QLD(Remote)",1,FIFO / Mines,N/A,2026-06-30 20:11:12
QLD,"Rothwell,Brisbane QLD",16,Retail,"$60,000",2026-06-30 20:26:07
QLD,"Runaway Bay,Gold Coast QLD",16,Hospitality,$37,2026-07-07 10:16:39
QLD,"Salisbury,Brisbane QLD",24,Warehouse / Distribution,$30,2026-07-06 20:16:29
QLD,"Samford,Brisbane QLD",18,Cleaning / Facilities,$30,2026-07-06 11:14:14
QLD,"Sanctuary Cove,Gold Coast QLD",4,Security,$36,2026-07-07 10:16:39
QLD,"Sandgate,Brisbane QLD",2,Hospitality,"$40,017",2026-07-03 14:32:33
QLD,"Sandstone Point,Brisbane QLD",4,Agriculture / Farms,N/A,2026-07-03 19:49:55
QLD,"Sarina,Mackay & Coalfields QLD",9,Agriculture / Farms,N/A,2026-07-05 13:58:47
QLD,"Scarborough,Brisbane QLD",2,Hospitality,"$77,000",2026-07-03 14:32:33
QLD,"Seventeen Mile Rocks,Brisbane QLD",3,FIFO / Mines,N/A,2026-07-07 09:55:11
QLD,"Shailer Park,Brisbane QLD",2,Healthcare / Aged Care,$33,2026-06-27 20:02:38
QLD,"Sheldon,Brisbane QLD",6,Retail,$35,2026-07-06 11:07:16
QLD,"Sippy Downs,Sunshine Coast QLD",7,FIFO / Mines,$37,2026-07-03 14:44:42
QLD,"Slacks Creek,Brisbane QLD",12,Hospitality,$30,2026-07-06 11:07:16
QLD,"Smithfield,Cairns & Far North QLD",10,Cleaning / Facilities,$50,2026-07-07 09:53:05
QLD,"South Brisbane,Brisbane QLD",39,Healthcare / Aged Care,"$6,439",2026-07-07 10:16:26
QLD,"South Brisbane,Brisbane QLD(Hybrid)",1,Security,N/A,2026-07-03 04:10:45
QLD,"South Brisbane,Brisbane QLD(Remote)",4,Healthcare / Aged Care,$35,2026-06-30 20:20:28
QLD,"South Ripley,Brisbane QLD",1,Hospitality,"$70,000",2026-07-03 14:32:33
QLD,"South Townsville,Northern QLD",6,Hospitality,$31,2026-07-05 13:58:47
QLD,"Southern Suburbs & Logan,Brisbane QLD",12,Construction,$39,2026-07-06 10:53:54
QLD,"Southport,Gold Coast QLD",136,Healthcare / Aged Care,"$42,689",2026-07-07 10:16:26
QLD,"Spring Creek,Somerset & Lockyer QLD",1,Agriculture / Farms,N/A,2026-07-07 09:59:19
QLD,"Spring Hill,Brisbane QLD",8,Healthcare / Aged Care,"$34,901",2026-07-07 10:16:39
QLD,"Spring Mountain,Brisbane QLD",6,Healthcare / Aged Care,$37,2026-07-07 10:07:03
QLD,"Springfield Central,Brisbane QLD",5,Retail,"$18,599",2026-07-06 11:14:14
QLD,"Springfield Lakes,Brisbane QLD",8,Cleaning / Facilities,$30,2026-07-03 14:44:42
QLD,"Springfield,Brisbane QLD",3,Cleaning / Facilities,N/A,2026-07-02 14:39:59
QLD,"Springsure,Gladstone & Central QLD",10,Cleaning / Facilities,N/A,2026-07-07 09:59:19
QLD,"Springwood,Brisbane QLD",13,Cleaning / Facilities,$33,2026-07-03 09:47:55
QLD,"St George,Western QLD",2,Healthcare / Aged Care,N/A,2026-06-25 09:48:31
QLD,"St Lucia,Brisbane QLD",2,Cleaning / Facilities,$30,2026-07-06 11:14:14
QLD,"St Ruth,Toowoomba & Darling Downs QLD",1,FIFO / Mines,$45,2026-06-24 14:46:40
QLD,"Stafford Heights,Brisbane QLD",1,Cleaning / Facilities,$33,2026-07-06 11:15:49
QLD,"Stafford,Brisbane QLD",1,Hospitality,"$85,900",2026-06-30 04:20:05
QLD,"Stanthorpe,Toowoomba & Darling Downs QLD",8,Healthcare / Aged Care,"$18,549",2026-07-06 16:00:35
QLD,"Stapylton,Gold Coast QLD",30,Agriculture / Farms,$34,2026-07-06 20:16:29
QLD,"Stapylton,Gold Coast QLD(Hybrid)",1,Warehouse / Distribution,N/A,2026-06-27 19:57:41
QLD,"Stapylton,Gold Coast QLD(Remote)",1,Construction,"$70,000",2026-06-26 09:39:25
QLD,"Strathpine,Brisbane QLD",10,Cleaning / Facilities,$28,2026-07-06 16:00:34
QLD,"Strathpine,Brisbane QLD(Hybrid)",1,Security,"$103,597",2026-06-25 15:08:05
QLD,"Stuart,Northern QLD",2,Agriculture / Farms,$35,2026-07-07 09:57:39
QLD,"Sumner,Brisbane QLD",2,Warehouse / Distribution,$30,2026-06-27 13:56:17
QLD,"Sunnybank Hills,Brisbane QLD",12,Cleaning / Facilities,"$10,611",2026-07-07 10:16:39
QLD,"Sunnybank,Brisbane QLD",12,Healthcare / Aged Care,"$9,123",2026-07-03 14:44:42
QLD,"Sunrise Beach,Sunshine Coast QLD",1,Hospitality,$30,2026-06-22 08:08:39
QLD,"Sunshine Beach,Sunshine Coast QLD",3,Construction,$36,2026-07-06 20:08:11
QLD,Sunshine Coast QLD,17,Construction,$39,2026-07-06 20:06:26
QLD,"Surat,Western QLD",1,Healthcare / Aged Care,N/A,2026-06-29 11:24:56
QLD,"Surfers Paradise,Gold Coast QLD",89,Security,"$11,281",2026-07-07 10:16:26
QLD,"Suttor,Mackay & Coalfields QLD",1,FIFO / Mines,$68,2026-06-23 04:06:58
QLD,"Taigum,Brisbane QLD",5,Retail,$33,2026-07-06 16:02:37
QLD,"Tallebudgera,Gold Coast QLD",1,Hospitality,$30,2026-06-22 08:08:39
QLD,"Tamborine,Gold Coast QLD",2,Construction,$47,2026-07-07 09:55:11
QLD,"Tanah Merah,Brisbane QLD",1,Construction,N/A,2026-06-23 04:04:18
QLD,"Taringa,Brisbane QLD",9,Cleaning / Facilities,$34,2026-07-06 11:14:14
QLD,"Tarong,Toowoomba & Darling Downs QLD",1,Logistics / Transport,N/A,2026-06-30 14:40:36
QLD,"Tarragindi,Brisbane QLD",12,Agriculture / Farms,$25,2026-07-05 13:58:47
QLD,"Teneriffe,Brisbane QLD",4,Warehouse / Distribution,"$72,000",2026-07-03 04:08:45
QLD,"Tewantin,Sunshine Coast QLD",1,Healthcare / Aged Care,$37,2026-07-02 14:30:07
QLD,"Texas,Toowoomba & Darling Downs QLD",5,Agriculture / Farms,"$83,500",2026-06-30 14:37:49
QLD,"The Gap,Brisbane QLD",11,Construction,"$68,007",2026-07-05 14:12:32
QLD,"The Range,Rockhampton & Capricorn Coast QLD",11,Cleaning / Facilities,N/A,2026-07-07 10:16:26
QLD,"Thornlands,Brisbane QLD",13,Cleaning / Facilities,"$34,635",2026-07-07 10:07:03
QLD,"Thuringowa Central,Northern QLD",7,Retail,$27,2026-07-06 20:24:53
QLD,"Thursday Island,Cairns & Far North QLD",5,Healthcare / Aged Care,"$70,459",2026-07-06 04:19:01
QLD,"Tiaro,Hervey Bay & Fraser Coast QLD",3,Agriculture / Farms,N/A,2026-07-04 13:53:57
QLD,"Tin Can Bay,Hervey Bay & Fraser Coast QLD",1,Healthcare / Aged Care,$34,2026-06-27 19:51:57
QLD,"Tingalpa,Brisbane QLD",15,Warehouse / Distribution,"$8,663",2026-07-06 11:07:15
QLD,"Toogoolawah,Somerset & Lockyer QLD",2,Agriculture / Farms,N/A,2026-06-30 14:37:49
QLD,"Toowong,Brisbane QLD",1,Security,N/A,2026-06-22 12:37:00
QLD,"Toowoomba,Toowoomba & Darling Downs QLD",237,Healthcare / Aged Care,"$16,349",2026-07-07 10:16:26
QLD,"Toowoomba,Toowoomba & Darling Downs QLD(Hybrid)",2,Agriculture / Farms,"$100,000",2026-07-02 14:36:32
QLD,"Toowoomba,Toowoomba & Darling Downs QLD(Remote)",5,Healthcare / Aged Care,"$87,057",2026-07-06 04:19:01
QLD,"Torbanlea,Hervey Bay & Fraser Coast QLD",2,Hospitality,N/A,2026-06-27 03:57:48
QLD,"Torrington,Toowoomba & Darling Downs QLD",1,FIFO / Mines,$30,2026-06-29 20:10:15
QLD,"Townsville,Northern QLD",435,FIFO / Mines,"$8,631",2026-07-07 10:16:39
QLD,"Townsville,Northern QLD(Hybrid)",7,Cleaning / Facilities,$40,2026-07-05 14:17:24
QLD,"Townsville,Northern QLD(Remote)",3,Cleaning / Facilities,$33,2026-07-06 11:14:14
QLD,"Traveston,Hervey Bay & Fraser Coast QLD",2,Agriculture / Farms,N/A,2026-07-05 13:58:47
QLD,"Trinity Park,Cairns & Far North QLD",1,Hospitality,N/A,2026-07-03 09:39:51
QLD,"Tugun,Gold Coast QLD",11,Healthcare / Aged Care,$41,2026-07-02 14:39:01
QLD,"Tully,Cairns & Far North QLD",5,Agriculture / Farms,N/A,2026-07-04 13:53:57
QLD,"Twin Waters,Sunshine Coast QLD",2,Hospitality,$37,2026-07-02 14:39:59
QLD,"Underwood,Brisbane QLD",24,Warehouse / Distribution,$35,2026-07-06 20:16:29
QLD,"Upper Coomera,Gold Coast QLD",5,Cleaning / Facilities,$644,2026-06-30 04:31:53
QLD,"Upper Mount Gravatt,Brisbane QLD",7,Logistics / Transport,N/A,2026-07-06 20:24:53
QLD,"Upper Tenthill,Somerset & Lockyer QLD",6,Agriculture / Farms,$25,2026-07-07 09:57:39
QLD,"Urangan,Hervey Bay & Fraser Coast QLD",3,Cleaning / Facilities,N/A,2026-06-28 14:25:30
QLD,"Urraween,Hervey Bay & Fraser Coast QLD",2,Healthcare / Aged Care,N/A,2026-07-06 16:00:35
QLD,"Varsity Lakes,Gold Coast QLD",10,Security,"$3,206",2026-07-05 09:37:32
QLD,"Victoria Point,Brisbane QLD",5,Hospitality,"$42,015",2026-06-30 14:32:55
QLD,"Virginia,Brisbane QLD",30,Warehouse / Distribution,"$16,753",2026-07-06 11:10:33
QLD,"Virginia,Brisbane QLD(Remote)",1,Logistics / Transport,$36,2026-06-26 20:08:57
QLD,"Wacol,Brisbane QLD",84,Warehouse / Distribution,"$20,153",2026-07-06 20:16:29
QLD,"Wakerley,Brisbane QLD",2,Construction,$36,2026-07-06 11:10:33
QLD,"Walkamin,Cairns & Far North QLD",5,Agriculture / Farms,N/A,2026-06-30 14:36:46
QLD,"Wamuran,Brisbane QLD",6,Agriculture / Farms,N/A,2026-07-05 13:58:47
QLD,"Wandoan,Toowoomba & Darling Downs QLD",1,Construction,$50,2026-06-27 03:57:48
QLD,"Warana,Sunshine Coast QLD",7,Cleaning / Facilities,$41,2026-07-02 14:39:01
QLD,"Warner,Brisbane QLD",4,Cleaning / Facilities,$30,2026-07-06 11:14:14
QLD,"Warra,Toowoomba & Darling Downs QLD",3,Agriculture / Farms,N/A,2026-07-07 09:59:19
QLD,"Warwick,Toowoomba & Darling Downs QLD",18,Healthcare / Aged Care,$693,2026-07-07 09:59:19
QLD,"Waterford West,Brisbane QLD",2,Construction,"$90,000",2026-07-05 13:53:29
QLD,"Waterford,Brisbane QLD",5,Retail,$28,2026-07-05 14:12:32
QLD,"Weipa,Cairns & Far North QLD",36,FIFO / Mines,"$13,225",2026-07-07 09:57:28
QLD,"Wellington Point,Brisbane QLD",1,Healthcare / Aged Care,$32,2026-06-27 19:51:57
QLD,"West Burleigh,Gold Coast QLD",3,Cleaning / Facilities,N/A,2026-06-30 04:31:53
QLD,"West End,Brisbane QLD",25,Hospitality,"$75,000",2026-07-06 16:02:37
QLD,"Westbrook,Toowoomba & Darling Downs QLD",1,Security,$27,2026-06-22 12:37:00
QLD,"Western Suburbs & Ipswich,Brisbane QLD",6,Construction,"$85,000",2026-07-05 14:17:24
QLD,"Whitsundays,Northern QLD",14,Construction,$41,2026-07-06 20:06:26
QLD,"Willawong,Brisbane QLD",21,Warehouse / Distribution,$33,2026-07-06 20:16:29
QLD,"Wilston,Brisbane QLD",1,Hospitality,N/A,2026-06-24 09:54:30
QLD,"Windorah,Western QLD",1,Cleaning / Facilities,"$75,000",2026-06-22 08:22:53
QLD,"Windsor,Brisbane QLD",5,Retail,"$15,900",2026-06-26 20:22:46
QLD,"Winton,Western QLD",7,Agriculture / Farms,"$12,891",2026-07-05 13:58:47
QLD,"Withcott,Somerset & Lockyer QLD",1,Construction,$70,2026-07-02 14:14:40
QLD,"Woleebee,Toowoomba & Darling Downs QLD",1,Construction,$68,2026-06-27 03:57:48
QLD,"Wondai,Toowoomba & Darling Downs QLD",3,Healthcare / Aged Care,$40,2026-07-06 04:19:01
QLD,"Wondecla,Cairns & Far North QLD",3,FIFO / Mines,$45,2026-07-03 03:51:27
QLD,"Woodford,Brisbane QLD",1,Construction,$64,2026-06-23 15:16:03
QLD,"Woodridge,Brisbane QLD",3,Logistics / Transport,"$63,666",2026-06-30 20:15:58
QLD,"Woodstock,Northern QLD",12,Agriculture / Farms,$42,2026-07-07 09:59:19
QLD,"Woolloongabba,Brisbane QLD",18,Security,"$60,026",2026-07-06 11:11:27
QLD,"Woolloongabba,Brisbane QLD(Hybrid)",1,Healthcare / Aged Care,N/A,2026-07-06 04:19:01
QLD,"Wooloowin,Brisbane QLD",1,Retail,N/A,2026-06-22 08:15:20
QLD,"Woombye,Sunshine Coast QLD",14,Agriculture / Farms,N/A,2026-07-05 13:53:29
QLD,"Woree,Cairns & Far North QLD",8,Hospitality,$30,2026-07-05 19:35:27
QLD,"Wurtulla,Sunshine Coast QLD",1,Hospitality,"$85,000",2026-06-30 04:20:05
QLD,"Wynnum West,Brisbane QLD",4,Warehouse / Distribution,$32,2026-06-27 19:45:35
QLD,"Yamanto,Brisbane QLD",2,Hospitality,N/A,2026-06-30 10:03:18
QLD,"Yandina Creek,Sunshine Coast QLD",1,Logistics / Transport,$35,2026-06-27 19:45:35
QLD,"Yandina,Sunshine Coast QLD",16,Logistics / Transport,"$20,727",2026-07-05 19:35:27
QLD,"Yaroomba,Sunshine Coast QLD",11,Security,"$100,000",2026-07-06 20:06:26
QLD,"Yarrabah,Cairns & Far North QLD",2,Hospitality,N/A,2026-07-03 19:49:55
QLD,"Yarrabilba,Brisbane QLD",1,Warehouse / Distribution,"$65,000",2026-06-29 11:31:04
QLD,"Yarranlea,Toowoomba & Darling Downs QLD",1,Agriculture / Farms,N/A,2026-06-23 15:20:16
QLD,"Yatala,Gold Coast QLD",90,Warehouse / Distribution,"$21,831",2026-07-07 09:53:05
QLD,"Yatala,Gold Coast QLD(Hybrid)",1,Retail,N/A,2026-07-04 19:39:40
QLD,"Yeerongpilly,Brisbane QLD",4,Warehouse / Distribution,N/A,2026-06-30 20:15:58
QLD,"Yeppoon,Rockhampton & Capricorn Coast QLD",21,Hospitality,$41,2026-07-03 20:00:33
QLD,"Yeronga,Brisbane QLD",3,Healthcare / Aged Care,$36,2026-07-07 10:16:39
QLD,"Zillmere,Brisbane QLD",1,Cleaning / Facilities,$32,2026-06-25 15:10:27
QLD,atAG Height SafetyQLD,2,Construction,$35,2026-07-04 19:23:26
QLD,atAWX Central Queensland,37,FIFO / Mines,$63,2026-07-07 09:57:28
QLD,atAlzheimer's Association of Queensland,13,Healthcare / Aged Care,$46,2026-06-29 16:12:41
QLD,atAmrick Queensland,2,Construction,$35,2026-07-05 09:16:17
QLD,atBJS Group (QLD),1,Warehouse / Distribution,N/A,2026-06-25 15:06:31
QLD,atBuildsafe Queensland Pty Ltd,23,Construction,$37,2026-07-05 09:16:18
QLD,atCPB Contractors QLD & PNG,1,Construction,N/A,2026-07-05 09:16:17
QLD,atCapital Transport QLD,1,Logistics / Transport,"$75,000",2026-06-30 14:40:36
QLD,atCentral Queensland Hospital and Health Service,12,Healthcare / Aged Care,N/A,2026-07-06 04:19:01
QLD,atChildren's Health Queensland,7,Healthcare / Aged Care,"$3,487",2026-06-29 20:22:32
QLD,atCleanCo Queensland,1,Cleaning / Facilities,N/A,2026-06-27 14:19:34
QLD,atCootharinga North Queensland,1,Healthcare / Aged Care,N/A,2026-07-07 10:07:03
QLD,atDepartment of Health - Queensland,53,Healthcare / Aged Care,"$50,222",2026-07-07 10:16:26
QLD,atElevate Construction Group QLD,6,Construction,$55,2026-07-07 09:53:05
QLD,atFar North Queensland Hospital Foundation,1,Retail,"$60,000",2026-06-30 04:24:12
QLD,atFlight Training Adelaide Queensland,3,Cleaning / Facilities,N/A,2026-07-02 14:39:01
QLD,atFrontline Human Resources QLD,1,Construction,$47,2026-06-28 14:01:51
QLD,atGoodall Transport QLD,1,FIFO / Mines,$45,2026-06-24 14:46:40
QLD,atHAUSER FARMS (QLD) PTY LTD,6,Agriculture / Farms,$30,2026-07-07 09:59:19
QLD,atHume Doors and Timber QLD,2,Security,N/A,2026-07-06 11:07:16
QLD,atLogistics North Queensland,2,Logistics / Transport,$27,2026-06-30 20:15:58
QLD,atNorth QLD Bulk Ports Corporation,1,Security,N/A,2026-06-29 11:32:18
QLD,atNorth West Private Hospital Queensland Ramsay Health,3,Healthcare / Aged Care,$30,2026-06-30 10:06:58
QLD,atNow Careers QLD,3,Construction,$35,2026-06-30 04:09:17
QLD,atPCYC QLD,4,Cleaning / Facilities,$32,2026-07-02 14:39:59
QLD,atPlumbers QLD,1,Construction,$55,2026-06-30 04:07:19
QLD,atQMT - Queensland Multi Trades,1,Construction,$50,2026-07-06 20:06:26
QLD,atQueensland Airports Limited,1,Cleaning / Facilities,N/A,2026-07-07 10:16:26
QLD,atQueensland Ambulance Service,1,Healthcare / Aged Care,"$85,000",2026-07-03 04:03:07
QLD,atQueensland Breastcare Centre,1,Healthcare / Aged Care,N/A,2026-07-03 04:03:07
QLD,atQueensland Building and Construction Commission (QBCC),1,Retail,N/A,2026-06-30 04:24:12
QLD,atQueensland Computers,4,Warehouse / Distribution,"$70,000",2026-07-03 04:08:45
QLD,atQueensland Corrective Services,1,Healthcare / Aged Care,"$102,817",2026-06-29 20:22:32
QLD,atQueensland Department of Education,22,Cleaning / Facilities,N/A,2026-07-05 14:17:24
QLD,atQueensland Forklifts,1,Warehouse / Distribution,"$95,000",2026-06-27 19:57:41
QLD,atQueensland Performing Arts Centre,1,Security,"$74,292",2026-06-22 08:20:16
QLD,atQueensland Police Service,5,Security,"$79,734",2026-07-06 11:11:27
QLD,atQueensland Power & Electrical Services,6,Construction,"$110,000",2026-07-06 20:06:26
QLD,atQueensland Rail,1,Retail,"$117,750",2026-07-04 19:39:40
QLD,atQueensland X-Ray,2,Healthcare / Aged Care,N/A,2026-07-03 04:03:07
QLD,atR & K Ventures QLD Pty Ltd,5,Hospitality,N/A,2026-07-03 09:40:21
QLD,atRSPCA QLD,1,Retail,N/A,2026-06-24 09:58:25
QLD,atResi Care Queensland,2,Healthcare / Aged Care,"$10,000",2026-06-23 15:30:07
QLD,atRichmond Fellowship Queensland,2,Healthcare / Aged Care,$43,2026-06-23 15:27:30
QLD,atRonald McDonald House South East Queensland,6,Healthcare / Aged Care,$36,2026-07-06 04:19:01
QLD,atSeaLink South East Queensland,2,Hospitality,N/A,2026-06-30 14:43:51
QLD,atSt Vincent de Paul Society Queensland,6,Cleaning / Facilities,$34,2026-07-05 14:17:24
QLD,atStadiums Queensland,1,Cleaning / Facilities,"$118,818",2026-06-26 20:23:27
QLD,atSupport Services Queensland,1,Healthcare / Aged Care,$43,2026-06-29 04:42:14
QLD,atTAFE Queensland,7,Cleaning / Facilities,"$46,594",2026-06-26 20:22:46
QLD,atThe Distributors Queensland Cairns,15,Warehouse / Distribution,$26,2026-06-29 20:16:58
QLD,atThe Drug Detection Agency Queensland (TD DA),2,Healthcare / Aged Care,$40,2026-06-24 09:57:06
QLD,atThe Rustic Cabin (QLD) Pty Ltd ATF Rustic Cabin Trust trading as Daisy’s Place,6,Hospitality,N/A,2026-07-03 09:40:21
QLD,atThe Seat Shop QLD Pty Ltd,2,Cleaning / Facilities,N/A,2026-06-27 14:19:34
QLD,"atThe Uniting Church in Australia, Queensland Synod",1,Retail,N/A,2026-06-28 04:36:28
QLD,atThuz Plumbing QLD PTY LTD,1,Construction,$45,2026-06-30 04:07:19
QLD,atTrade Collective QLD Pty Ltd,6,Construction,"$90,000",2026-07-05 13:53:29
QLD,atTrade and Investment Queensland,1,Logistics / Transport,N/A,2026-06-30 14:40:36
QLD,atTrio Automotive Group Queensland Pty Ltd,3,Agriculture / Farms,N/A,2026-07-07 09:59:19
QLD,atUniversity of Queensland Union,8,Hospitality,N/A,2026-06-29 04:39:51
QLD,atWesley Mission Queensland,20,Healthcare / Aged Care,$35,2026-07-07 10:16:39
QLD,atWorkforce QLD Stapylton Road Services,1,Warehouse / Distribution,$33,2026-06-29 20:27:06
SA,"Aberfoyle Park,Adelaide SA",1,Healthcare / Aged Care,$45,2026-07-02 14:30:28
SA,"Adelaide Airport,Adelaide SA",105,Retail,$148,2026-07-07 10:15:03
SA,"Adelaide Airport,Adelaide SA(Remote)",1,Cleaning / Facilities,$66,2026-06-22 12:38:46
SA,Adelaide Hills & Barossa SA,1,Warehouse / Distribution,N/A,2026-06-30 14:50:21
SA,Adelaide SA,2110,Construction,"$13,244",2026-07-07 10:17:23
SA,Adelaide SA(Hybrid),62,Healthcare / Aged Care,"$44,476",2026-07-06 20:20:22
SA,Adelaide SA(Remote),83,FIFO / Mines,"$20,791",2026-07-07 10:14:51
SA,"Albert Park,Adelaide SA",30,Warehouse / Distribution,$33,2026-07-07 10:10:42
SA,"Alberton,Adelaide SA",10,Cleaning / Facilities,$104,2026-07-05 14:16:50
SA,"Aldinga Beach,Adelaide SA",4,Hospitality,$34,2026-07-06 20:17:42
SA,"Aldinga,Adelaide SA",1,FIFO / Mines,$37,2026-07-07 09:57:21
SA,"Allenby Gardens,Adelaide SA",2,Healthcare / Aged Care,N/A,2026-07-05 14:03:58
SA,"Andrews Farm,Adelaide SA",1,Cleaning / Facilities,N/A,2026-06-23 04:27:07
SA,"Angaston,Adelaide Hills & Barossa SA",8,Warehouse / Distribution,$40,2026-06-30 14:50:21
SA,"Angle Vale,Adelaide SA",5,Construction,$42,2026-06-28 09:21:46
SA,"Ardrossan,Yorke Peninsula & Clare Valley SA",4,Agriculture / Farms,N/A,2026-07-03 19:44:52
SA,"Ashford,Adelaide SA",3,Healthcare / Aged Care,N/A,2026-06-27 19:53:07
SA,"Athol Park,Adelaide SA",10,Logistics / Transport,$36,2026-06-30 14:50:21
SA,"Athol Park,Adelaide SA(Hybrid)",1,Warehouse / Distribution,N/A,2026-07-03 14:42:33
SA,"Australia Plains,Yorke Peninsula & Clare Valley SA(Remote)",1,Retail,"$105,000",2026-06-28 04:36:09
SA,"Balaklava,Yorke Peninsula & Clare Valley SA",11,Cleaning / Facilities,$31,2026-07-07 10:15:28
SA,"Balhannah,Adelaide Hills & Barossa SA",2,Retail,$25,2026-06-24 15:04:23
SA,"Barossa Goldfields,Adelaide Hills & Barossa SA",2,Cleaning / Facilities,N/A,2026-07-06 11:14:50
SA,"Bedford Park,Adelaide SA",7,Healthcare / Aged Care,$34,2026-07-07 10:04:02
SA,"Belair,Adelaide SA",7,Cleaning / Facilities,$35,2026-07-06 11:14:50
SA,"Berri,Riverland & Murray Mallee SA",36,Cleaning / Facilities,$32,2026-07-07 10:17:23
SA,"Beulah Park,Adelaide SA",6,Retail,"$25,023",2026-06-29 20:23:44
SA,"Beverley,Adelaide SA",29,Cleaning / Facilities,"$16,701",2026-07-05 19:36:28
SA,"Birkenhead,Adelaide SA",3,FIFO / Mines,N/A,2026-07-01 04:27:56
SA,"Blackwood,Adelaide SA",8,Healthcare / Aged Care,$29,2026-07-07 10:04:02
SA,"Blair Athol,Adelaide SA",3,Hospitality,$35,2026-06-26 14:48:33
SA,"Blakeview,Adelaide SA",4,Cleaning / Facilities,N/A,2026-06-30 04:06:48
SA,"Bolivar,Adelaide SA",1,Logistics / Transport,N/A,2026-06-30 14:39:14
SA,"Bordertown,Mt Gambier & Limestone Coast SA",32,Agriculture / Farms,$33,2026-07-07 09:58:23
SA,"Bowden,Adelaide SA",8,Construction,$32,2026-07-02 14:15:41
SA,"Bowden,Adelaide SA(Hybrid)",3,Cleaning / Facilities,"$105,916",2026-07-06 11:14:50
SA,"Bowmans,Yorke Peninsula & Clare Valley SA",8,Warehouse / Distribution,N/A,2026-06-30 14:50:21
SA,"Brighton,Adelaide SA",8,Retail,$28,2026-07-06 16:04:35
SA,"Broadview,Adelaide SA",14,Healthcare / Aged Care,"$40,736",2026-07-06 20:20:23
SA,"Brompton,Adelaide SA",10,Warehouse / Distribution,"$65,000",2026-07-07 10:10:42
SA,"Brooklyn Park,Adelaide SA",3,Cleaning / Facilities,$40,2026-07-06 16:12:24
SA,"Brukunga,Adelaide Hills & Barossa SA",1,Retail,N/A,2026-06-29 04:43:35
SA,"Bunbury,Riverland & Murray Mallee SA",1,Warehouse / Distribution,$31,2026-07-02 14:34:04
SA,"Burnsfield,Yorke Peninsula & Clare Valley SA",2,Hospitality,N/A,2026-06-29 04:37:37
SA,"Burnside,Adelaide SA",11,Retail,"$45,007",2026-07-05 19:43:03
SA,"Burra,Yorke Peninsula & Clare Valley SA",9,Agriculture / Farms,N/A,2026-06-30 14:38:22
SA,"Burton,Adelaide SA",107,Warehouse / Distribution,"$5,587",2026-07-07 10:10:42
SA,"Burton,Adelaide SA(Hybrid)",12,FIFO / Mines,N/A,2026-07-07 09:57:33
SA,"Butler,Whyalla & Eyre Peninsula SA",9,FIFO / Mines,N/A,2026-07-01 04:27:56
SA,"Camden Park,Adelaide SA",7,Construction,N/A,2026-07-07 10:01:08
SA,"Campbelltown,Adelaide SA",10,Healthcare / Aged Care,$30,2026-07-06 11:14:50
SA,"Cavan,Adelaide SA",52,Warehouse / Distribution,"$30,733",2026-07-07 10:14:51
SA,"Cavan,Adelaide SA(Hybrid)",6,Logistics / Transport,N/A,2026-07-07 10:01:08
SA,"Ceduna Waters,Whyalla & Eyre Peninsula SA(Remote)",2,Retail,N/A,2026-06-30 10:09:40
SA,"Ceduna,Whyalla & Eyre Peninsula SA",12,Healthcare / Aged Care,"$15,089",2026-07-06 16:04:35
SA,"Cheltenham,Adelaide SA",1,FIFO / Mines,N/A,2026-06-27 04:01:48
SA,"Christies Beach,Adelaide SA",14,Healthcare / Aged Care,$36,2026-07-07 10:17:23
SA,"Clare,Yorke Peninsula & Clare Valley SA",4,Healthcare / Aged Care,"$2,650",2026-07-05 19:41:17
SA,"Clarence Gardens,Adelaide SA",9,Construction,"$46,677",2026-07-06 16:03:54
SA,"Cleve,Whyalla & Eyre Peninsula SA",17,Agriculture / Farms,$35,2026-07-02 14:20:28
SA,"Cleve,Whyalla & Eyre Peninsula SA(Hybrid)",1,Agriculture / Farms,N/A,2026-06-28 09:26:27
SA,"Clovelly Park,Adelaide SA",1,FIFO / Mines,$33,2026-06-27 13:58:56
SA,"Coffin Bay,Whyalla & Eyre Peninsula SA",10,Hospitality,"$40,017",2026-07-05 19:39:05
SA,"Compton,Mt Gambier & Limestone Coast SA",6,Agriculture / Farms,"$70,000",2026-06-28 09:26:27
SA,Coober Pedy & Outback SA,3,FIFO / Mines,N/A,2026-07-02 14:19:23
SA,"Coober Pedy,Coober Pedy & Outback SA",48,FIFO / Mines,"$106,394",2026-07-07 09:57:33
SA,"Coonawarra,Mt Gambier & Limestone Coast SA",12,Agriculture / Farms,"$80,000",2026-07-05 13:57:43
SA,"Coromandel Valley,Adelaide SA",7,Cleaning / Facilities,N/A,2026-07-06 16:11:43
SA,"Crafers,Adelaide Hills & Barossa SA",3,Hospitality,N/A,2026-06-28 14:13:26
SA,"Croydon Park,Adelaide SA",3,Logistics / Transport,N/A,2026-06-30 14:40:45
SA,"Cudlee Creek,Adelaide Hills & Barossa SA",4,Retail,N/A,2026-07-06 16:03:54
SA,"Curramulka,Yorke Peninsula & Clare Valley SA",4,FIFO / Mines,$33,2026-07-07 09:57:33
SA,"Currency Creek,Fleurieu Peninsula & Kangaroo Island SA",4,Agriculture / Farms,"$80,000",2026-06-28 04:27:45
SA,"Darlington,Adelaide SA",1,FIFO / Mines,$53,2026-06-26 09:42:04
SA,"Daveyston,Adelaide Hills & Barossa SA",2,Retail,N/A,2026-06-27 13:58:56
SA,"Daw Park,Adelaide SA",1,Logistics / Transport,N/A,2026-06-28 04:29:01
SA,"Dernancourt,Adelaide SA",1,Logistics / Transport,$40,2026-06-28 04:29:01
SA,"Devlins Pound,Riverland & Murray Mallee SA",21,Agriculture / Farms,N/A,2026-07-07 09:58:23
SA,"Devon Park,Adelaide SA",6,Logistics / Transport,$30,2026-07-05 19:36:28
SA,"Direk,Adelaide SA",45,Warehouse / Distribution,$40,2026-07-07 09:57:33
SA,"Dover Gardens,Adelaide SA",3,Healthcare / Aged Care,"$42,516",2026-06-30 14:40:45
SA,"Dry Creek,Adelaide SA",95,Logistics / Transport,"$38,773",2026-07-07 10:01:08
SA,"Dublin,Yorke Peninsula & Clare Valley SA",4,FIFO / Mines,N/A,2026-07-02 14:19:23
SA,"Dudley Park,Adelaide SA",45,Warehouse / Distribution,"$32,158",2026-07-07 10:10:42
SA,"Dulwich,Adelaide SA",6,Healthcare / Aged Care,$37,2026-06-29 16:11:37
SA,"Eastwood,Adelaide SA",10,Healthcare / Aged Care,$33,2026-07-04 14:10:37
SA,"Echunga,Adelaide Hills & Barossa SA",6,Agriculture / Farms,N/A,2026-07-04 19:29:04
SA,"Edinburgh,Adelaide SA",113,Construction,"$19,973",2026-07-07 10:10:42
SA,"Edinburgh,Adelaide SA(Hybrid)",3,Security,N/A,2026-07-03 14:42:33
SA,"Edwardstown,Adelaide SA",28,Logistics / Transport,$27,2026-07-06 20:17:42
SA,"Elizabeth North,Adelaide SA",1,Warehouse / Distribution,N/A,2026-07-07 10:10:42
SA,"Elizabeth Park,Adelaide SA",4,Retail,N/A,2026-07-04 14:04:14
SA,"Elizabeth South,Adelaide SA",12,Construction,$38,2026-07-03 03:59:57
SA,"Elizabeth,Adelaide SA",10,Retail,$40,2026-07-05 19:43:03
SA,"Elizabeth,Adelaide SA(Hybrid)",5,Healthcare / Aged Care,$88,2026-07-06 20:20:22
SA,"Enfield,Adelaide SA",15,FIFO / Mines,$37,2026-07-06 16:00:57
SA,"Ethelton,Adelaide SA",11,Construction,$34,2026-07-04 19:22:39
SA,"Evanston South,Adelaide SA",6,Cleaning / Facilities,N/A,2026-07-06 11:14:50
SA,"Evanston,Adelaide SA",2,Hospitality,$45,2026-07-02 14:30:28
SA,"Everard Park,Adelaide SA",2,Healthcare / Aged Care,N/A,2026-06-27 14:06:35
SA,"Export Park,Adelaide SA",1,Hospitality,N/A,2026-06-25 14:58:19
SA,"Fairview Park,Adelaide SA",2,Retail,$32,2026-07-06 16:04:35
SA,"Felixstow,Adelaide SA",10,Healthcare / Aged Care,$31,2026-07-07 10:15:03
SA,"Felixstow,Adelaide SA(Hybrid)",2,Security,N/A,2026-06-27 19:58:52
SA,"Ferryden Park,Adelaide SA",37,Construction,"$59,444",2026-07-06 10:50:08
SA,"Findon,Adelaide SA",20,Construction,"$25,298",2026-07-06 10:50:08
SA,"Flagstaff Hill,Adelaide SA",17,Agriculture / Farms,N/A,2026-07-05 19:32:45
SA,"Flinders Park,Adelaide SA",5,Construction,"$82,000",2026-07-02 14:15:25
SA,"Flinders Ranges,Yorke Peninsula & Clare Valley SA",3,Hospitality,"$90,000",2026-07-01 04:35:32
SA,"Forestville,Adelaide SA",5,Hospitality,$57,2026-07-07 10:04:02
SA,"Freeling,Adelaide Hills & Barossa SA",3,Logistics / Transport,"$74,837",2026-06-28 04:28:10
SA,"Frewville,Adelaide SA",1,Retail,$32,2026-06-28 14:19:11
SA,"Frewville,Adelaide SA(Hybrid)",2,Retail,"$18,550",2026-06-30 10:08:35
SA,"Fulham,Adelaide SA",7,Retail,$32,2026-07-06 16:03:54
SA,"Fullarton,Adelaide SA",6,Healthcare / Aged Care,"$51,097",2026-07-06 16:00:57
SA,"Gawler Belt,Adelaide Hills & Barossa SA",5,Retail,$30,2026-07-05 13:54:54
SA,"Gawler East,Adelaide SA",4,Cleaning / Facilities,N/A,2026-07-07 10:17:23
SA,"Gawler South,Adelaide SA",2,Warehouse / Distribution,$30,2026-06-29 04:45:59
SA,"Gawler,Adelaide SA",37,FIFO / Mines,"$24,337",2026-07-07 09:57:33
SA,"Gepps Cross,Adelaide SA",69,Warehouse / Distribution,$32,2026-07-07 10:10:42
SA,"Gilles Plains,Adelaide SA",4,Healthcare / Aged Care,N/A,2026-06-29 16:11:37
SA,"Gillman,Adelaide SA",56,FIFO / Mines,"$19,480",2026-07-07 10:10:42
SA,"Gladstone,Yorke Peninsula & Clare Valley SA",5,Agriculture / Farms,N/A,2026-06-27 04:04:21
SA,"Glen Osmond,Adelaide SA",3,Construction,N/A,2026-06-30 09:51:13
SA,"Glendambo,Coober Pedy & Outback SA",2,Agriculture / Farms,N/A,2026-06-25 20:15:46
SA,"Glenelg South,Adelaide SA",1,Healthcare / Aged Care,$36,2026-06-27 14:10:36
SA,"Glenelg,Adelaide SA",44,Hospitality,"$17,327",2026-07-06 20:20:22
SA,"Glenside,Adelaide SA",6,Retail,N/A,2026-07-05 19:43:03
SA,"Glenunga,Adelaide SA",1,Cleaning / Facilities,$31,2026-07-07 10:15:28
SA,"Glossop,Riverland & Murray Mallee SA",18,Cleaning / Facilities,$32,2026-07-07 10:17:23
SA,"Glynde,Adelaide SA",15,Warehouse / Distribution,"$7,804",2026-07-07 10:10:42
SA,"Golden Grove,Adelaide SA",23,FIFO / Mines,"$35,146",2026-07-07 09:57:33
SA,"Goodwood,Adelaide SA",7,Retail,N/A,2026-07-06 16:04:35
SA,"Goolwa North,Fleurieu Peninsula & Kangaroo Island SA",1,Healthcare / Aged Care,N/A,2026-07-02 14:30:28
SA,"Goolwa,Fleurieu Peninsula & Kangaroo Island SA",3,FIFO / Mines,N/A,2026-07-05 13:54:54
SA,"Green Fields,Adelaide SA",38,Construction,$40,2026-07-07 10:01:08
SA,"Greenacres,Adelaide SA",3,Retail,$34,2026-06-29 20:23:44
SA,"Greenways,Mt Gambier & Limestone Coast SA",1,Hospitality,$20,2026-07-01 04:35:32
SA,"Hackham,Adelaide SA",9,Hospitality,"$10,610",2026-07-06 20:20:22
SA,"Hahndorf,Adelaide Hills & Barossa SA",6,Hospitality,N/A,2026-07-07 10:04:02
SA,"Haines,Fleurieu Peninsula & Kangaroo Island SA",21,Agriculture / Farms,"$70,000",2026-07-07 09:58:23
SA,"Halbury,Yorke Peninsula & Clare Valley SA",2,Construction,N/A,2026-06-30 04:08:06
SA,"Happy Valley,Adelaide SA",6,Warehouse / Distribution,N/A,2026-07-06 16:11:43
SA,"Hendon,Adelaide SA",5,Retail,$36,2026-07-03 14:40:18
SA,"Hendon,Adelaide SA(Hybrid)",1,Retail,N/A,2026-06-28 04:36:09
SA,"Henley Beach,Adelaide SA",11,Healthcare / Aged Care,N/A,2026-06-29 11:35:28
SA,"Highbury,Adelaide SA",2,Healthcare / Aged Care,$28,2026-06-22 12:28:36
SA,"Hilton,Adelaide SA",6,Hospitality,$37,2026-07-07 10:01:08
SA,"Hindmarsh,Adelaide SA",50,Construction,"$15,653",2026-07-07 10:04:02
SA,"Holden Hill,Adelaide SA",4,Construction,"$26,687",2026-07-01 04:24:02
SA,"Hope Valley,Adelaide SA",24,Healthcare / Aged Care,"$1,896",2026-07-06 20:20:22
SA,"Hove,Adelaide SA",15,Cleaning / Facilities,"$7,964",2026-07-07 10:17:23
SA,"Hyde Park,Adelaide SA",4,Healthcare / Aged Care,N/A,2026-06-29 04:37:37
SA,"Ingle Farm,Adelaide SA",10,Cleaning / Facilities,$40,2026-07-07 10:15:28
SA,"Inglewood,Adelaide Hills & Barossa SA",3,Hospitality,"$75,000",2026-07-01 04:35:32
SA,"Inkerman,Yorke Peninsula & Clare Valley SA",3,Agriculture / Farms,N/A,2026-06-25 20:15:46
SA,"Innamincka,Coober Pedy & Outback SA(Remote)",1,Healthcare / Aged Care,N/A,2026-06-29 16:11:37
SA,"Jamestown,Yorke Peninsula & Clare Valley SA",11,Cleaning / Facilities,"$14,006",2026-07-07 10:15:28
SA,"Kadina,Yorke Peninsula & Clare Valley SA",8,Hospitality,"$2,650",2026-07-05 19:41:17
SA,"Kanmantoo,Adelaide Hills & Barossa SA",4,FIFO / Mines,N/A,2026-07-07 10:10:42
SA,"Kanmantoo,Adelaide Hills & Barossa SA(Remote)",1,Retail,N/A,2026-06-28 04:36:09
SA,"Keith,Mt Gambier & Limestone Coast SA",6,Agriculture / Farms,"$70,000",2026-07-03 19:44:52
SA,"Kensington Park,Adelaide SA",4,Healthcare / Aged Care,N/A,2026-06-29 16:11:37
SA,"Kent Town,Adelaide SA",7,Healthcare / Aged Care,"$76,600",2026-06-30 04:25:10
SA,"Keswick,Adelaide SA",12,Warehouse / Distribution,$29,2026-07-07 10:01:08
SA,"Keswick,Adelaide SA(Hybrid)",2,Retail,$32,2026-06-30 10:08:35
SA,"Kidman Park,Adelaide SA",5,Construction,"$9,324",2026-07-04 14:10:37
SA,"Kilburn,Adelaide SA",29,Retail,$35,2026-07-07 10:04:02
SA,"Kilkenny,Adelaide SA",6,Healthcare / Aged Care,"$95,000",2026-06-30 09:51:13
SA,"Kimba,Whyalla & Eyre Peninsula SA",1,Agriculture / Farms,"$120,000",2026-06-28 09:26:27
SA,"Kingscote,Fleurieu Peninsula & Kangaroo Island SA",6,Agriculture / Farms,$35,2026-07-05 13:57:43
SA,"Kingston Park,Adelaide SA",3,Hospitality,$35,2026-07-07 10:04:02
SA,"Kingston Se,Mt Gambier & Limestone Coast SA",5,Hospitality,N/A,2026-07-05 14:03:58
SA,"Kingston on Murray,Riverland & Murray Mallee SA",3,Agriculture / Farms,N/A,2026-07-05 19:32:45
SA,"Kingswood,Adelaide SA",1,Security,"$75,972",2026-07-03 04:10:11
SA,"Klemzig,Adelaide SA",5,Healthcare / Aged Care,$42,2026-07-05 19:41:16
SA,"Kurralta Park,Adelaide SA",9,Construction,N/A,2026-07-03 14:22:47
SA,"Langhorne Creek,Fleurieu Peninsula & Kangaroo Island SA",12,Agriculture / Farms,N/A,2026-07-05 19:32:45
SA,"Largs Bay,Adelaide SA",7,FIFO / Mines,$47,2026-07-07 09:57:21
SA,"Largs North,Adelaide SA",3,FIFO / Mines,N/A,2026-07-07 09:57:33
SA,"Leabrook,Adelaide SA",4,Cleaning / Facilities,$33,2026-07-06 11:14:50
SA,"Lewiston,Yorke Peninsula & Clare Valley SA",8,Construction,N/A,2026-07-06 10:50:08
SA,"Linden Park,Adelaide SA",5,Cleaning / Facilities,N/A,2026-07-05 14:17:57
SA,"Littlehampton,Adelaide Hills & Barossa SA",5,FIFO / Mines,N/A,2026-07-02 14:15:41
SA,"Lobethal,Adelaide Hills & Barossa SA",4,Construction,N/A,2026-06-28 09:21:46
SA,"Lock,Whyalla & Eyre Peninsula SA",5,Agriculture / Farms,"$95,000",2026-06-28 09:26:27
SA,"Lockleys,Adelaide SA",4,Hospitality,"$75,000",2026-06-29 04:37:37
SA,"Lonsdale,Adelaide SA",121,FIFO / Mines,"$4,559",2026-07-07 10:01:08
SA,"Lower Mitcham,Adelaide SA",15,Retail,N/A,2026-07-04 14:04:14
SA,"Loxton North,Riverland & Murray Mallee SA",6,Agriculture / Farms,N/A,2026-06-28 04:27:45
SA,"Loxton,Riverland & Murray Mallee SA",28,Agriculture / Farms,"$55,255",2026-07-06 16:10:36
SA,"Magill,Adelaide SA",18,Logistics / Transport,"$65,588",2026-07-07 10:01:08
SA,"Maitland,Yorke Peninsula & Clare Valley SA",5,Healthcare / Aged Care,"$70,000",2026-07-05 14:07:32
SA,"Malvern,Adelaide SA",1,Construction,"$100,000",2026-06-28 14:01:19
SA,"Mannum,Riverland & Murray Mallee SA",8,Retail,$33,2026-07-06 16:03:54
SA,"Mansfield Park,Adelaide SA",3,Retail,N/A,2026-06-29 20:23:44
SA,"Marananga,Adelaide Hills & Barossa SA",2,Agriculture / Farms,N/A,2026-06-27 04:05:26
SA,"Marion,Adelaide SA",63,Retail,$32,2026-07-07 10:15:28
SA,"Marion,Adelaide SA(Hybrid)",2,Retail,N/A,2026-06-30 10:08:35
SA,"Marla,Coober Pedy & Outback SA",8,Agriculture / Farms,"$60,000",2026-07-05 19:32:45
SA,"Marleston,Adelaide SA",52,Warehouse / Distribution,"$1,371",2026-07-07 09:57:33
SA,"Mawson Lakes,Adelaide SA",38,Warehouse / Distribution,"$17,716",2026-07-07 10:15:28
SA,"Mawson Lakes,Adelaide SA(Hybrid)",2,Security,N/A,2026-06-30 14:53:49
SA,"Maylands,Adelaide SA",8,Security,N/A,2026-07-06 20:17:42
SA,"McCracken,Fleurieu Peninsula & Kangaroo Island SA",1,Construction,N/A,2026-06-30 09:51:13
SA,"McLaren Flat,Adelaide SA",2,Hospitality,N/A,2026-07-01 04:35:32
SA,"McLaren Vale,Adelaide SA",12,Agriculture / Farms,"$75,000",2026-07-07 10:04:02
SA,"Melrose Park,Adelaide SA",45,Retail,"$43,813",2026-07-05 14:16:50
SA,"Melrose,Yorke Peninsula & Clare Valley SA",1,Hospitality,"$68,000",2026-07-03 19:50:30
SA,"Meningie,Riverland & Murray Mallee SA",1,Agriculture / Farms,N/A,2026-06-26 14:43:50
SA,"Mile End South,Adelaide SA",6,Retail,"$70,000",2026-07-06 16:04:35
SA,"Mile End,Adelaide SA",37,Warehouse / Distribution,"$16,671",2026-07-07 10:10:42
SA,"Millicent,Mt Gambier & Limestone Coast SA",10,Construction,"$77,007",2026-07-07 09:58:23
SA,"Minlaton,Yorke Peninsula & Clare Valley SA",3,Agriculture / Farms,$35,2026-06-23 15:19:43
SA,"Mitchell Park,Adelaide SA",9,Hospitality,$34,2026-07-06 20:20:22
SA,"Modbury Heights,Adelaide SA",3,Retail,N/A,2026-06-28 14:18:06
SA,"Modbury North,Adelaide SA",3,Retail,N/A,2026-06-30 10:08:35
SA,"Modbury,Adelaide SA",28,Retail,"$41,517",2026-07-06 16:03:54
SA,"Monarto South,Riverland & Murray Mallee SA",6,Agriculture / Farms,N/A,2026-07-05 19:32:45
SA,"Monarto,Riverland & Murray Mallee SA",43,Agriculture / Farms,"$57,045",2026-07-07 09:58:23
SA,"Monash,Riverland & Murray Mallee SA",2,Hospitality,N/A,2026-06-25 20:09:42
SA,"Moomba,Coober Pedy & Outback SA",25,Construction,"$45,020",2026-07-05 09:16:09
SA,"Moorlands,Riverland & Murray Mallee SA",14,Agriculture / Farms,N/A,2026-07-05 19:32:45
SA,"Morphett Vale,Adelaide SA",26,Construction,"$16,029",2026-07-07 10:17:23
SA,"Morphettville,Adelaide SA",3,Construction,"$5,333",2026-06-28 04:20:26
SA,"Mount Barker,Adelaide Hills & Barossa SA",74,Cleaning / Facilities,"$15,528",2026-07-07 10:17:23
SA,"Mount Compass,Fleurieu Peninsula & Kangaroo Island SA",9,FIFO / Mines,$37,2026-07-01 04:27:56
SA,"Mount Gambier,Mt Gambier & Limestone Coast SA",106,Healthcare / Aged Care,"$39,529",2026-07-07 10:15:03
SA,"Mount Gambier,Mt Gambier & Limestone Coast SA(Remote)",5,Healthcare / Aged Care,$34,2026-07-02 14:30:28
SA,"Mount Lofty,Adelaide Hills & Barossa SA",11,Retail,$2,2026-07-05 19:43:03
SA,"Mount Pleasant,Adelaide Hills & Barossa SA",13,Agriculture / Farms,$33,2026-06-29 20:15:07
SA,"Mount Schank,Mt Gambier & Limestone Coast SA",1,Agriculture / Farms,N/A,2026-06-28 09:26:27
SA,Mt Gambier & Limestone Coast SA,2,Retail,N/A,2026-07-04 14:04:14
SA,"Munno Para West,Adelaide SA",1,Hospitality,N/A,2026-06-26 09:50:25
SA,"Munno Para,Adelaide SA",9,Retail,$40,2026-07-06 16:03:54
SA,"Munno Para,Adelaide SA(Hybrid)",1,Healthcare / Aged Care,N/A,2026-06-22 12:30:32
SA,"Murray Bridge,Riverland & Murray Mallee SA",98,Cleaning / Facilities,"$19,549",2026-07-07 10:15:28
SA,"Mypolonga,Riverland & Murray Mallee SA",18,Agriculture / Farms,N/A,2026-07-07 09:58:23
SA,"Myponga Beach,Fleurieu Peninsula & Kangaroo Island SA",3,Logistics / Transport,$30,2026-06-28 04:29:01
SA,"Myponga,Fleurieu Peninsula & Kangaroo Island SA",3,Agriculture / Farms,$35,2026-07-07 09:58:23
SA,"Myrtle Bank,Adelaide SA",1,Construction,"$80,000",2026-07-02 14:15:25
SA,"Nairne,Adelaide Hills & Barossa SA",8,Construction,$28,2026-07-04 19:22:39
SA,"Naracoorte,Mt Gambier & Limestone Coast SA",27,Agriculture / Farms,"$21,687",2026-07-07 09:58:23
SA,"Netherton,Riverland & Murray Mallee SA",20,Agriculture / Farms,"$80,000",2026-07-04 03:45:57
SA,"Netley,Adelaide SA",20,Logistics / Transport,$38,2026-07-07 10:15:03
SA,"Newton,Adelaide SA",24,Hospitality,$42,2026-07-07 10:14:51
SA,"Noarlunga Centre,Adelaide SA",46,Cleaning / Facilities,"$35,016",2026-07-06 16:12:24
SA,"Normanville,Fleurieu Peninsula & Kangaroo Island SA",8,Hospitality,"$30,017",2026-07-03 04:10:11
SA,"North Adelaide,Adelaide SA",56,Cleaning / Facilities,"$8,600",2026-07-07 10:17:23
SA,"North Plympton,Adelaide SA",53,Warehouse / Distribution,"$14,025",2026-07-07 10:10:42
SA,"Northfield,Adelaide SA",9,Warehouse / Distribution,"$34,862",2026-07-06 20:20:22
SA,"Norwood,Adelaide SA",8,Construction,"$43,466",2026-06-29 04:37:37
SA,"Novar Gardens,Adelaide SA",24,Agriculture / Farms,"$110,000",2026-07-03 19:44:52
SA,"Nuriootpa,Adelaide Hills & Barossa SA",20,Healthcare / Aged Care,"$18,444",2026-07-06 20:20:23
SA,"O'Halloran Hill,Adelaide SA",17,Cleaning / Facilities,$34,2026-07-07 10:17:23
SA,"O'Sullivan Beach,Adelaide SA",1,Retail,$32,2026-06-23 04:19:45
SA,"Oaklands Park,Adelaide SA",13,Hospitality,$27,2026-07-07 10:17:23
SA,"Old Noarlunga,Adelaide SA",1,Hospitality,N/A,2026-06-22 08:08:31
SA,"Olympic Dam,Coober Pedy & Outback SA",40,FIFO / Mines,"$7,066",2026-07-07 09:57:33
SA,"Osborne,Adelaide SA",103,Construction,"$3,673",2026-07-06 20:17:42
SA,"Ottoway,Adelaide SA",6,Warehouse / Distribution,N/A,2026-07-05 19:36:28
SA,"Outer Harbor,Adelaide SA",25,FIFO / Mines,$39,2026-07-07 09:57:21
SA,"Overland Corner,Riverland & Murray Mallee SA",9,Agriculture / Farms,$33,2026-07-05 13:57:43
SA,"Owen,Yorke Peninsula & Clare Valley SA",12,Agriculture / Farms,"$75,000",2026-07-05 19:32:45
SA,"Palmer,Riverland & Murray Mallee SA",7,FIFO / Mines,N/A,2026-07-07 09:55:42
SA,"Panorama,Adelaide SA",8,Cleaning / Facilities,$38,2026-07-03 14:22:47
SA,"Para Hills West,Adelaide SA",19,Construction,$35,2026-07-07 10:01:08
SA,"Para Hills,Adelaide SA",10,Construction,$38,2026-07-03 14:22:47
SA,"Para Vista,Adelaide SA",2,Construction,N/A,2026-06-30 09:51:13
SA,"Paradise,Adelaide SA",1,Healthcare / Aged Care,N/A,2026-06-22 12:28:36
SA,"Parafield Gardens,Adelaide SA",6,Cleaning / Facilities,N/A,2026-07-05 14:16:50
SA,"Parafield,Adelaide SA",12,Cleaning / Facilities,N/A,2026-06-29 16:21:54
SA,"Parilla,Riverland & Murray Mallee SA",15,Agriculture / Farms,"$80,000",2026-07-02 14:20:28
SA,"Paringa,Riverland & Murray Mallee SA",10,Agriculture / Farms,N/A,2026-07-05 19:32:45
SA,"Parkside,Adelaide SA",5,Cleaning / Facilities,N/A,2026-07-03 09:53:27
SA,"Parkside,Adelaide SA(Hybrid)",2,Retail,N/A,2026-06-30 10:08:35
SA,"Pasadena,Adelaide SA",4,Hospitality,N/A,2026-07-05 14:03:58
SA,"Penfield Gardens,Adelaide SA",3,Construction,"$93,333",2026-06-30 09:51:27
SA,"Penfield,Adelaide SA",53,Agriculture / Farms,$40,2026-07-07 10:15:03
SA,"Penneshaw,Fleurieu Peninsula & Kangaroo Island SA",2,Construction,N/A,2026-06-28 14:00:40
SA,"Pennington,Adelaide SA",1,Warehouse / Distribution,N/A,2026-06-29 16:18:33
SA,"Penrice,Adelaide Hills & Barossa SA",10,FIFO / Mines,N/A,2026-07-07 09:57:33
SA,"Peterborough,Yorke Peninsula & Clare Valley SA",14,Cleaning / Facilities,N/A,2026-07-05 14:16:50
SA,"Pinnaroo,Riverland & Murray Mallee SA",7,Agriculture / Farms,N/A,2026-07-05 13:57:43
SA,"Plympton,Adelaide SA",10,Cleaning / Facilities,$34,2026-07-07 10:17:23
SA,"Pooraka,Adelaide SA",127,Logistics / Transport,"$6,927",2026-07-07 10:10:42
SA,"Port Adelaide,Adelaide SA",58,FIFO / Mines,"$9,660",2026-07-07 09:57:21
SA,"Port Augusta,Whyalla & Eyre Peninsula SA",38,Construction,"$5,375",2026-07-06 20:11:26
SA,"Port Broughton,Yorke Peninsula & Clare Valley SA",2,Hospitality,N/A,2026-07-01 04:35:32
SA,"Port Elliot,Fleurieu Peninsula & Kangaroo Island SA",13,Cleaning / Facilities,$43,2026-07-06 16:12:24
SA,"Port Lincoln,Whyalla & Eyre Peninsula SA",70,FIFO / Mines,"$3,805",2026-07-07 10:15:03
SA,"Port Noarlunga,Adelaide SA",2,Security,$34,2026-07-03 04:10:11
SA,"Port Pirie,Yorke Peninsula & Clare Valley SA",48,FIFO / Mines,"$1,025",2026-07-07 10:15:28
SA,"Port Wakefield,Yorke Peninsula & Clare Valley SA",5,Hospitality,N/A,2026-07-05 14:03:58
SA,"Prospect,Adelaide SA",24,Cleaning / Facilities,"$30,519",2026-07-06 16:12:24
SA,"Regency Park,Adelaide SA",108,Warehouse / Distribution,"$30,581",2026-07-07 10:04:02
SA,"Renmark,Riverland & Murray Mallee SA",69,Agriculture / Farms,$33,2026-07-06 16:04:35
SA,"Reynella,Adelaide SA",14,Logistics / Transport,$41,2026-07-06 04:14:49
SA,"Richmond,Adelaide SA",6,FIFO / Mines,"$39,033",2026-07-07 09:55:42
SA,"Ridleyton,Adelaide SA",6,Hospitality,N/A,2026-07-07 10:04:02
SA,"Riverton,Yorke Peninsula & Clare Valley SA",1,Construction,$40,2026-06-28 14:01:19
SA,"Robe,Mt Gambier & Limestone Coast SA",15,Agriculture / Farms,N/A,2026-07-07 09:58:23
SA,"Rose Park,Adelaide SA",1,Healthcare / Aged Care,N/A,2026-06-22 08:12:10
SA,"Rosedale,Adelaide Hills & Barossa SA",2,Cleaning / Facilities,$28,2026-06-28 14:24:56
SA,"Rosewater,Adelaide SA",2,Construction,$40,2026-06-30 04:08:06
SA,"Roseworthy,Adelaide Hills & Barossa SA",6,FIFO / Mines,$45,2026-06-30 09:54:28
SA,"Rowland Flat,Adelaide Hills & Barossa SA",1,Hospitality,N/A,2026-07-06 20:17:42
SA,"Roxby Downs,Coober Pedy & Outback SA",37,FIFO / Mines,$40,2026-07-06 16:10:36
SA,"Roxby Downs,Coober Pedy & Outback SA(Remote)",2,FIFO / Mines,"$200,000",2026-06-27 04:01:48
SA,"Royal Park,Adelaide SA",31,FIFO / Mines,$34,2026-07-07 09:55:42
SA,"Rudall,Whyalla & Eyre Peninsula SA",8,Agriculture / Farms,N/A,2026-07-03 19:44:52
SA,"Rundle Mall,Adelaide SA",15,Retail,"$75,000",2026-07-06 16:04:35
SA,"Salisbury North,Adelaide SA",2,Retail,$25,2026-07-05 19:43:03
SA,"Salisbury Plain,Adelaide SA",22,Logistics / Transport,"$28,593",2026-07-06 16:12:24
SA,"Salisbury South,Adelaide SA",13,Warehouse / Distribution,$29,2026-07-05 14:00:50
SA,"Salisbury,Adelaide SA",63,Healthcare / Aged Care,"$4,064",2026-07-07 10:04:02
SA,"Sandalwood,Riverland & Murray Mallee SA",19,FIFO / Mines,$60,2026-07-07 09:57:33
SA,"Seacliff Park,Adelaide SA",31,FIFO / Mines,N/A,2026-07-07 09:57:33
SA,"Seaford Heights,Adelaide SA",4,FIFO / Mines,$52,2026-07-02 14:19:23
SA,"Seaford Meadows,Adelaide SA",4,Cleaning / Facilities,$68,2026-06-30 09:51:13
SA,"Seaford,Adelaide SA",13,Retail,$34,2026-07-06 16:04:35
SA,"Seaton,Adelaide SA",7,Healthcare / Aged Care,N/A,2026-07-06 20:20:23
SA,"Seaview Downs,Adelaide SA",1,Construction,$40,2026-07-01 04:24:02
SA,"Sellicks Beach,Adelaide SA",2,Agriculture / Farms,$35,2026-06-24 09:47:19
SA,"Semaphore Park,Adelaide SA",6,Cleaning / Facilities,$35,2026-07-07 10:17:23
SA,"Semaphore,Adelaide SA",6,Hospitality,"$50,012",2026-07-06 20:17:42
SA,"Sevenhill,Yorke Peninsula & Clare Valley SA",1,Cleaning / Facilities,N/A,2026-06-22 12:38:46
SA,"Smithfield,Adelaide SA",2,Retail,N/A,2026-06-28 14:18:06
SA,"Somerton Park,Adelaide SA",5,Construction,$43,2026-07-02 14:15:25
SA,South Australia,5,Hospitality,N/A,2026-06-29 04:43:35
SA,"St Agnes,Adelaide SA",5,Cleaning / Facilities,$45,2026-06-29 11:34:52
SA,"St Marys,Adelaide SA",7,FIFO / Mines,$34,2026-06-30 09:54:28
SA,"St Morris,Adelaide SA",5,Construction,N/A,2026-06-29 04:43:35
SA,"St Peters,Adelaide SA",7,Healthcare / Aged Care,$52,2026-06-29 16:11:37
SA,"Stepney,Adelaide SA",4,Warehouse / Distribution,$29,2026-06-26 14:55:12
SA,"Stirling,Adelaide Hills & Barossa SA",13,Cleaning / Facilities,"$29,716",2026-07-07 10:17:23
SA,"Stockwell,Adelaide Hills & Barossa SA",5,Warehouse / Distribution,$44,2026-06-30 14:50:21
SA,"Stonyfell,Adelaide SA",11,Healthcare / Aged Care,$41,2026-07-06 20:20:22
SA,"Strathalbyn,Fleurieu Peninsula & Kangaroo Island SA",2,Hospitality,$30,2026-06-27 14:05:31
SA,"Streaky Bay,Whyalla & Eyre Peninsula SA",4,Hospitality,N/A,2026-06-30 04:25:10
SA,"Suttontown,Mt Gambier & Limestone Coast SA",6,Logistics / Transport,$35,2026-07-05 19:36:28
SA,"Tailem Bend,Riverland & Murray Mallee SA",47,Agriculture / Farms,$40,2026-07-06 20:17:42
SA,"Tanunda,Adelaide Hills & Barossa SA",18,Healthcare / Aged Care,"$6,699",2026-07-07 10:04:02
SA,"Taperoo,Adelaide SA",1,Cleaning / Facilities,N/A,2026-06-23 04:26:14
SA,"Tarlee,Yorke Peninsula & Clare Valley SA",14,Agriculture / Farms,N/A,2026-07-07 09:58:23
SA,"Tatachilla,Adelaide SA",1,FIFO / Mines,N/A,2026-06-29 16:02:31
SA,"Tea Tree Gully,Adelaide SA",2,Logistics / Transport,$30,2026-07-05 14:03:58
SA,"Thebarton,Adelaide SA",50,Construction,"$15,361",2026-07-07 10:10:42
SA,"Thebarton,Adelaide SA(Hybrid)",2,Retail,"$180,000",2026-06-29 16:14:07
SA,"Tilley Swamp,Mt Gambier & Limestone Coast SA",15,Agriculture / Farms,$33,2026-07-07 09:58:23
SA,"Tintinara,Riverland & Murray Mallee SA",13,Agriculture / Farms,N/A,2026-07-07 09:58:23
SA,"Tonsley,Adelaide SA",4,Warehouse / Distribution,$47,2026-06-30 04:08:06
SA,"Toorak Gardens,Adelaide SA",21,Healthcare / Aged Care,$34,2026-07-05 19:41:16
SA,"Torrens Park,Adelaide SA",6,Retail,$31,2026-07-06 16:03:54
SA,"Torrensville,Adelaide SA",30,Warehouse / Distribution,"$8,930",2026-07-07 10:10:42
SA,"Totness,Adelaide Hills & Barossa SA",1,Logistics / Transport,$34,2026-06-29 20:16:38
SA,"Tranmere,Adelaide SA",5,Security,N/A,2026-06-28 14:22:11
SA,"Truro,Riverland & Murray Mallee SA",4,FIFO / Mines,N/A,2026-06-29 16:02:31
SA,"Two Wells,Yorke Peninsula & Clare Valley SA",42,Cleaning / Facilities,$35,2026-07-06 16:12:24
SA,"Underdale,Adelaide SA",26,Retail,"$70,000",2026-07-04 14:04:14
SA,"Unley,Adelaide SA",11,Retail,"$30,436",2026-07-06 20:20:22
SA,"Unley,Adelaide SA(Hybrid)",9,Cleaning / Facilities,$35,2026-07-07 10:17:23
SA,"Valley View,Adelaide SA",4,Hospitality,N/A,2026-07-05 14:03:58
SA,"Verdun,Adelaide Hills & Barossa SA",4,Hospitality,N/A,2026-07-05 19:39:05
SA,"Victor Harbor,Fleurieu Peninsula & Kangaroo Island SA",42,Cleaning / Facilities,"$3,777",2026-07-07 10:17:23
SA,"Victor Harbor,Fleurieu Peninsula & Kangaroo Island SA(Remote)",3,Healthcare / Aged Care,N/A,2026-07-06 16:00:57
SA,"Virginia,Adelaide SA",31,Agriculture / Farms,"$53,173",2026-07-05 19:32:45
SA,"Waikerie,Riverland & Murray Mallee SA",4,Hospitality,"$65,000",2026-07-01 04:35:32
SA,"Walkerville,Adelaide SA",6,Healthcare / Aged Care,N/A,2026-07-05 19:41:16
SA,"Walkley Heights,Adelaide SA",4,Cleaning / Facilities,N/A,2026-07-06 11:14:50
SA,"Wallaroo,Yorke Peninsula & Clare Valley SA",14,Hospitality,"$24,314",2026-07-06 11:14:50
SA,"Wangary,Whyalla & Eyre Peninsula SA",3,Logistics / Transport,N/A,2026-07-07 10:01:08
SA,"Ward Belt,Adelaide Hills & Barossa SA",2,Logistics / Transport,N/A,2026-06-30 14:50:21
SA,"Warradale,Adelaide SA",12,Retail,"$60,000",2026-06-30 04:25:10
SA,"Waterloo Corner,Adelaide SA",19,FIFO / Mines,"$69,000",2026-07-06 04:13:43
SA,"Wayville,Adelaide SA",4,Construction,$42,2026-06-28 14:01:19
SA,"Welland,Adelaide SA",15,Cleaning / Facilities,"$65,000",2026-07-05 19:41:16
SA,"West Beach,Adelaide SA",12,Cleaning / Facilities,"$31,391",2026-07-06 11:14:50
SA,"West Croydon,Adelaide SA",1,Retail,"$67,722",2026-06-30 10:08:35
SA,"West Lakes,Adelaide SA",17,Retail,N/A,2026-07-06 16:04:35
SA,"West Richmond,Adelaide SA",2,Warehouse / Distribution,N/A,2026-06-28 14:20:04
SA,"Whyalla Stuart,Whyalla & Eyre Peninsula SA",8,Construction,N/A,2026-07-06 10:50:08
SA,"Whyalla,Whyalla & Eyre Peninsula SA",44,Security,$922,2026-07-07 10:17:23
SA,"Willaston,Adelaide SA",8,Construction,$34,2026-07-07 10:01:08
SA,"Williamstown,Adelaide Hills & Barossa SA",2,Cleaning / Facilities,N/A,2026-07-04 14:10:37
SA,"Willoughby,Fleurieu Peninsula & Kangaroo Island SA",1,Hospitality,"$80,000",2026-07-01 04:35:32
SA,"Willow Springs,Yorke Peninsula & Clare Valley SA",1,FIFO / Mines,N/A,2026-06-25 20:12:23
SA,"Windsor Gardens,Adelaide SA",34,Warehouse / Distribution,$32,2026-07-07 10:10:42
SA,"Wingfield,Adelaide SA",167,Logistics / Transport,"$3,850",2026-07-07 10:10:42
SA,"Wingfield,Adelaide SA(Hybrid)",4,Retail,"$100,000",2026-06-30 14:40:45
SA,"Woodside,Adelaide Hills & Barossa SA",32,Agriculture / Farms,$30,2026-07-07 09:58:23
SA,"Woodville North,Adelaide SA",35,Logistics / Transport,"$18,205",2026-07-07 10:10:42
SA,"Woodville Park,Adelaide SA",2,Retail,N/A,2026-06-30 04:25:10
SA,"Woodville South,Adelaide SA",22,Warehouse / Distribution,$40,2026-07-04 14:04:14
SA,"Woodville,Adelaide SA",5,Warehouse / Distribution,$34,2026-07-06 04:14:49
SA,"Woodville,Adelaide SA(Remote)",7,Retail,N/A,2026-07-06 16:04:35
SA,"Woomera,Coober Pedy & Outback SA",9,Construction,N/A,2026-07-06 20:11:26
SA,"Wynn Vale,Adelaide SA",3,Construction,"$95,000",2026-07-02 14:15:25
SA,"Yalata,Coober Pedy & Outback SA",3,Healthcare / Aged Care,"$84,942",2026-07-06 16:00:57
SA,"Yankalilla,Fleurieu Peninsula & Kangaroo Island SA",1,Retail,N/A,2026-06-23 04:19:18
SA,Yorke Peninsula & Clare Valley SA,1,Agriculture / Farms,$32,2026-07-07 09:58:23
SA,atABT Supplies (SA) Pty Ltd,9,Logistics / Transport,$30,2026-07-07 10:01:08
SA,atASSA ABLOY,1,Warehouse / Distribution,N/A,2026-06-22 12:35:09
SA,atAboriginal Health Council of South Australia,3,Cleaning / Facilities,"$84,821",2026-07-04 14:10:37
SA,atAnglicare SA,4,Cleaning / Facilities,N/A,2026-06-30 14:56:35
SA,atAnimal Welfare League SA,1,Cleaning / Facilities,N/A,2026-07-04 14:10:37
SA,atAustralian Motors SA Pty Ltd,14,Logistics / Transport,N/A,2026-07-05 19:36:28
SA,atBBH ELECTRICAL (SA) PTY LTD,3,Construction,"$106,666",2026-06-30 09:51:27
SA,atBankSA,2,Retail,N/A,2026-06-30 10:08:35
SA,atBuildgroup South Australia,2,FIFO / Mines,N/A,2026-06-25 14:51:46
SA,atBuildgroup South Australia - BGSA,2,FIFO / Mines,N/A,2026-06-29 16:02:31
SA,"atCPB Contractors WA, SA & NT",1,Construction,N/A,2026-06-27 19:38:15
SA,atCamco SA,2,Construction,$35,2026-06-30 09:53:37
SA,atCapital Transport SA,6,Logistics / Transport,"$65,000",2026-06-30 14:40:45
SA,atColdtrek SA Pty Ltd,3,Retail,"$70,000",2026-07-05 14:11:06
SA,atCoreStaff South Australia,60,FIFO / Mines,N/A,2026-07-07 09:57:33
SA,atDermatology SA Pty Ltd,1,Healthcare / Aged Care,$35,2026-06-27 14:10:36
SA,atDough SA P/L,4,Hospitality,$33,2026-07-05 14:03:58
SA,atEmpire Group SA,2,Construction,$40,2026-06-30 09:51:13
SA,atEverclear Pools SA,4,Construction,$30,2026-07-04 19:22:39
SA,atFrontline Hospitality SA & NT,12,Hospitality,$73,2026-07-07 10:04:02
SA,atFrontline Human Resources SA,37,FIFO / Mines,$40,2026-07-07 10:10:42
SA,atGuide Dogs SA/NT,2,Agriculture / Farms,N/A,2026-07-05 19:32:45
SA,atHealthcare Australia - Care SA and WA,1,Healthcare / Aged Care,$42,2026-06-22 12:28:36
SA,atHome Assist SA Pty Ltd,3,Cleaning / Facilities,$32,2026-06-30 14:56:35
SA,atHomemirus (SA) Pty Ltd,2,Logistics / Transport,"$60,000",2026-06-29 04:36:59
SA,atInHome Care SA,1,Healthcare / Aged Care,N/A,2026-06-22 12:30:32
SA,atLOVISA,1,Retail,N/A,2026-06-29 04:43:35
SA,atLa Vida Homes SA,3,Construction,N/A,2026-07-02 14:15:25
SA,atLawrence Vic Pty Ltd t/a SIXT Australia – Vic & SA,1,Logistics / Transport,N/A,2026-06-28 14:10:15
SA,atLivestock SA,1,Agriculture / Farms,N/A,2026-06-28 09:26:27
SA,atMaitland Contracting (SA) Pty Ltd,1,FIFO / Mines,$40,2026-06-27 13:59:49
SA,atMass Resources SA,11,FIFO / Mines,$40,2026-07-07 09:57:33
SA,atMeals on Wheels SA (Inc),8,Hospitality,N/A,2026-06-29 04:38:41
SA,atMonaghans (SA) Pty Ltd,9,FIFO / Mines,$35,2026-07-05 13:54:54
SA,atMotor Trade Association SA/NT,4,Cleaning / Facilities,N/A,2026-07-04 14:10:37
SA,atMyEnergy SA Pty Ltd,1,Retail,N/A,2026-06-28 04:36:09
SA,atOldfields Scaffolding SA&WA,15,Construction,$34,2026-07-06 10:50:08
SA,atPinnacle Scaffolding SA,7,Construction,"$120,000",2026-07-06 10:50:08
SA,atPodiatry Services SA,4,Warehouse / Distribution,N/A,2026-06-29 16:18:33
SA,atPro AV Solutions (SA),4,Logistics / Transport,N/A,2026-07-05 19:36:28
SA,atPro Scaffolding SA Pty Ltd,8,Construction,N/A,2026-07-06 10:50:08
SA,atProfessional Domestics SA,4,Cleaning / Facilities,N/A,2026-06-30 14:56:35
SA,atProtech SA,38,FIFO / Mines,N/A,2026-07-07 09:57:33
SA,atRIDLEYS SA,1,Construction,N/A,2026-06-28 14:01:19
SA,atRJ Projects (SA) Pty Ltd,1,Construction,$40,2026-06-26 09:39:46
SA,atRSL Care SA,18,Hospitality,N/A,2026-07-07 10:17:23
SA,atRSPCA (SA),1,Retail,N/A,2026-06-30 10:08:35
SA,atRangedale SA,4,FIFO / Mines,N/A,2026-06-28 04:28:10
SA,atRoads SA,11,FIFO / Mines,$40,2026-07-05 13:54:54
SA,atRoof and Render SA,3,Construction,"$80,000",2026-06-29 04:29:06
SA,atRoyal Agricultural & Horticultural Society of SA Inc,1,Agriculture / Farms,N/A,2026-06-28 09:26:27
SA,atRoyal Flying Doctor Service SA / NT,4,Healthcare / Aged Care,N/A,2026-06-29 16:11:37
SA,atSA ALLTOOLS,1,Retail,N/A,2026-06-29 16:14:07
SA,atSA FENCEWORX,4,Construction,$30,2026-06-30 20:07:29
SA,atSA Health - Barossa Hills Fleurieu Local Health Network,7,Healthcare / Aged Care,"$11,366",2026-07-04 14:10:37
SA,atSA Health - Central Adelaide Local Health Network,19,Healthcare / Aged Care,"$57,755",2026-07-04 14:01:29
SA,atSA Health - Dept for Health and Wellbeing,6,Logistics / Transport,N/A,2026-07-06 04:14:49
SA,atSA Health - Eyre and Far North Local Health Network,12,Healthcare / Aged Care,"$6,490",2026-07-05 14:03:58
SA,atSA Health - Flinders and Upper North Local Health Network,6,Healthcare / Aged Care,"$38,928",2026-06-29 16:11:37
SA,atSA Health - Limestone Coast Local Health Network,2,Healthcare / Aged Care,"$63,992",2026-06-29 16:11:37
SA,atSA Health - Northern Adelaide Local Health Network,10,Healthcare / Aged Care,"$66,266",2026-07-04 14:01:29
SA,atSA Health - Riverland Mallee Coorong Local Health Network,16,Healthcare / Aged Care,"$25,334",2026-07-05 19:41:17
SA,atSA Health - SA Ambulance Service,4,Warehouse / Distribution,"$71,589",2026-06-30 10:12:16
SA,atSA Health - Southern Adelaide Local Health Network,8,Healthcare / Aged Care,"$64,845",2026-07-05 14:17:57
SA,atSA Health - Statewide Clinical Support Services,4,Healthcare / Aged Care,"$76,129",2026-06-27 14:10:36
SA,atSA Health - Women’s and Children’s Health Network,16,Healthcare / Aged Care,"$80,342",2026-07-04 14:01:29
SA,atSA Health - Yorke and Northern Local Health Network,21,Healthcare / Aged Care,N/A,2026-07-07 10:04:02
SA,atSA Housing Trust,2,Retail,"$64,195",2026-06-30 10:08:35
SA,atSA Insulation Pty Ltd,2,Construction,N/A,2026-06-27 03:59:51
SA,atSA Montessori,1,Hospitality,$30,2026-06-28 04:31:32
SA,atSA Power Networks,6,Construction,"$113,035",2026-06-30 09:51:27
SA,atSA TRACTORS PTY LTD,2,FIFO / Mines,$45,2026-06-27 04:01:48
SA,atSA Water,3,Logistics / Transport,N/A,2026-06-30 14:40:45
SA,atSACARE,7,Healthcare / Aged Care,N/A,2026-07-05 14:07:32
SA,atSANFL Inc,1,Hospitality,N/A,2026-06-24 14:54:55
SA,atSJ Electric (SA) Pty Ltd,3,Construction,$45,2026-06-30 09:51:27
SA,atScouts Australia (SA Branch),4,Cleaning / Facilities,N/A,2026-06-29 16:21:54
SA,atSeaLink South Australia,2,Cleaning / Facilities,N/A,2026-07-06 20:17:42
SA,atServicing SA Pty Ltd,7,Cleaning / Facilities,N/A,2026-06-28 14:24:56
SA,atSouth Australia Police,10,Cleaning / Facilities,"$48,007",2026-07-07 10:15:03
SA,atSouth Australian Haulage Pty Ltd,1,FIFO / Mines,N/A,2026-06-23 04:05:44
SA,atSouth Australian Jockey Club Inc,2,Cleaning / Facilities,N/A,2026-07-04 14:10:37
SA,"atSouthern Cross Care (SA, NT & VIC) Inc.",10,Healthcare / Aged Care,"$15,900",2026-07-06 20:20:23
SA,atSt Basil's Homes (SA),10,Healthcare / Aged Care,"$15,899",2026-07-06 16:00:57
SA,atSt John Ambulance Australia SA Ltd,1,Retail,"$15,899",2026-06-28 14:18:06
SA,atSt Vincent de Paul Society (SA),3,Cleaning / Facilities,N/A,2026-07-07 10:17:23
SA,atSuper Suction SA,2,FIFO / Mines,$45,2026-06-26 09:42:04
SA,atUnitingSA,18,Healthcare / Aged Care,"$18,550",2026-07-06 20:20:22
SA,atWaste-Away SA,5,Construction,$32,2026-07-01 10:02:46
SA,atWorkPac - Mining NSW/SA,3,FIFO / Mines,$57,2026-06-29 15:59:50
SA,atWorkforce SA Labour Hire,3,Logistics / Transport,$38,2026-07-06 04:14:49
SA,atZambrero SA,3,Hospitality,$32,2026-07-06 20:17:42
TAS,"Alonnah,Hobart TAS",22,Hospitality,N/A,2026-07-07 10:15:31
TAS,"Austins Ferry,Hobart TAS",11,Cleaning / Facilities,N/A,2026-07-06 16:03:29
TAS,"Battery Point,Hobart TAS",8,Hospitality,N/A,2026-07-07 10:04:40
TAS,"Beaconsfield,Launceston & North East TAS",52,Cleaning / Facilities,"$59,668",2026-07-01 04:35:08
TAS,"Beauty Point,Launceston & North East TAS",3,Construction,N/A,2026-06-28 14:02:38
TAS,"Bell Bay,Launceston & North East TAS",95,Warehouse / Distribution,"$52,982",2026-07-07 10:00:55
TAS,"Bellerive,Hobart TAS",27,Hospitality,$30,2026-07-07 10:10:18
TAS,"Berriedale,Hobart TAS",4,Hospitality,"$90,000",2026-07-03 14:32:41
TAS,"Bicheno,Central & South East TAS",3,Agriculture / Farms,"$80,000",2026-07-05 13:59:09
TAS,"Blackmans Bay,Hobart TAS",10,Healthcare / Aged Care,$33,2026-07-06 11:05:00
TAS,"Branxholm,Launceston & North East TAS",19,Warehouse / Distribution,N/A,2026-07-06 10:53:23
TAS,"Breadalbane,Launceston & North East TAS",29,FIFO / Mines,N/A,2026-07-07 10:00:55
TAS,"Bridgewater,Hobart TAS",28,Warehouse / Distribution,$35,2026-07-06 15:46:21
TAS,"Bridgewater,Hobart TAS(Hybrid)",19,FIFO / Mines,$45,2026-07-07 10:00:55
TAS,"Bridport,Launceston & North East TAS",10,Construction,$50,2026-06-30 04:09:10
TAS,"Bridport,Launceston & North East TAS(Remote)",11,Healthcare / Aged Care,"$15,900",2026-07-06 11:05:00
TAS,"Brighton,Hobart TAS",30,Warehouse / Distribution,$29,2026-07-06 11:09:09
TAS,"Burnie,Devonport & North West TAS",315,Healthcare / Aged Care,"$26,452",2026-07-07 10:15:31
TAS,"Burnie,Devonport & North West TAS(Hybrid)",8,Healthcare / Aged Care,"$63,923",2026-07-05 09:29:42
TAS,"Burnie,Devonport & North West TAS(Remote)",3,Retail,"$18,610",2026-07-05 19:43:43
TAS,"Cambridge,Hobart TAS",126,Warehouse / Distribution,"$47,867",2026-07-07 10:09:15
TAS,"Cambridge,Hobart TAS(Remote)",6,Healthcare / Aged Care,N/A,2026-07-05 04:14:33
TAS,"Camdale,Devonport & North West TAS",21,Warehouse / Distribution,"$71,600",2026-07-07 10:10:18
TAS,"Campania,Central & South East TAS",6,Healthcare / Aged Care,$33,2026-07-06 11:05:00
TAS,"Campbell Town,Launceston & North East TAS",16,Healthcare / Aged Care,"$65,827",2026-07-05 09:29:42
TAS,"Carlton,Central & South East TAS",2,Logistics / Transport,N/A,2026-06-30 10:04:16
TAS,"Carrick,Launceston & North East TAS",5,Agriculture / Farms,N/A,2026-06-30 04:14:58
TAS,Central & South East TAS,1,Retail,N/A,2026-06-22 08:16:32
TAS,"Claremont,Hobart TAS",30,Warehouse / Distribution,$44,2026-07-07 10:15:31
TAS,"Coles Bay,Launceston & North East TAS",47,Hospitality,N/A,2026-07-07 10:15:31
TAS,"Cooee,Devonport & North West TAS",19,Construction,$32,2026-07-06 04:06:54
TAS,"Cradle Mountain,Devonport & North West TAS",6,Hospitality,N/A,2026-07-07 10:04:40
TAS,"Cressy,Launceston & North East TAS",38,Agriculture / Farms,"$66,521",2026-07-07 09:59:52
TAS,"Currie,Devonport & North West TAS",1,Healthcare / Aged Care,N/A,2026-07-06 16:00:58
TAS,"Cygnet,Central & South East TAS",13,Construction,"$76,930",2026-07-06 04:06:54
TAS,"Deloraine,Launceston & North East TAS",39,FIFO / Mines,"$35,087",2026-07-07 10:10:18
TAS,"Derwent Park,Hobart TAS",132,Warehouse / Distribution,"$27,042",2026-07-07 10:09:15
TAS,Devonport & North West TAS,20,Agriculture / Farms,$160,2026-07-07 09:59:52
TAS,"Devonport,Devonport & North West TAS",478,Logistics / Transport,"$9,251",2026-07-07 10:10:18
TAS,"Devonport,Devonport & North West TAS(Hybrid)",7,Warehouse / Distribution,N/A,2026-06-29 11:26:40
TAS,"Devonport,Devonport & North West TAS(Remote)",18,Healthcare / Aged Care,"$100,000",2026-07-06 20:21:44
TAS,"Dover,Central & South East TAS",52,Agriculture / Farms,$37,2026-07-07 09:59:52
TAS,"Dowsing Point,Hobart TAS(Hybrid)",1,Healthcare / Aged Care,N/A,2026-06-25 09:48:14
TAS,"Dowsing Point,Hobart TAS(Remote)",3,Warehouse / Distribution,N/A,2026-06-29 11:26:40
TAS,"Eaglehawk Neck,Central & South East TAS",3,Hospitality,N/A,2026-07-03 14:32:41
TAS,"East Devonport,Devonport & North West TAS",5,Hospitality,$34,2026-07-05 19:38:00
TAS,"East Launceston,Launceston & North East TAS",4,Construction,$30,2026-07-06 04:06:54
TAS,"Elizabeth Town,Launceston & North East TAS",3,Logistics / Transport,$34,2026-06-27 14:04:15
TAS,"Evandale,Launceston & North East TAS",2,Healthcare / Aged Care,N/A,2026-07-07 09:59:52
TAS,"Exeter,Launceston & North East TAS",25,Healthcare / Aged Care,N/A,2026-07-06 20:21:44
TAS,"Exeter,Launceston & North East TAS(Remote)",3,Healthcare / Aged Care,$34,2026-06-25 09:48:14
TAS,"Forth,Devonport & North West TAS",47,Agriculture / Farms,N/A,2026-07-07 09:59:52
TAS,"Freycinet,Launceston & North East TAS",38,Hospitality,$31,2026-07-07 10:04:40
TAS,"George Town,Launceston & North East TAS",45,Healthcare / Aged Care,"$12,894",2026-07-06 20:10:07
TAS,"Glen Huon,Central & South East TAS",6,Cleaning / Facilities,N/A,2026-06-25 15:10:50
TAS,"Glenorchy,Hobart TAS",81,Healthcare / Aged Care,$40,2026-07-07 10:09:53
TAS,"Goodwood,Hobart TAS",16,Cleaning / Facilities,"$25,783",2026-07-06 04:08:58
TAS,"Grassy,Devonport & North West TAS",52,Logistics / Transport,N/A,2026-07-07 10:00:55
TAS,"Gretna,Central & South East TAS",6,Agriculture / Farms,"$65,000",2026-07-07 09:59:52
TAS,"Hagley,Launceston & North East TAS",14,Agriculture / Farms,N/A,2026-07-07 09:59:52
TAS,"Hampshire,Devonport & North West TAS",9,FIFO / Mines,N/A,2026-07-07 10:00:55
TAS,Hobart TAS,1660,Hospitality,"$29,306",2026-07-07 10:15:31
TAS,Hobart TAS(Hybrid),46,Healthcare / Aged Care,"$52,899",2026-07-07 10:09:15
TAS,Hobart TAS(Remote),30,Hospitality,$39,2026-07-06 20:19:16
TAS,"Howrah,Hobart TAS",19,Hospitality,N/A,2026-07-06 20:19:16
TAS,"Huntingfield,Hobart TAS",3,Construction,N/A,2026-07-02 14:14:35
TAS,"Huonville,Central & South East TAS",7,Cleaning / Facilities,$36,2026-07-06 11:05:00
TAS,"Invermay,Launceston & North East TAS",24,Hospitality,"$10,027",2026-07-07 10:04:40
TAS,"Kayena,Launceston & North East TAS",18,Agriculture / Farms,"$70,000",2026-07-07 09:59:52
TAS,"Kettering,Hobart TAS",20,Healthcare / Aged Care,"$33,524",2026-07-06 04:08:58
TAS,"Kings Meadows,Launceston & North East TAS",106,Cleaning / Facilities,$32,2026-07-07 10:10:18
TAS,"Kingston Beach,Hobart TAS",2,Construction,N/A,2026-06-27 03:58:45
TAS,"Kingston,Hobart TAS",56,Warehouse / Distribution,"$12,025",2026-07-07 10:10:18
TAS,"Kingston,Hobart TAS(Hybrid)",2,Security,$120,2026-06-29 20:28:55
TAS,"Lake St Clair,Central & South East TAS",2,Hospitality,N/A,2026-07-07 10:15:31
TAS,"Latrobe,Devonport & North West TAS",46,Cleaning / Facilities,"$18,214",2026-07-07 10:15:31
TAS,Launceston & North East TAS,1,Hospitality,N/A,2026-06-24 04:14:39
TAS,"Launceston,Launceston & North East TAS",1244,Construction,"$25,393",2026-07-07 10:15:31
TAS,"Launceston,Launceston & North East TAS(Hybrid)",14,Healthcare / Aged Care,"$35,068",2026-07-06 20:21:44
TAS,"Launceston,Launceston & North East TAS(Remote)",15,Healthcare / Aged Care,N/A,2026-07-06 16:00:58
TAS,"Legana,Launceston & North East TAS",30,Retail,N/A,2026-07-07 10:10:18
TAS,"Legana,Launceston & North East TAS(Hybrid)",2,FIFO / Mines,N/A,2026-07-06 04:08:58
TAS,"Lenah Valley,Hobart TAS",3,Warehouse / Distribution,N/A,2026-07-06 04:26:47
TAS,"Leslie Vale,Hobart TAS",1,FIFO / Mines,N/A,2026-06-28 04:25:28
TAS,"Lindisfarne,Hobart TAS",17,Hospitality,N/A,2026-07-05 19:38:00
TAS,"Longford,Launceston & North East TAS",39,Agriculture / Farms,"$53,341",2026-07-07 10:00:55
TAS,"Lunawanna,Hobart TAS",6,Construction,$32,2026-07-02 14:14:35
TAS,"Margate,Hobart TAS",38,Agriculture / Farms,$33,2026-07-07 09:59:52
TAS,"Merseylea,Devonport & North West TAS",12,Construction,$25,2026-07-03 19:46:01
TAS,"Moina,Devonport & North West TAS",10,Hospitality,N/A,2026-07-05 19:38:00
TAS,"Mole Creek,Launceston & North East TAS",33,FIFO / Mines,N/A,2026-07-05 09:17:58
TAS,"Montana,Launceston & North East TAS",10,Agriculture / Farms,N/A,2026-07-05 13:59:09
TAS,"Montrose,Hobart TAS",17,Warehouse / Distribution,N/A,2026-07-06 11:09:09
TAS,"Moonah,Hobart TAS",68,Warehouse / Distribution,"$21,767",2026-07-07 10:09:53
TAS,"Mornington,Hobart TAS",24,Retail,"$45,020",2026-07-07 10:09:53
TAS,"Mowbray,Launceston & North East TAS",36,Cleaning / Facilities,"$10,735",2026-07-07 10:15:31
TAS,"Naracoopa,Devonport & North West TAS",7,FIFO / Mines,"$107,142",2026-06-29 04:32:08
TAS,"New Norfolk,Central & South East TAS",15,FIFO / Mines,"$80,524",2026-07-03 19:41:48
TAS,"New Town,Hobart TAS",4,Retail,$26,2026-07-03 14:41:01
TAS,"New Town,Hobart TAS(Hybrid)",2,Cleaning / Facilities,"$18,550",2026-06-27 04:22:23
TAS,"Newnham,Launceston & North East TAS",5,Healthcare / Aged Care,"$31,618",2026-07-06 11:05:00
TAS,"Newstead,Launceston & North East TAS",5,Healthcare / Aged Care,$33,2026-07-03 04:02:11
TAS,"North Hobart,Hobart TAS",13,Hospitality,$28,2026-07-07 10:15:31
TAS,"Norwood,Launceston & North East TAS",14,Hospitality,N/A,2026-07-05 19:38:00
TAS,"Norwood,Launceston & North East TAS(Remote)",10,Healthcare / Aged Care,$34,2026-07-06 16:00:58
TAS,"Oatlands,Central & South East TAS",5,Healthcare / Aged Care,"$80,524",2026-06-29 20:21:10
TAS,"Old Beach,Hobart TAS",2,Warehouse / Distribution,N/A,2026-06-24 04:14:39
TAS,"Opossum Bay,Hobart TAS",1,Hospitality,$30,2026-07-06 20:19:16
TAS,"Park Grove,Devonport & North West TAS",3,Healthcare / Aged Care,$35,2026-06-29 20:21:10
TAS,"Penguin,Devonport & North West TAS",24,Healthcare / Aged Care,N/A,2026-07-06 20:21:44
TAS,"Penna,Central & South East TAS",9,FIFO / Mines,"$77,000",2026-06-30 04:12:24
TAS,"Perth,Launceston & North East TAS",35,Hospitality,$30,2026-07-07 10:04:40
TAS,"Poatina,Launceston & North East TAS",17,Agriculture / Farms,N/A,2026-07-07 10:15:31
TAS,"Pontville,Hobart TAS",9,Warehouse / Distribution,$32,2026-07-03 04:06:18
TAS,"Port Arthur,Central & South East TAS",13,Cleaning / Facilities,$32,2026-07-01 04:40:53
TAS,"Port Huon,Central & South East TAS",24,Agriculture / Farms,$36,2026-07-07 09:59:52
TAS,"Premaydena,Central & South East TAS",1,Agriculture / Farms,N/A,2026-07-07 09:59:52
TAS,"Prospect Vale,Launceston & North East TAS",2,Hospitality,N/A,2026-06-25 09:49:42
TAS,"Prospect,Launceston & North East TAS",34,Logistics / Transport,"$74,800",2026-07-06 11:09:09
TAS,"Queenstown,Devonport & North West TAS",1,Healthcare / Aged Care,"$80,000",2026-06-29 20:21:10
TAS,"Quoiba,Devonport & North West TAS",23,Logistics / Transport,$30,2026-07-07 10:09:15
TAS,"Railton,Devonport & North West TAS",8,FIFO / Mines,N/A,2026-07-04 19:26:02
TAS,"Ranelagh,Central & South East TAS",1,FIFO / Mines,N/A,2026-07-06 10:53:23
TAS,"Richmond,Hobart TAS",9,Hospitality,$30,2026-07-07 10:00:55
TAS,"Risdon Vale,Hobart TAS",5,Healthcare / Aged Care,"$77,850",2026-07-06 04:27:27
TAS,"Risdon,Hobart TAS",2,Security,"$139,148",2026-06-24 10:03:43
TAS,"Rocherlea,Launceston & North East TAS",68,Warehouse / Distribution,"$68,880",2026-07-07 10:00:55
TAS,"Rocherlea,Launceston & North East TAS(Hybrid)",2,Healthcare / Aged Care,N/A,2026-07-02 14:29:37
TAS,"Rokeby,Hobart TAS",11,FIFO / Mines,"$90,000",2026-07-06 20:10:07
TAS,"Rosebery,Devonport & North West TAS",141,FIFO / Mines,N/A,2026-07-07 10:00:55
TAS,"Rosny Park,Hobart TAS",29,Healthcare / Aged Care,"$46,017",2026-07-06 20:21:44
TAS,"Rosny,Hobart TAS",9,Retail,N/A,2026-07-07 10:09:53
TAS,"Ross,Launceston & North East TAS",1,Cleaning / Facilities,$41,2026-07-07 10:15:31
TAS,"Rowella,Launceston & North East TAS",6,Agriculture / Farms,N/A,2026-07-07 09:59:52
TAS,"Sandy Bay,Hobart TAS",20,Cleaning / Facilities,"$72,500",2026-07-06 04:26:47
TAS,"Sassafras,Devonport & North West TAS",22,Warehouse / Distribution,N/A,2026-07-07 09:59:52
TAS,"Scottsdale,Launceston & North East TAS",17,Cleaning / Facilities,"$142,632",2026-07-07 10:15:31
TAS,"Seven Mile Beach,Hobart TAS",7,Hospitality,N/A,2026-07-07 10:04:40
TAS,"Sheffield,Devonport & North West TAS",6,FIFO / Mines,N/A,2026-07-07 10:00:55
TAS,"Sidmouth,Launceston & North East TAS",9,Agriculture / Farms,"$60,000",2026-07-07 09:59:52
TAS,"Smithton,Devonport & North West TAS",5,Construction,N/A,2026-06-27 13:55:19
TAS,"Somerset,Devonport & North West TAS",2,FIFO / Mines,N/A,2026-06-30 04:12:24
TAS,"Sorell,Central & South East TAS",38,Hospitality,$38,2026-07-07 10:09:53
TAS,"South Arm,Hobart TAS",5,Security,"$92,498",2026-07-01 04:44:45
TAS,"South Bruny,Hobart TAS",2,Hospitality,N/A,2026-07-03 14:32:41
TAS,"South Burnie,Devonport & North West TAS",11,Hospitality,N/A,2026-06-30 20:18:52
TAS,"South Hobart,Hobart TAS",13,Hospitality,"$56,675",2026-07-07 10:09:15
TAS,"South Launceston,Launceston & North East TAS",5,Hospitality,N/A,2026-07-07 10:09:15
TAS,"Spreyton,Devonport & North West TAS",13,Retail,"$13,027",2026-07-06 11:05:00
TAS,"St Helens,Launceston & North East TAS",21,Agriculture / Farms,"$12,756",2026-07-06 20:21:44
TAS,"St Leonards,Launceston & North East TAS",20,Agriculture / Farms,N/A,2026-07-06 04:08:58
TAS,"Stanley,Devonport & North West TAS",4,Hospitality,$26,2026-07-07 10:15:31
TAS,"Stony Rise,Devonport & North West TAS",9,Hospitality,N/A,2026-07-02 14:26:58
TAS,"Strahan,Devonport & North West TAS",12,Agriculture / Farms,N/A,2026-07-07 09:59:52
TAS,Tasmania,6,Cleaning / Facilities,N/A,2026-07-03 14:48:52
TAS,"Tea Tree,Hobart TAS",16,Hospitality,$30,2026-07-06 20:19:16
TAS,"Togari,Devonport & North West TAS",13,Agriculture / Farms,"$77,000",2026-07-01 04:28:58
TAS,"Turners Beach,Devonport & North West TAS",2,Hospitality,"$85,000",2026-07-03 14:32:41
TAS,"Ulverstone,Devonport & North West TAS",76,Healthcare / Aged Care,"$6,920",2026-07-06 20:21:44
TAS,"Waratah,Devonport & North West TAS",2,Healthcare / Aged Care,$35,2026-07-06 11:05:00
TAS,"Wesley Vale,Devonport & North West TAS",1,Cleaning / Facilities,N/A,2026-06-28 04:44:35
TAS,"West Devonport,Devonport & North West TAS",14,Logistics / Transport,$42,2026-07-05 09:24:31
TAS,"West Moonah,Hobart TAS",7,Cleaning / Facilities,N/A,2026-06-30 20:30:46
TAS,"Westbury,Launceston & North East TAS",32,Warehouse / Distribution,"$91,827",2026-07-07 10:00:55
TAS,"Western Junction,Launceston & North East TAS",57,Logistics / Transport,$31,2026-07-06 10:58:53
TAS,"White Hills,Launceston & North East TAS",1,Hospitality,$50,2026-07-05 14:03:34
TAS,"Whitemore,Launceston & North East TAS",1,Agriculture / Farms,N/A,2026-07-07 09:59:52
TAS,"Wivenhoe,Devonport & North West TAS",5,Logistics / Transport,N/A,2026-07-06 10:58:53
TAS,"Woolnorth,Devonport & North West TAS",15,Agriculture / Farms,N/A,2026-07-05 13:59:09
TAS,"Wynyard,Devonport & North West TAS",35,Construction,"$11,493",2026-07-05 19:25:58
TAS,"Youngtown,Launceston & North East TAS",4,Warehouse / Distribution,N/A,2026-06-27 04:17:28
TAS,"Zeehan,Devonport & North West TAS",16,Hospitality,"$65,263",2026-07-06 04:06:54
TAS,atAnglicare Tasmania Inc,64,Healthcare / Aged Care,"$1,316",2026-07-07 10:15:31
TAS,atBTE ELECTRICAL TASMANIA PTY LTD,1,Security,"$65,000",2026-06-29 16:20:09
TAS,atBay Hire / Concrete Sawing &Drilling Tasmania,2,Construction,"$70,000",2026-06-24 14:45:29
TAS,atBluestone Mines Tasmania Joint Venture Pty Ltd,82,FIFO / Mines,N/A,2026-07-07 10:00:55
TAS,atBusiness Events Tasmania,1,Retail,N/A,2026-06-29 11:26:40
TAS,atCalvary Health Care Tasmania,6,Healthcare / Aged Care,"$78,901",2026-06-29 20:21:10
TAS,atCatholic Education Tasmania,2,Cleaning / Facilities,N/A,2026-07-07 10:15:31
TAS,atCatholicCare Tasmania,1,Healthcare / Aged Care,N/A,2026-06-30 04:22:23
TAS,atCentral Electrical Tasmania,2,Construction,N/A,2026-06-25 14:46:35
TAS,atCommercial Kitchen Solutions Tasmania,3,Construction,"$70,000",2026-06-26 14:36:49
TAS,atCommunity Care TASMANIA,2,Healthcare / Aged Care,N/A,2026-06-25 20:24:19
TAS,atCommunity Transport Services Tasmania,2,Logistics / Transport,N/A,2026-07-06 10:58:53
TAS,atCoreStaff Tasmania,43,Retail,N/A,2026-07-07 10:00:55
TAS,atCountry Club Tasmania,2,Hospitality,N/A,2026-07-03 14:32:41
TAS,"atDepartment for Education, Children and Young People Tasmania",9,Security,"$101,137",2026-07-06 11:13:17
TAS,atDepartment of Natural Resources and Environment Tasmania,10,Cleaning / Facilities,"$80,013",2026-07-05 09:20:37
TAS,atDocument Management Tasmania,30,Warehouse / Distribution,N/A,2026-07-05 09:24:31
TAS,atFamily Based Care Tasmania,6,Healthcare / Aged Care,"$37,020",2026-07-07 10:15:31
TAS,atFresh Freight Tasmania,2,Warehouse / Distribution,N/A,2026-07-01 04:41:18
TAS,atFreshline Tasmania Pty Ltd,23,Agriculture / Farms,N/A,2026-07-04 14:04:53
TAS,atGrange Resources (Tasmania) Pty Ltd,6,FIFO / Mines,N/A,2026-07-01 04:27:20
TAS,atGreenham Tasmania Pty Ltd,14,Agriculture / Farms,$28,2026-06-30 20:14:48
TAS,atHobart Motorcycles Tasmania,1,Warehouse / Distribution,"$50,000",2026-06-23 04:22:37
TAS,atHomes Tasmania,4,Cleaning / Facilities,"$109,322",2026-07-01 04:46:24
TAS,atHowards Storage World Tasmania,8,Retail,$30,2026-07-05 19:43:43
TAS,atHydro Tasmania,18,Security,"$97,825",2026-07-07 10:00:55
TAS,atITI TAS,7,Warehouse / Distribution,N/A,2026-06-30 10:12:18
TAS,atIncat Tasmania Pty Ltd,10,Construction,N/A,2026-07-01 10:00:29
TAS,atIsland Berries Tasmania Pty Ltd,2,Construction,$35,2026-06-24 14:45:29
TAS,atJansz Tasmania,1,Agriculture / Farms,N/A,2026-06-28 14:06:30
TAS,atJet Couriers - Tasmania JT,7,Warehouse / Distribution,N/A,2026-07-06 10:58:53
TAS,atLEAP Support Services Tasmania,14,Healthcare / Aged Care,N/A,2026-07-06 11:05:00
TAS,atLoaves and Fishes Tasmania,32,Warehouse / Distribution,$24,2026-07-06 20:10:07
TAS,atLobster Shack Tasmania,2,Hospitality,N/A,2026-07-03 14:32:41
TAS,atMance Electrical Tasmania,4,Construction,$45,2026-06-27 13:55:19
TAS,atMental Health Lived Experience Tasmania Inc,1,Retail,$46,2026-07-07 10:09:15
TAS,atMetro Tasmania Pty Ltd,9,Logistics / Transport,"$17,021",2026-07-06 10:58:53
TAS,atMulticap Tasmania,1,Healthcare / Aged Care,N/A,2026-06-24 09:56:34
TAS,atPathways Tasmania,1,Security,$36,2026-06-29 16:20:09
TAS,atProtech TAS,27,FIFO / Mines,N/A,2026-07-06 10:53:23
TAS,atRadiology Tasmania,5,Healthcare / Aged Care,N/A,2026-06-29 16:20:09
TAS,atRoad Runners. Tasmanian Couriers Pty Ltd,2,Logistics / Transport,$33,2026-06-27 14:04:15
TAS,atSOLAREVER (TAS) PTY LTD,5,Warehouse / Distribution,"$93,000",2026-06-30 14:40:45
TAS,atSouthern Cross Care (Tasmania) Inc,103,Healthcare / Aged Care,"$18,814",2026-07-06 20:21:44
TAS,atSt John Ambulance Australia Tasmania,1,Retail,N/A,2026-06-24 04:21:09
TAS,atSt Vincent de Paul Society (Tasmania) Ltd,28,Retail,N/A,2026-07-07 10:09:53
TAS,atTASMAC Pty Ltd,3,Agriculture / Farms,N/A,2026-07-06 04:08:58
TAS,atTasmania zoo,1,Agriculture / Farms,N/A,2026-06-26 09:44:25
TAS,atTasmania's Westhaven,5,Agriculture / Farms,$28,2026-07-01 04:28:46
TAS,atTasmanian Berries,12,Agriculture / Farms,N/A,2026-07-05 13:59:09
TAS,atTasmanian Collection Service,2,Retail,N/A,2026-07-07 10:09:15
TAS,atTasmanian Home Nursing & Community Support,1,Healthcare / Aged Care,N/A,2026-07-03 04:02:11
TAS,atTasmanian Irrigation,1,Retail,N/A,2026-06-23 04:19:34
TAS,atTasmanian Manufactured Housing,9,Construction,"$83,888",2026-06-28 04:22:20
TAS,atTasmanian Mobile Locksmith,1,Security,$33,2026-06-22 12:37:57
TAS,atTasmanian Oral Maxillofacial and Implant Surgery,1,Healthcare / Aged Care,N/A,2026-06-30 10:07:06
TAS,atTasmanian Quality Meats Pty Ltd,5,Warehouse / Distribution,N/A,2026-07-05 19:25:58
TAS,atTasmanian Rock Lobster Council Ltd,2,Security,$35,2026-06-29 16:20:09
TAS,atThe People Project Tasmania,3,Healthcare / Aged Care,N/A,2026-06-27 14:09:33
TAS,atThe Practice Psychology Tasmania,2,Security,N/A,2026-06-29 16:20:09
TAS,atThe Tasmanian Walking Company,2,Logistics / Transport,$34,2026-06-30 14:41:51
TAS,atTony White Group Tasmania,1,Retail,N/A,2026-06-29 11:26:40
TAS,atTormax - Tasmania,2,Cleaning / Facilities,"$83,000",2026-06-30 20:30:46
TAS,atTourism Tasmania,1,Security,"$145,439",2026-06-29 20:28:55
TAS,atUniversity of Tasmania,2,Agriculture / Farms,"$215,121",2026-06-27 14:09:33
VIC,"East Victoria Park,Perth WA",9,Healthcare / Aged Care,"$16,028",2026-07-05 19:36:38
VIC,"Join Rocky Bay as a Support Worker make a real difference in people’s lives. We’re hiring with vacancies in Hamilton Hill,  and East Victoria Park.",2,Healthcare / Aged Care,$29,2026-07-03 14:37:32
VIC,"Our national footprint covers rail projects throughout WA, QLD, VIC, NSW & SA.",1,FIFO / Mines,$55,2026-06-22 08:02:02
VIC,Take your career to the next level with Victoria’s leading Forensic Mental Health Provider. We are looking for passionate nurses across Australia!,3,Healthcare / Aged Care,"$76,236",2026-06-28 09:34:03
VIC,"Victoria Park,Perth WA",38,Healthcare / Aged Care,"$22,520",2026-07-07 10:01:04
VIC,atAROHA SERVICES,37,Healthcare / Aged Care,N/A,2026-07-07 10:06:41
VIC,atAUSTRALIAN CYLINDER SERVICES,2,Warehouse / Distribution,"$85,000",2026-07-06 16:06:47
VIC,atCAI APPLIANCE SERVICES,2,Hospitality,"$95,000",2026-07-05 14:03:57
VIC,atOZLAND MINING SERVICES PTY LTD,4,FIFO / Mines,N/A,2026-07-02 04:07:04
VIC,atPRYCE MINING SERVICES PTY LTD,15,FIFO / Mines,N/A,2026-07-06 10:54:11
VIC,atPriceline Pharmacy East Victoria Park,2,Retail,N/A,2026-06-29 04:44:11
WA,"Albany,Albany & Great Southern WA",106,Hospitality,"$25,079",2026-07-07 10:03:23
WA,"Alkimos,Perth WA",1,Hospitality,N/A,2026-06-29 04:37:48
WA,"Anniebrook,Bunbury & South West WA",1,Agriculture / Farms,"$85,000",2026-06-22 12:21:23
WA,"Applecross,Perth WA",4,Hospitality,N/A,2026-07-05 09:38:56
WA,"Armadale,Perth WA",31,Healthcare / Aged Care,$37,2026-07-04 14:01:01
WA,"Arthur River,Northam & Wheatbelt WA",16,Agriculture / Farms,"$80,000",2026-07-04 19:30:48
WA,"Ascot,Perth WA",4,Hospitality,"$75,000",2026-06-30 20:17:45
WA,"Ashfield,Perth WA",1,Construction,N/A,2026-06-28 09:19:47
WA,"Atwell,Perth WA",1,Hospitality,N/A,2026-06-24 04:14:34
WA,"Australind,Bunbury & South West WA",14,Hospitality,$33,2026-07-04 13:59:06
WA,"Balcatta,Perth WA",70,Agriculture / Farms,"$31,620",2026-07-07 09:54:13
WA,"Baldivis,Perth WA",20,Cleaning / Facilities,$40,2026-07-05 09:37:49
WA,"Balga,Perth WA",2,Hospitality,"$40,014",2026-06-29 20:20:53
WA,"Ballajura,Perth WA",10,Hospitality,$31,2026-07-04 13:59:06
WA,"Barrow Island,Port Hedland, Karratha & Pilbara WA",8,Construction,N/A,2026-07-06 15:46:18
WA,"Barrow Island,Port Hedland, Karratha & Pilbara WA(Remote)",2,Construction,N/A,2026-07-03 19:37:57
WA,"Bassendean,Perth WA",49,Warehouse / Distribution,$30,2026-07-06 16:07:02
WA,"Bayswater,Perth WA",48,Hospitality,"$7,295",2026-07-07 09:54:13
WA,"Bayswater,Perth WA(Remote)",10,FIFO / Mines,$35,2026-07-02 14:18:26
WA,"Beckenham,Perth WA",1,Cleaning / Facilities,N/A,2026-06-29 04:51:53
WA,"Bedfordale,Perth WA",3,FIFO / Mines,$38,2026-06-30 04:11:17
WA,"Beechboro,Perth WA",2,Hospitality,N/A,2026-06-23 04:15:27
WA,"Beeliar,Perth WA",1,Hospitality,N/A,2026-06-22 12:27:33
WA,"Bellevue,Perth WA",3,Agriculture / Farms,$30,2026-06-29 04:34:11
WA,"Belmont,Perth WA",75,Logistics / Transport,"$2,447",2026-07-06 16:07:02
WA,"Bentley,Perth WA",15,Logistics / Transport,"$8,358",2026-07-03 19:47:19
WA,"Bertram,Perth WA",4,Security,$33,2026-06-28 09:42:47
WA,"Bibra Lake,Perth WA",87,Cleaning / Facilities,$32,2026-07-07 09:54:13
WA,"Bibra Lake,Perth WA(Hybrid)",1,Agriculture / Farms,N/A,2026-07-04 19:30:48
WA,"Bicton,Perth WA",3,Retail,N/A,2026-07-04 13:59:06
WA,"Boddington,Mandurah & Peel WA",4,FIFO / Mines,N/A,2026-06-29 20:12:30
WA,"Booragoon,Perth WA",38,Retail,"$22,429",2026-07-07 09:54:13
WA,"Bridgetown,Bunbury & South West WA",5,Hospitality,"$43,348",2026-07-03 09:44:26
WA,"Broadwater,Bunbury & South West WA",1,Healthcare / Aged Care,N/A,2026-06-26 20:12:15
WA,"Broadway Nedlands,Perth WA",2,Hospitality,N/A,2026-06-29 04:37:48
WA,"Brookton,Northam & Wheatbelt WA",5,Agriculture / Farms,N/A,2026-07-04 19:30:48
WA,Broome & Kimberley WA,3,Cleaning / Facilities,$42,2026-07-03 09:53:25
WA,"Broome,Broome & Kimberley WA",69,Cleaning / Facilities,"$34,611",2026-07-07 09:58:59
WA,"Bullsbrook,Perth WA",2,FIFO / Mines,$31,2026-06-24 14:46:44
WA,"Bunbury,Bunbury & South West WA",193,Cleaning / Facilities,"$8,924",2026-07-07 10:03:23
WA,"Bunbury,Bunbury & South West WA(Hybrid)",2,Warehouse / Distribution,"$85,000",2026-06-29 11:20:06
WA,"Bunbury,Bunbury & South West WA(Remote)",1,Retail,$35,2026-06-28 14:17:51
WA,"Burekup,Bunbury & South West WA",1,Hospitality,$33,2026-06-24 09:52:11
WA,"Burswood,Perth WA",22,Retail,"$55,000",2026-07-07 10:03:23
WA,"Burswood,Perth WA(Hybrid)",2,Cleaning / Facilities,$59,2026-07-05 09:38:56
WA,"Busselton,Bunbury & South West WA",54,Hospitality,"$5,798",2026-07-07 10:03:23
WA,"Butler,Perth WA",6,Cleaning / Facilities,N/A,2026-06-30 14:55:06
WA,"Byford,Mandurah & Peel WA",15,Agriculture / Farms,$47,2026-07-07 09:58:59
WA,"CBD,Inner & Western Suburbs, Perth WA",1,Warehouse / Distribution,N/A,2026-06-30 14:50:22
WA,"Cable Beach,Broome & Kimberley WA",18,Cleaning / Facilities,N/A,2026-07-03 19:37:57
WA,"Calista,Perth WA",2,Hospitality,N/A,2026-06-29 04:37:48
WA,"Canning Bridge Applecross,Perth WA",2,Hospitality,$31,2026-07-06 11:02:05
WA,"Canning Vale,Perth WA",247,Agriculture / Farms,"$7,662",2026-07-07 10:03:23
WA,"Cannington,Perth WA",51,Retail,"$43,181",2026-07-07 09:54:13
WA,"Capel,Bunbury & South West WA",4,Agriculture / Farms,"$80,000",2026-07-05 19:33:08
WA,"Carabooda,Perth WA",7,Agriculture / Farms,"$72,000",2026-07-07 09:58:59
WA,"Cardup,Mandurah & Peel WA",2,Construction,$40,2026-07-06 15:46:18
WA,"Carine,Perth WA",3,Security,N/A,2026-06-28 09:41:29
WA,"Carlisle,Perth WA",4,Retail,$31,2026-07-03 09:53:25
WA,"Carmel,Perth WA",6,Cleaning / Facilities,$30,2026-07-05 09:37:49
WA,"Carnamah,Geraldton, Gascoyne & Midwest WA",11,Agriculture / Farms,N/A,2026-07-04 19:30:48
WA,"Carnarvon,Geraldton, Gascoyne & Midwest WA",8,Agriculture / Farms,"$15,031",2026-07-03 09:34:28
WA,"Castletown,Kalgoorlie, Goldfields & Esperance WA",2,Hospitality,"$80,000",2026-06-26 14:47:16
WA,"Casuarina,Perth WA",19,Agriculture / Farms,"$29,021",2026-07-06 11:03:38
WA,"Cataby,Northam & Wheatbelt WA",8,Agriculture / Farms,N/A,2026-07-07 09:58:59
WA,"Caversham,Perth WA",11,Hospitality,$31,2026-07-02 14:18:26
WA,"Christmas Island,Port Hedland, Karratha & Pilbara WA",3,Construction,$45,2026-07-03 19:37:57
WA,"City Beach,Perth WA",7,Cleaning / Facilities,N/A,2026-07-05 14:08:12
WA,"Claremont,Perth WA",19,Healthcare / Aged Care,"$13,014",2026-07-06 11:03:38
WA,"Claremont,Perth WA(Remote)",1,Retail,N/A,2026-07-02 14:32:28
WA,"Clarkson,Perth WA",13,Hospitality,$34,2026-07-03 14:33:47
WA,"Clarkson,Perth WA(Remote)",2,Hospitality,"$75,000",2026-06-29 04:37:48
WA,"Cloverdale,Perth WA",5,Retail,N/A,2026-06-30 04:21:02
WA,"Cockburn Central,Perth WA",30,Construction,"$35,375",2026-07-06 16:05:53
WA,"Collie,Bunbury & South West WA",37,Cleaning / Facilities,$41,2026-07-06 15:46:18
WA,"Como,Perth WA",8,Cleaning / Facilities,$32,2026-07-05 14:08:12
WA,"Coogee,Perth WA",6,Hospitality,$30,2026-07-03 14:33:47
WA,"Corrigin,Northam & Wheatbelt WA",1,FIFO / Mines,N/A,2026-06-23 04:07:16
WA,"Cottesloe,Perth WA",4,Hospitality,N/A,2026-06-30 10:04:26
WA,"Cottesloe,Perth WA(Remote)",2,Cleaning / Facilities,N/A,2026-07-04 14:11:28
WA,"Cowaramup,Bunbury & South West WA",9,Hospitality,N/A,2026-07-03 09:53:25
WA,"Craigie,Perth WA",6,Healthcare / Aged Care,"$30,017",2026-07-06 15:56:12
WA,"Cranbrook,Albany & Great Southern WA",6,Agriculture / Farms,$33,2026-06-30 14:36:38
WA,"Crawley,Perth WA",8,Hospitality,$37,2026-07-05 09:38:56
WA,"Cue,Geraldton, Gascoyne & Midwest WA",2,FIFO / Mines,N/A,2026-06-29 04:29:43
WA,"Currambine,Perth WA",2,Hospitality,N/A,2026-06-25 20:24:03
WA,"Daglish,Perth WA",2,Cleaning / Facilities,N/A,2026-06-26 10:02:33
WA,"Dalkeith,Perth WA",2,Hospitality,$32,2026-07-07 10:03:23
WA,"Dalyellup,Bunbury & South West WA",1,Healthcare / Aged Care,N/A,2026-06-29 16:12:17
WA,"Dampier,Port Hedland, Karratha & Pilbara WA",2,Logistics / Transport,N/A,2026-06-28 14:09:11
WA,"Dardanup,Bunbury & South West WA",3,Retail,$33,2026-07-03 14:39:38
WA,"Darlington,Perth WA",1,Construction,N/A,2026-06-28 09:19:47
WA,"Davenport,Bunbury & South West WA",9,Agriculture / Farms,N/A,2026-07-07 09:58:59
WA,"Dawesville,Mandurah & Peel WA",15,Retail,$26,2026-07-06 15:56:12
WA,"Denmark,Albany & Great Southern WA",10,Healthcare / Aged Care,"$26,191",2026-07-04 14:01:01
WA,"Derby,Broome & Kimberley WA",21,Cleaning / Facilities,"$23,300",2026-07-04 14:11:28
WA,"Dianella,Perth WA",4,Cleaning / Facilities,$38,2026-06-29 04:51:53
WA,"Donnybrook,Bunbury & South West WA",14,Agriculture / Farms,"$69,238",2026-07-07 09:58:59
WA,"Doubleview,Perth WA",3,Security,"$45,344",2026-06-30 14:55:06
WA,"Dowerin,Northam & Wheatbelt WA",1,Retail,$33,2026-06-28 14:18:07
WA,"Duncraig,Perth WA",6,Healthcare / Aged Care,N/A,2026-06-29 04:42:56
WA,"Dunsborough,Bunbury & South West WA",54,Cleaning / Facilities,"$9,176",2026-07-05 09:37:49
WA,"Durack,Broome & Kimberley WA",2,FIFO / Mines,N/A,2026-06-27 04:05:50
WA,"Dwellingup,Mandurah & Peel WA",3,Hospitality,$31,2026-06-24 04:14:34
WA,"Eagle Bay,Bunbury & South West WA",4,Hospitality,"$80,000",2026-07-05 09:27:28
WA,"East Fremantle,Perth WA",7,Construction,"$40,016",2026-07-06 11:02:05
WA,"East Perth,Perth WA",20,Cleaning / Facilities,"$46,013",2026-07-06 15:56:12
WA,"East Perth,Perth WA(Hybrid)",1,Healthcare / Aged Care,"$95,000",2026-06-28 14:15:19
WA,"East Rockingham,Perth WA",3,Construction,$58,2026-07-03 14:21:48
WA,"East Victoria Park,Perth WA",9,Healthcare / Aged Care,"$15,026",2026-07-04 19:37:29
WA,"Eastern Suburbs,Perth WA",5,Retail,N/A,2026-06-28 04:38:13
WA,"Edgewater,Perth WA",5,Warehouse / Distribution,N/A,2026-07-06 11:11:04
WA,"Ellenbrook,Perth WA",21,Retail,$33,2026-07-06 11:03:38
WA,"Eneabba,Geraldton, Gascoyne & Midwest WA",4,Construction,N/A,2026-07-03 03:48:02
WA,"Esperance,Kalgoorlie, Goldfields & Esperance WA",22,Agriculture / Farms,"$53,344",2026-07-07 10:03:23
WA,"Esperance,Kalgoorlie, Goldfields & Esperance WA(Hybrid)",3,Healthcare / Aged Care,N/A,2026-07-03 14:37:47
WA,"Exmouth,Geraldton, Gascoyne & Midwest WA",13,Construction,"$37,572",2026-07-06 20:28:48
WA,"Fitzroy Crossing,Broome & Kimberley WA",19,Hospitality,"$51,133",2026-07-04 14:01:01
WA,"Floreat,Perth WA",15,Retail,$31,2026-07-04 13:59:06
WA,"Forrestdale,Perth WA",30,Retail,"$26,461",2026-07-06 16:07:02
WA,"Forrestdale,Perth WA(Hybrid)",1,FIFO / Mines,N/A,2026-07-02 14:18:26
WA,"Forrestdale,Perth WA(Remote)",3,Agriculture / Farms,$38,2026-06-27 19:42:55
WA,"Forrestfield,Perth WA",23,Cleaning / Facilities,$37,2026-07-06 15:45:09
WA,"Fremantle,Perth WA",42,Hospitality,"$35,935",2026-07-07 10:03:23
WA,"Gairdner,Albany & Great Southern WA",13,Agriculture / Farms,N/A,2026-07-07 09:58:59
WA,"Garden Island,Perth WA",3,Construction,$45,2026-07-07 09:54:13
WA,"Geraldton,Geraldton, Gascoyne & Midwest WA",69,Retail,"$40,676",2026-07-07 09:54:13
WA,"Geraldton,Geraldton, Gascoyne & Midwest WA(Hybrid)",2,Warehouse / Distribution,$50,2026-06-28 14:21:56
WA,"Geraldton,Geraldton, Gascoyne & Midwest WA(Remote)",2,FIFO / Mines,$55,2026-07-05 19:30:17
WA,"Gidgegannup,Perth WA",6,Hospitality,$35,2026-07-07 10:03:23
WA,"Gnangara,Perth WA",42,Warehouse / Distribution,$33,2026-07-06 16:07:02
WA,"Gosnells,Perth WA",9,Cleaning / Facilities,"$70,019",2026-07-04 14:01:01
WA,"Greenbushes,Bunbury & South West WA",12,Retail,N/A,2026-07-03 03:48:02
WA,"Greenfields,Mandurah & Peel WA",1,Hospitality,N/A,2026-06-24 04:14:34
WA,"Guildford,Perth WA",5,Hospitality,"$200,000",2026-07-06 16:05:53
WA,"Gwelup,Perth WA",5,Cleaning / Facilities,$26,2026-07-05 09:37:49
WA,"Halls Creek,Broome & Kimberley WA",2,Retail,N/A,2026-06-29 20:19:10
WA,"Halls Head,Mandurah & Peel WA",11,Hospitality,N/A,2026-07-05 09:37:49
WA,"Hamilton Hill,Perth WA",2,Logistics / Transport,$31,2026-07-04 13:59:06
WA,"Hammond Park,Perth WA",1,Hospitality,N/A,2026-06-22 12:26:54
WA,"Harvey,Bunbury & South West WA",8,FIFO / Mines,$34,2026-06-30 09:55:06
WA,"Hazelmere,Perth WA",29,Warehouse / Distribution,$42,2026-07-06 16:07:02
WA,"Henderson,Perth WA",71,Construction,"$56,814",2026-07-06 16:05:53
WA,"Henley Brook,Perth WA",1,Hospitality,"$80,000",2026-07-05 09:27:28
WA,"Herne Hill,Perth WA",1,Construction,$35,2026-07-06 15:45:09
WA,"High Wycombe,Perth WA",22,Warehouse / Distribution,$35,2026-07-05 14:11:30
WA,"Highgate,Perth WA",5,Healthcare / Aged Care,$33,2026-07-03 14:37:47
WA,"Hillarys,Perth WA",19,Security,"$46,014",2026-07-06 15:56:12
WA,"Hilton,Perth WA",2,Cleaning / Facilities,N/A,2026-06-27 20:02:04
WA,"Hope Valley,Perth WA",33,Warehouse / Distribution,"$58,166",2026-07-06 16:07:02
WA,"Hopeland,Mandurah & Peel WA",4,Agriculture / Farms,N/A,2026-07-07 09:58:59
WA,"Hopetoun,Albany & Great Southern WA",1,Agriculture / Farms,N/A,2026-06-25 20:16:32
WA,"Inglewood,Perth WA",2,Hospitality,"$18,550",2026-07-06 15:56:12
WA,"Innaloo,Perth WA",5,Cleaning / Facilities,"$9,305",2026-06-29 16:12:18
WA,"Jandabup,Perth WA",3,Cleaning / Facilities,N/A,2026-07-03 09:53:25
WA,"Jandakot,Perth WA",45,Warehouse / Distribution,$35,2026-07-06 16:07:02
WA,"Jandakot,Perth WA(Remote)",5,Logistics / Transport,N/A,2026-07-03 14:30:45
WA,"Jarrahdale,Mandurah & Peel WA",1,Construction,$30,2026-07-06 15:45:09
WA,"Jerramungup,Albany & Great Southern WA",20,Agriculture / Farms,N/A,2026-07-04 19:30:48
WA,"Jolimont,Perth WA",1,Hospitality,N/A,2026-06-25 09:45:39
WA,"Joondalup,Perth WA",77,Hospitality,"$35,553",2026-07-06 11:02:05
WA,"Joondalup,Perth WA(Hybrid)",1,Healthcare / Aged Care,N/A,2026-06-28 14:15:19
WA,"Jurien Bay,Northam & Wheatbelt WA",1,Healthcare / Aged Care,N/A,2026-07-05 14:08:12
WA,"Kalamunda,Perth WA",9,Cleaning / Facilities,"$73,421",2026-07-05 09:38:56
WA,"Kalannie,Northam & Wheatbelt WA",11,Agriculture / Farms,"$75,000",2026-07-07 09:58:59
WA,"Kalbarri,Geraldton, Gascoyne & Midwest WA",4,Agriculture / Farms,$120,2026-06-25 20:16:32
WA,"Kalbarri,Geraldton, Gascoyne & Midwest WA(Remote)",2,FIFO / Mines,N/A,2026-07-03 09:33:19
WA,"Kalgoorlie,Goldfields & Esperance WA",15,FIFO / Mines,"$25,166",2026-07-06 11:11:04
WA,"Kalgoorlie,Kalgoorlie, Goldfields & Esperance WA",234,FIFO / Mines,"$6,918",2026-07-07 10:03:23
WA,"Kalgoorlie,Kalgoorlie, Goldfields & Esperance WA(Hybrid)",1,Cleaning / Facilities,N/A,2026-07-05 09:38:56
WA,"Kalgoorlie,Kalgoorlie, Goldfields & Esperance WA(Remote)",6,Construction,$65,2026-07-03 14:21:48
WA,"Kambalda West,Kalgoorlie, Goldfields & Esperance WA",9,Security,"$100,000",2026-07-06 20:28:48
WA,"Kardinya,Perth WA",4,Hospitality,"$37,345",2026-06-29 20:19:10
WA,"Karratha Industrial Estate,Port Hedland, Karratha & Pilbara WA",1,Warehouse / Distribution,"$18,550",2026-06-30 20:26:28
WA,"Karratha,Port Hedland, Karratha & Pilbara WA",141,Construction,"$18,039",2026-07-07 10:03:23
WA,"Karridale,Bunbury & South West WA",2,Agriculture / Farms,N/A,2026-07-03 09:34:28
WA,"Karrinyup,Perth WA",20,Retail,$26,2026-07-05 19:45:00
WA,"Katanning,Albany & Great Southern WA",1,Agriculture / Farms,N/A,2026-06-23 04:09:51
WA,"Kelmscott,Perth WA",4,Construction,"$23,358",2026-07-03 19:37:57
WA,"Kenwick,Perth WA",27,Logistics / Transport,"$12,530",2026-07-06 16:07:02
WA,"Kewdale,Perth WA",79,Warehouse / Distribution,"$19,324",2026-07-06 16:07:02
WA,"Kiara,Perth WA",2,Healthcare / Aged Care,$43,2026-06-29 20:20:53
WA,"Kings Park,Perth WA",7,Cleaning / Facilities,N/A,2026-07-03 09:41:05
WA,"Kojonup,Albany & Great Southern WA",1,Agriculture / Farms,N/A,2026-07-05 19:33:08
WA,"Kununurra,Broome & Kimberley WA",31,Healthcare / Aged Care,"$70,576",2026-07-06 15:56:12
WA,"Kununurra,Broome & Kimberley WA(Hybrid)",6,Agriculture / Farms,N/A,2026-07-07 09:58:59
WA,"Kwinana Beach,Perth WA",35,FIFO / Mines,$48,2026-07-06 20:28:48
WA,"Kwinana Town Centre,Perth WA",16,Security,$40,2026-06-30 10:15:12
WA,"Lake Grace,Northam & Wheatbelt WA",17,Agriculture / Farms,N/A,2026-07-07 09:58:59
WA,"Lakelands,Mandurah & Peel WA",2,Hospitality,N/A,2026-07-05 09:27:28
WA,"Landsdale,Perth WA",46,Agriculture / Farms,"$68,830",2026-07-06 16:07:02
WA,"Lathlain,Perth WA",4,Hospitality,"$77,000",2026-06-29 04:37:48
WA,"Laverton,Kalgoorlie, Goldfields & Esperance WA",3,FIFO / Mines,$866,2026-07-04 19:25:31
WA,"Leda,Perth WA",1,Cleaning / Facilities,N/A,2026-06-25 20:34:08
WA,"Leederville,Perth WA",13,Healthcare / Aged Care,N/A,2026-07-05 09:38:56
WA,"Leeming,Perth WA",1,Healthcare / Aged Care,N/A,2026-06-29 20:20:53
WA,"Leinster,Kalgoorlie, Goldfields & Esperance WA",2,Construction,$45,2026-06-25 20:18:02
WA,"Leonora,Kalgoorlie, Goldfields & Esperance WA",11,Construction,$50,2026-07-03 03:48:02
WA,"Lesmurdie,Perth WA",1,Hospitality,N/A,2026-06-23 04:12:39
WA,"Lower Chittering,Northam & Wheatbelt WA",1,Agriculture / Farms,N/A,2026-06-23 04:09:51
WA,"Maddington,Perth WA",21,Logistics / Transport,$37,2026-07-06 16:05:53
WA,"Maida Vale,Perth WA",4,Warehouse / Distribution,$36,2026-06-28 14:09:11
WA,"Malaga,Perth WA",133,Logistics / Transport,"$2,943",2026-07-06 20:28:48
WA,Mandurah & Peel WA,1,Construction,$61,2026-06-28 09:19:47
WA,"Mandurah,Mandurah & Peel WA",110,Hospitality,"$10,996",2026-07-07 09:54:13
WA,"Mandurah,Mandurah & Peel WA(Hybrid)",2,Healthcare / Aged Care,$45,2026-06-28 14:15:19
WA,"Manning,Perth WA",6,Cleaning / Facilities,"$15,900",2026-07-06 11:02:05
WA,"Marangaroo,Perth WA",3,Healthcare / Aged Care,"$18,500",2026-06-30 10:06:49
WA,"Marble Bar,Port Hedland, Karratha & Pilbara WA",2,Cleaning / Facilities,$37,2026-06-23 04:28:08
WA,"Margaret River,Bunbury & South West WA",27,Warehouse / Distribution,"$18,486",2026-07-07 09:58:59
WA,"Marmion,Perth WA",1,Hospitality,N/A,2026-06-25 09:46:17
WA,"Marradong,Mandurah & Peel WA",6,Hospitality,$35,2026-07-06 15:56:12
WA,"Martin,Perth WA",1,Agriculture / Farms,$35,2026-06-29 20:12:44
WA,"Maylands,Perth WA",9,Hospitality,"$80,000",2026-07-06 11:02:05
WA,"Meekatharra,Geraldton, Gascoyne & Midwest WA",3,Healthcare / Aged Care,$49,2026-07-03 14:37:47
WA,"Melville,Perth WA",19,Hospitality,$33,2026-07-05 09:37:49
WA,"Melville,Perth WA(Hybrid)",3,Healthcare / Aged Care,$35,2026-07-04 19:37:29
WA,"Menora,Perth WA",4,Hospitality,"$15,900",2026-07-03 09:53:25
WA,"Merredin,Northam & Wheatbelt WA",18,Agriculture / Farms,$120,2026-07-07 09:58:59
WA,"Middle Swan,Perth WA",1,Hospitality,N/A,2026-06-30 10:04:26
WA,"Midland,Perth WA",78,Hospitality,"$28,229",2026-07-07 10:03:23
WA,"Midvale,Perth WA",16,Retail,"$22,025",2026-07-05 09:32:53
WA,"Mindarie,Perth WA",10,Cleaning / Facilities,"$80,000",2026-07-05 09:27:28
WA,"Mirrabooka,Perth WA",2,Healthcare / Aged Care,$51,2026-06-25 20:23:24
WA,"Moora,Northam & Wheatbelt WA",25,Agriculture / Farms,"$120,000",2026-07-07 09:58:59
WA,"Moora,Northam & Wheatbelt WA(Hybrid)",1,Healthcare / Aged Care,N/A,2026-06-25 20:23:24
WA,"Morley,Perth WA",8,Hospitality,$34,2026-06-29 04:51:53
WA,"Mosman Park,Perth WA",3,Cleaning / Facilities,N/A,2026-07-01 04:46:10
WA,"Mount Barker,Albany & Great Southern WA",11,Retail,N/A,2026-07-04 13:59:06
WA,"Mount Claremont,Perth WA",2,Healthcare / Aged Care,$2,2026-07-06 11:03:38
WA,"Mount Hawthorn,Perth WA",9,Hospitality,$35,2026-07-03 19:48:29
WA,"Mount Lawley,Perth WA",14,Healthcare / Aged Care,$43,2026-07-05 14:08:12
WA,"Mount Magnet,Geraldton, Gascoyne & Midwest WA",1,Warehouse / Distribution,N/A,2026-06-30 20:26:28
WA,"Mount Pleasant,Perth WA",23,Hospitality,"$3,754",2026-07-07 10:03:23
WA,"Muchea,Northam & Wheatbelt WA",1,Retail,N/A,2026-06-26 14:54:05
WA,"Mukinbudin,Northam & Wheatbelt WA",3,Agriculture / Farms,N/A,2026-07-04 19:30:48
WA,"Mullaloo,Perth WA",7,Hospitality,$26,2026-07-06 11:02:05
WA,"Mundaring,Perth WA",17,Hospitality,"$13,272",2026-07-06 15:56:12
WA,"Murdoch,Perth WA",30,Healthcare / Aged Care,"$35,848",2026-07-06 11:02:05
WA,"Myalup,Bunbury & South West WA",17,Agriculture / Farms,$30,2026-07-07 10:03:23
WA,"Myaree,Perth WA",6,Construction,"$53,007",2026-06-30 09:52:16
WA,"Myrup,Kalgoorlie, Goldfields & Esperance WA",6,Cleaning / Facilities,N/A,2026-07-05 09:37:49
WA,"Nambeelup,Mandurah & Peel WA",11,Warehouse / Distribution,N/A,2026-07-05 14:11:30
WA,"Nambeelup,Mandurah & Peel WA(Remote)",18,Agriculture / Farms,"$110,000",2026-07-07 09:58:59
WA,"Nanutarra,Port Hedland, Karratha & Pilbara WA",1,Hospitality,"$80,000",2026-06-23 04:12:39
WA,"Narrogin,Northam & Wheatbelt WA",4,Healthcare / Aged Care,N/A,2026-07-04 14:01:01
WA,"Narrogin,Northam & Wheatbelt WA(Hybrid)",1,Healthcare / Aged Care,N/A,2026-07-02 14:30:42
WA,"Naturaliste,Bunbury & South West WA",5,Cleaning / Facilities,N/A,2026-07-03 09:53:25
WA,"Naval Base,Perth WA",17,Construction,"$43,658",2026-07-06 15:46:18
WA,"Nedlands,Perth WA",34,Healthcare / Aged Care,"$19,264",2026-07-06 11:03:38
WA,"Nedlands,Perth WA(Hybrid)",3,Healthcare / Aged Care,"$15,899",2026-07-03 14:37:47
WA,"Neerabup,Perth WA",32,Warehouse / Distribution,$33,2026-07-07 10:03:23
WA,"New Norcia,Northam & Wheatbelt WA",11,Agriculture / Farms,N/A,2026-07-04 19:30:48
WA,"Newman,Port Hedland, Karratha & Pilbara WA",22,Hospitality,"$67,395",2026-07-07 10:03:23
WA,"Nilgen,Northam & Wheatbelt WA",19,Agriculture / Farms,N/A,2026-07-04 19:30:48
WA,"Nollamara,Perth WA",6,Healthcare / Aged Care,$35,2026-07-02 14:30:57
WA,"Norseman,Kalgoorlie, Goldfields & Esperance WA",12,Hospitality,"$95,000",2026-07-06 15:56:12
WA,"Norseman,Kalgoorlie, Goldfields & Esperance WA(Remote)",4,Construction,$55,2026-07-03 19:37:57
WA,"North Beach,Perth WA",1,Hospitality,N/A,2026-06-29 04:37:48
WA,"North Fremantle,Perth WA",5,Warehouse / Distribution,$33,2026-07-07 10:03:23
WA,"North Jindong,Bunbury & South West WA",1,Agriculture / Farms,N/A,2026-07-07 09:58:59
WA,"North Perth,Perth WA",15,Retail,"$28,807",2026-07-05 19:45:00
WA,Northam & Wheatbelt WA,3,Agriculture / Farms,$140,2026-07-07 09:58:59
WA,"Northam,Northam & Wheatbelt WA",42,Cleaning / Facilities,"$36,826",2026-07-07 10:03:23
WA,"Northam,Northam & Wheatbelt WA(Hybrid)",3,Healthcare / Aged Care,"$70,000",2026-07-04 19:37:29
WA,"Northampton,Geraldton, Gascoyne & Midwest WA",24,Agriculture / Farms,"$136,875",2026-07-07 09:58:59
WA,"Northbridge,Perth WA",11,Security,"$79,014",2026-07-05 09:38:56
WA,"Northern Suburbs & Joondalup,Perth WA",17,Retail,$35,2026-07-06 15:56:12
WA,"Nowergup,Perth WA",1,Construction,$51,2026-06-29 20:08:10
WA,"Nullagine,Port Hedland, Karratha & Pilbara WA",2,FIFO / Mines,N/A,2026-06-25 14:49:05
WA,"O'Connor,Perth WA",34,Agriculture / Farms,$32,2026-07-06 15:45:09
WA,"O'Connor,Perth WA(Hybrid)",1,Logistics / Transport,N/A,2026-06-27 14:04:37
WA,"Oakford,Mandurah & Peel WA",8,Agriculture / Farms,"$100,000",2026-07-07 09:58:59
WA,"Ocean Reef,Perth WA",3,Cleaning / Facilities,N/A,2026-06-30 14:55:06
WA,"Onslow,Port Hedland, Karratha & Pilbara WA",13,FIFO / Mines,$160,2026-07-02 14:18:26
WA,"Orana,Albany & Great Southern WA",3,Retail,N/A,2026-06-29 20:25:40
WA,"Orange Grove,Perth WA",10,Cleaning / Facilities,$34,2026-07-03 09:53:25
WA,"Orange Springs,Northam & Wheatbelt WA",1,Agriculture / Farms,N/A,2026-07-07 09:58:59
WA,"Osborne Park,Perth WA",91,Warehouse / Distribution,"$31,659",2026-07-06 16:05:53
WA,"Osborne Park,Perth WA(Hybrid)",4,Healthcare / Aged Care,$32,2026-07-04 19:37:29
WA,"Palmyra,Perth WA",38,Agriculture / Farms,$33,2026-07-05 14:11:30
WA,"Pannawonica,Port Hedland, Karratha & Pilbara WA",2,Healthcare / Aged Care,N/A,2026-06-27 04:11:36
WA,"Parkerville,Perth WA",6,Construction,$35,2026-07-06 15:45:09
WA,"Pegs Creek,Port Hedland, Karratha & Pilbara WA",3,Hospitality,"$80,000",2026-07-06 15:56:12
WA,"Pemberton,Bunbury & South West WA",1,Healthcare / Aged Care,N/A,2026-06-23 04:18:00
WA,"Peppermint Grove,Perth WA",13,Cleaning / Facilities,$35,2026-07-01 04:46:10
WA,"Perenjori,Geraldton, Gascoyne & Midwest WA",11,FIFO / Mines,"$3,000",2026-07-03 09:33:19
WA,"Perth Airport,Perth WA",65,Hospitality,$248,2026-07-06 15:46:18
WA,"Perth Airport,Perth WA(Remote)",2,Cleaning / Facilities,"$87,500",2026-06-23 04:28:08
WA,Perth WA,1925,FIFO / Mines,"$15,766",2026-07-07 10:03:23
WA,Perth WA(Hybrid),40,Construction,"$36,778",2026-07-06 16:05:53
WA,Perth WA(Remote),57,Healthcare / Aged Care,"$23,210",2026-07-06 15:56:12
WA,"Piara Waters,Perth WA",2,Construction,N/A,2026-06-28 09:30:52
WA,"Picton East,Bunbury & South West WA",5,Construction,$75,2026-07-05 19:30:17
WA,"Picton,Bunbury & South West WA",5,Cleaning / Facilities,N/A,2026-06-30 10:15:12
WA,"Pindar,Geraldton, Gascoyne & Midwest WA",5,Agriculture / Farms,"$80,000",2026-07-07 09:58:59
WA,"Pinjarra,Mandurah & Peel WA",27,Hospitality,"$4,186",2026-07-05 14:01:56
WA,"Port Hedland,Karratha & Pilbara WA",41,FIFO / Mines,"$20,056",2026-07-05 19:30:17
WA,"Port Hedland,Port Hedland, Karratha & Pilbara WA",65,Construction,"$19,941",2026-07-07 09:54:13
WA,"Port Hedland,Port Hedland, Karratha & Pilbara WA(Hybrid)",2,FIFO / Mines,N/A,2026-07-05 19:30:17
WA,"Port Kennedy,Perth WA",10,Construction,"$8,167",2026-07-06 15:46:18
WA,"Quairading,Northam & Wheatbelt WA",6,Agriculture / Farms,"$85,000",2026-06-28 04:37:23
WA,"Quinns Rocks,Perth WA",1,Healthcare / Aged Care,N/A,2026-06-22 12:31:07
WA,"Ravenswood,Mandurah & Peel WA",10,Agriculture / Farms,"$105,000",2026-07-07 09:58:59
WA,"Redbank,Port Hedland, Karratha & Pilbara WA",1,Construction,N/A,2026-06-29 20:08:10
WA,"Redcliffe,Perth WA",5,Hospitality,N/A,2026-06-29 04:37:48
WA,"Riverton,Perth WA",8,Retail,$34,2026-07-05 19:45:00
WA,"Rivervale,Perth WA",5,Construction,$25,2026-07-03 09:53:25
WA,"Rockingham & Kwinana,Perth WA",5,Logistics / Transport,$40,2026-07-03 14:30:45
WA,"Rockingham,Perth WA",51,Security,"$7,758",2026-07-06 20:28:48
WA,"Rockingham,Perth WA(Hybrid)",2,Healthcare / Aged Care,N/A,2026-07-03 14:37:47
WA,"Roebourne,Port Hedland, Karratha & Pilbara WA",13,Healthcare / Aged Care,"$84,173",2026-07-04 19:37:29
WA,"Roleystone,Perth WA",2,Hospitality,$30,2026-06-29 04:37:48
WA,"Rottnest Island,Perth WA",3,Hospitality,"$53,011",2026-07-06 15:56:12
WA,"Safety Bay,Perth WA",1,Cleaning / Facilities,N/A,2026-06-22 08:21:41
WA,"Scarborough,Perth WA",11,Hospitality,"$47,237",2026-07-06 15:56:12
WA,"Secret Harbour,Perth WA",1,Retail,$36,2026-07-03 14:39:38
WA,"Shenton Park,Perth WA",8,Healthcare / Aged Care,N/A,2026-07-05 14:08:12
WA,"Shoalwater,Perth WA",1,Warehouse / Distribution,$32,2026-06-22 12:36:13
WA,"South Boulder,Kalgoorlie, Goldfields & Esperance WA",2,Healthcare / Aged Care,"$104,403",2026-06-28 14:15:19
WA,"South Bunbury,Bunbury & South West WA",5,Healthcare / Aged Care,N/A,2026-07-03 09:44:26
WA,"South Fremantle,Perth WA",3,Cleaning / Facilities,$32,2026-07-05 09:37:49
WA,"South Guildford,Perth WA",4,Warehouse / Distribution,N/A,2026-06-30 20:26:28
WA,"South Hedland,Port Hedland, Karratha & Pilbara WA",3,Retail,$32,2026-06-28 14:18:07
WA,"South Lake,Perth WA",2,Logistics / Transport,"$34,020",2026-07-06 11:03:38
WA,"South Perth,Perth WA",41,Hospitality,"$27,437",2026-07-07 10:03:23
WA,"Spearwood,Perth WA",13,Warehouse / Distribution,$35,2026-07-06 11:03:38
WA,"Stirling,Perth WA",14,Hospitality,$24,2026-07-05 09:38:56
WA,"Stoneville,Perth WA",1,Healthcare / Aged Care,$3,2026-06-22 12:31:07
WA,"Subiaco,Perth WA",28,Hospitality,"$40,787",2026-07-06 16:05:53
WA,"Subiaco,Perth WA(Hybrid)",2,Healthcare / Aged Care,N/A,2026-07-02 14:30:57
WA,"Success,Perth WA",10,Security,"$35,018",2026-07-05 19:49:43
WA,"Swanbourne,Perth WA",5,Cleaning / Facilities,N/A,2026-06-30 14:55:06
WA,"Tamala Park,Perth WA",2,Warehouse / Distribution,"$84,000",2026-07-02 14:18:26
WA,"Telfer,Port Hedland, Karratha & Pilbara WA",5,FIFO / Mines,N/A,2026-07-02 14:18:26
WA,"Telfer,Port Hedland, Karratha & Pilbara WA(Remote)",2,Construction,$83,2026-06-30 20:06:10
WA,"Three Springs,Geraldton, Gascoyne & Midwest WA",2,Cleaning / Facilities,N/A,2026-07-05 09:37:49
WA,"Tom Price,Port Hedland, Karratha & Pilbara WA",2,Cleaning / Facilities,"$92,937",2026-06-29 04:51:53
WA,"Toodyay,Northam & Wheatbelt WA",4,Cleaning / Facilities,$34,2026-07-04 14:11:28
WA,"Trayning,Northam & Wheatbelt WA",4,Cleaning / Facilities,N/A,2026-07-04 14:11:28
WA,"Trigg,Perth WA",3,Hospitality,N/A,2026-07-04 13:59:06
WA,"Tuart Hill,Perth WA",6,Retail,$28,2026-07-03 14:32:24
WA,"Upper Swan,Perth WA",1,Logistics / Transport,N/A,2026-06-22 12:23:31
WA,"Varley,Northam & Wheatbelt WA",2,Agriculture / Farms,N/A,2026-07-07 09:58:59
WA,"Vasse,Bunbury & South West WA",6,Retail,N/A,2026-07-03 14:39:38
WA,"Victoria Park,Perth WA",11,Security,N/A,2026-07-06 15:45:09
WA,"Waddington,Northam & Wheatbelt WA",7,Agriculture / Farms,"$90,000",2026-07-03 09:34:28
WA,"Wagerup,Mandurah & Peel WA",4,Cleaning / Facilities,$32,2026-06-30 09:52:16
WA,"Wagin,Northam & Wheatbelt WA",7,Cleaning / Facilities,$33,2026-07-05 09:37:49
WA,"Waikiki,Perth WA",8,Hospitality,N/A,2026-07-06 11:03:38
WA,"Wandi,Perth WA",1,Logistics / Transport,$32,2026-07-03 19:47:19
WA,"Wanerie,Northam & Wheatbelt WA",7,Agriculture / Farms,N/A,2026-07-05 09:19:52
WA,"Wangara,Perth WA",90,Warehouse / Distribution,"$25,230",2026-07-06 16:07:02
WA,"Wannamal,Northam & Wheatbelt WA",7,Agriculture / Farms,$30,2026-07-04 19:30:48
WA,"Wanneroo,Perth WA",25,Cleaning / Facilities,$36,2026-07-03 20:04:26
WA,"Warnbro,Perth WA",4,Healthcare / Aged Care,N/A,2026-07-06 11:03:38
WA,"Waroona,Mandurah & Peel WA",4,Logistics / Transport,$30,2026-06-30 14:41:07
WA,"Waterford,Perth WA",9,Hospitality,N/A,2026-06-30 14:41:59
WA,"Wattle Grove,Perth WA",1,Hospitality,$32,2026-06-24 09:52:11
WA,"Wattleup,Perth WA",14,FIFO / Mines,"$15,233",2026-07-05 09:23:35
WA,"Wedgefield,Port Hedland, Karratha & Pilbara WA",6,Construction,$69,2026-07-06 15:45:09
WA,"Wellard,Perth WA",4,Healthcare / Aged Care,$34,2026-07-05 14:01:56
WA,"Wellesley,Bunbury & South West WA",2,FIFO / Mines,N/A,2026-06-30 09:55:06
WA,"Welshpool,Perth WA",139,Logistics / Transport,"$19,650",2026-07-06 16:07:02
WA,"Wembley Downs,Perth WA",7,Cleaning / Facilities,N/A,2026-06-30 14:55:06
WA,"Wembley,Perth WA",5,Warehouse / Distribution,N/A,2026-07-03 09:44:26
WA,"West Leederville,Perth WA",19,Security,$39,2026-07-02 14:30:57
WA,"West Perth,Perth WA",50,Hospitality,"$79,631",2026-07-06 20:28:48
WA,"West Perth,Perth WA(Hybrid)",2,Warehouse / Distribution,N/A,2026-07-06 11:11:04
WA,"West Swan,Perth WA",2,Healthcare / Aged Care,"$104,403",2026-07-06 11:03:38
WA,Western Australia,5,Hospitality,N/A,2026-07-01 04:38:45
WA,"Westminster,Perth WA",3,Retail,$31,2026-07-01 04:38:45
WA,"Wickham,Port Hedland, Karratha & Pilbara WA",6,Cleaning / Facilities,N/A,2026-07-05 09:37:49
WA,"Willagee,Perth WA",1,Healthcare / Aged Care,N/A,2026-06-22 12:31:07
WA,"Willetton,Perth WA",5,Healthcare / Aged Care,$35,2026-07-05 14:08:12
WA,"Willetton,Perth WA(Remote)",2,Construction,"$90,000",2026-06-29 04:28:37
WA,"Wiluna,Kalgoorlie, Goldfields & Esperance WA",24,FIFO / Mines,N/A,2026-07-03 14:30:45
WA,"Wilyabrup,Bunbury & South West WA",10,Hospitality,"$80,000",2026-07-05 09:27:28
WA,"Winthrop,Perth WA",2,Healthcare / Aged Care,$40,2026-07-04 14:01:01
WA,"Witchcliffe,Bunbury & South West WA",1,Logistics / Transport,$4,2026-06-27 04:05:50
WA,"Wongan Hills,Northam & Wheatbelt WA(Remote)",2,Retail,N/A,2026-06-29 11:28:14
WA,"Woodvale,Perth WA",2,Construction,$50,2026-06-30 14:33:27
WA,"Woottating,Northam & Wheatbelt WA",5,FIFO / Mines,$35,2026-07-03 14:30:45
WA,"Yalgoo,Geraldton, Gascoyne & Midwest WA",2,Hospitality,N/A,2026-06-27 13:58:28
WA,"Yallingup,Bunbury & South West WA",2,Cleaning / Facilities,N/A,2026-06-27 20:02:04
WA,"Yanchep,Perth WA",2,Hospitality,"$75,000",2026-07-05 09:27:28
WA,"Yangebup,Perth WA",1,Hospitality,N/A,2026-06-22 12:27:33
WA,"Yokine,Perth WA",3,Retail,"$35,014",2026-07-05 14:08:12
WA,"York,Northam & Wheatbelt WA",1,Agriculture / Farms,N/A,2026-06-24 09:49:11
WA,"Yornup,Bunbury & South West WA",2,Agriculture / Farms,N/A,2026-07-02 14:18:26
WA,"Yuna,Geraldton, Gascoyne & Midwest WA",3,Agriculture / Farms,N/A,2026-07-04 19:30:48
WA,atAIM Construction Group WA,1,Construction,N/A,2026-06-24 09:42:55
WA,atAbility WA,2,Healthcare / Aged Care,$114,2026-07-03 14:37:47
WA,atAllSealedWA,2,Construction,"$80,000",2026-06-29 04:28:37
WA,atAlphaSealed WA,1,Construction,N/A,2026-06-29 04:28:37
WA,atAnglicare WA,8,Healthcare / Aged Care,"$21,775",2026-07-03 14:37:47
WA,atApace WA,1,Agriculture / Farms,"$74,000",2026-06-22 08:04:51
WA,atAutism Association of WA (Inc),3,Healthcare / Aged Care,N/A,2026-06-29 20:20:53
WA,atBanhams WA Plumbing Gas and Fire Service s,1,Construction,$50,2026-07-03 19:37:57
WA,"atCPB Contractors WA, SA & NT",1,Construction,N/A,2026-06-23 04:02:52
WA,atCapital Transport WA,2,Warehouse / Distribution,"$32,550",2026-07-02 14:24:28
WA,atCeramafix WA Pty Ltd,1,Construction,"$120,000",2026-06-29 04:28:37
WA,atCoast Homes WA Pty Ltd,2,Security,N/A,2026-06-30 10:13:17
WA,atCompassionate Care WA,1,Warehouse / Distribution,$35,2026-07-06 11:11:04
WA,atComplete Bathrooms WA PTY LTD,2,Construction,$60,2026-07-03 14:21:48
WA,atConstructability WA Pty Ltd,2,Construction,"$200,000",2026-07-03 14:23:41
WA,atDepartment of Justice WA - Corrective Services,2,Security,"$97,610",2026-06-29 20:29:32
WA,atEnable Western Australia,1,Healthcare / Aged Care,$45,2026-06-26 20:12:15
WA,atFRESHWATER QUALITY MANAGEMENT,2,Hospitality,N/A,2026-06-23 04:13:18
WA,atFine Food WA,10,Hospitality,"$66,250",2026-07-06 15:56:12
WA,atFoodbank WA,8,Warehouse / Distribution,$32,2026-07-06 16:05:53
WA,atFrontline Retail WA,2,Logistics / Transport,$80,2026-07-05 14:01:56
WA,atFuel Distributors of Western Australia,1,FIFO / Mines,$45,2026-07-02 14:18:26
WA,atGPRWA Unit Trust,1,Hospitality,"$82,000",2026-07-05 09:27:28
WA,atGough Recruitment WA,1,Cleaning / Facilities,$150,2026-07-05 09:38:56
WA,atImpact Plumbing WA,5,Construction,$65,2026-07-03 14:21:48
WA,atKleenduct WA Pty Ltd,6,Cleaning / Facilities,$34,2026-06-29 16:23:38
WA,atLegwork WA,1,Construction,$40,2026-06-24 09:42:28
WA,atMAP WA,4,Warehouse / Distribution,N/A,2026-06-28 14:07:55
WA,atMIFWA (Mental Illness Fellowship of WA),2,Healthcare / Aged Care,$50,2026-07-03 14:37:47
WA,atMSWA,5,Cleaning / Facilities,$40,2026-07-05 09:38:56
WA,atMann building group WA pty ltd,1,Construction,$60,2026-07-03 19:37:57
WA,atMass Resources WA,1,Construction,$68,2026-06-30 20:06:10
WA,atMsc Constructions WA,5,Construction,$35,2026-06-30 14:33:27
WA,atNorths Flowers WA,1,Hospitality,N/A,2026-06-30 04:18:17
WA,atNorthstar Plumbing Services WA,1,Construction,$48,2026-06-29 11:11:32
WA,atOM & WA PTY LTD Trading As DUMBLEYUNG ROADHOUSE CAFE & RESTAURANT,3,Hospitality,"$78,000",2026-06-26 14:47:16
WA,atPRACWA,2,Security,$36,2026-06-26 20:20:56
WA,atPortable Buildings WA TA. Summit Shutter,4,Construction,$50,2026-07-07 09:54:13
WA,atProlineConcrete WA Pty Ltd,1,Construction,N/A,2026-06-23 04:02:52
WA,atProtech WA,1,Construction,N/A,2026-07-06 15:45:09
WA,atRAAFA WA,13,Hospitality,"$18,549",2026-07-06 15:56:12
WA,atRACWA,9,Security,$68,2026-07-05 19:49:43
WA,atRed Rock Services (WA) Pty Ltd,1,Construction,N/A,2026-06-29 20:08:10
WA,atRespiratory Care WA,3,Healthcare / Aged Care,"$85,000",2026-07-06 11:03:38
WA,atRetirees WA Inc.,2,Cleaning / Facilities,"$90,000",2026-07-03 09:53:25
WA,atRichmind WA,1,Healthcare / Aged Care,$36,2026-06-26 20:12:15
WA,atSea Containers WA,1,Logistics / Transport,$28,2026-06-25 20:19:18
WA,atSimm Group (WA) Pty Ltd,3,Hospitality,$33,2026-06-30 14:41:59
WA,atSkin Check WA,1,Healthcare / Aged Care,$40,2026-07-06 11:03:38
WA,atSouthern Cross Care WA,6,Hospitality,"$18,550",2026-07-03 09:44:26
WA,atSparks and Spanners WA,1,Construction,"$110,000",2026-06-28 09:19:47
WA,atSt Basil's Aged Care WA,2,Healthcare / Aged Care,$30,2026-07-04 14:01:01
WA,atSt John Ambulance WA,2,Logistics / Transport,N/A,2026-07-02 14:24:28
WA,atTHE SINK WAREHOUSE,2,Retail,$32,2026-06-30 14:49:14
WA,atTekk Group WA Pty Ltd,2,Construction,N/A,2026-06-30 09:52:16
WA,atThe Returned & Services League of Australia WA Branch Incorporated,2,Hospitality,N/A,2026-06-27 14:07:35
WA,atThe University Club of Western Australia,2,Hospitality,N/A,2026-07-06 15:56:12
WA,atThe University of Western Australia,2,Healthcare / Aged Care,"$75,099",2026-07-03 09:34:28
WA,atTrade Academy WA,1,Construction,"$37,211",2026-06-24 09:42:28
WA,atTransdev WA Pty Ltd,1,Logistics / Transport,$37,2026-07-05 09:23:35
WA,atTrodan Produce (WA) Pty Ltd,14,Agriculture / Farms,"$100,000",2026-07-07 09:58:59
WA,atTruck Centre (WA) Pty Ltd,1,Warehouse / Distribution,N/A,2026-06-29 04:45:45
WA,atUWA Student Guild,3,Hospitality,N/A,2026-07-06 11:02:05
WA,atUtmost Solutions WA,1,Healthcare / Aged Care,N/A,2026-06-22 12:31:07
WA,atWA Birds of Prey,1,Agriculture / Farms,N/A,2026-07-03 09:34:28
WA,atWA Container Exchange,2,Agriculture / Farms,$30,2026-06-30 14:41:07
WA,atWA Country Health Service,27,Healthcare / Aged Care,$2,2026-07-04 19:37:29
WA,atWA Direct Plasterboard,3,FIFO / Mines,$31,2026-06-27 04:05:50
WA,atWA Farm Direct,11,Agriculture / Farms,N/A,2026-07-05 09:19:52
WA,atWA Hair and Beauty,5,Retail,$32,2026-06-30 14:49:14
WA,atWA Health,8,Healthcare / Aged Care,$5,2026-07-06 11:03:38
WA,atWA Limestone,2,FIFO / Mines,N/A,2026-06-28 04:39:19
WA,atWA PCYC,1,Cleaning / Facilities,N/A,2026-07-05 09:37:49
WA,atWA Treeworks,6,Agriculture / Farms,$29,2026-06-30 14:36:38
WA,atWA Universal,4,Warehouse / Distribution,$40,2026-07-06 15:45:09
WA,atWA Vehicle Transport Py Ltd,3,Logistics / Transport,N/A,2026-07-05 14:01:56
WA,atWA iBuild Property Services PTY LTD,2,Construction,$45,2026-06-29 04:28:37
WA,atWASCA,2,Logistics / Transport,$28,2026-06-30 04:27:59
WA,atWestern Australian Specialty Alloys Pty. Ltd.,3,Warehouse / Distribution,$34,2026-06-30 09:55:06
WA,atWorkforce WA Labour Hire,13,Warehouse / Distribution,$37,2026-07-06 11:11:04
WA,atYMCA WA,5,Security,"$13,261",2026-06-29 20:19:10
